solid pi-midi-host-enclosure-shell
facet normal 1.0 0.0 -3.548439167088731e-32
  outer loop
    vertex 8.528896104438546 30.83629314157635 16.8
    vertex 8.528896104438546 17.21709509649457 24.500000000000004
    vertex 8.528896104438546 17.21709509649457 16.8
  endloop
endfacet
facet normal 1.0 0.0 -3.548439167088731e-32
  outer loop
    vertex 8.528896104438546 17.21709509649457 24.500000000000004
    vertex 8.528896104438546 30.83629314157635 16.8
    vertex 8.528896104438546 30.83629314157635 24.500000000000004
  endloop
endfacet
facet normal 1.0 -5.947553988096956e-14 0.0
  outer loop
    vertex 10.503051233178684 12.561986836725353 0.0
    vertex 10.503051233178637 11.755950770482709 24.500000000000004
    vertex 10.503051233178637 11.755950770482709 0.0
  endloop
endfacet
facet normal 1.0 -5.947553988096956e-14 0.0
  outer loop
    vertex 10.503051233178637 11.755950770482709 24.500000000000004
    vertex 10.503051233178684 12.561986836725353 0.0
    vertex 10.503051233178684 12.561986836725353 24.500000000000004
  endloop
endfacet
facet normal 0.9466496404951334 -0.32226457787109464 0.0
  outer loop
    vertex 8.620738624230059 17.530651508971225 0.0
    vertex 8.57140459432672 17.385733187569944 16.8
    vertex 8.57140459432672 17.385733187569944 0.0
  endloop
endfacet
facet normal 0.9466496404951334 -0.32226457787109464 0.0
  outer loop
    vertex 8.57140459432672 17.385733187569944 16.8
    vertex 8.620738624230059 17.530651508971225 0.0
    vertex 8.620738624230059 17.530651508971225 16.8
  endloop
endfacet
facet normal 0.8820920037749199 -0.4710771665835085 0.0
  outer loop
    vertex 8.753778976029842 17.80612657919437 0.0
    vertex 8.681663898485372 17.67109109506141 16.8
    vertex 8.681663898485372 17.67109109506141 0.0
  endloop
endfacet
facet normal 0.8820920037749199 -0.4710771665835085 0.0
  outer loop
    vertex 8.681663898485372 17.67109109506141 16.8
    vertex 8.753778976029842 17.80612657919437 0.0
    vertex 8.753778976029842 17.80612657919437 16.8
  endloop
endfacet
facet normal 0.829118527161728 0.5590728645866899 0.0
  outer loop
    vertex 8.528896104438546 15.489706453272744 0.0
    vertex 10.503051233178684 12.561986836725353 24.500000000000004
    vertex 10.503051233178684 12.561986836725353 0.0
  endloop
endfacet
facet normal 0.829118527161728 0.5590728645866899 0.0
  outer loop
    vertex 10.503051233178684 12.561986836725353 24.500000000000004
    vertex 8.528896104438546 15.489706453272744 0.0
    vertex 8.528896104438546 15.489706453272744 24.500000000000004
  endloop
endfacet
facet normal 0.9696685302492379 -0.244423692477392 0.0
  outer loop
    vertex 8.57140459432672 17.385733187569944 0.0
    vertex 8.528896104438546 17.21709509649457 16.8
    vertex 8.528896104438546 17.21709509649457 0.0
  endloop
endfacet
facet normal 0.9696685302492379 -0.244423692477392 0.0
  outer loop
    vertex 8.528896104438546 17.21709509649457 16.8
    vertex 8.57140459432672 17.385733187569944 0.0
    vertex 8.57140459432672 17.385733187569944 16.8
  endloop
endfacet
facet normal 1.0 0.0 0.0
  outer loop
    vertex 8.528896104438546 17.21709509649457 0.0
    vertex 8.528896104438546 15.489706453272744 24.500000000000004
    vertex 8.528896104438546 15.489706453272744 0.0
  endloop
endfacet
facet normal 1.0 0.0 0.0
  outer loop
    vertex 8.528896104438546 15.489706453272744 24.500000000000004
    vertex 8.528896104438546 17.21709509649457 0.0
    vertex 8.528896104438546 17.21709509649457 24.500000000000004
  endloop
endfacet
facet normal 1.0 0.0 0.0
  outer loop
    vertex 8.528896104438546 17.21709509649457 24.500000000000004
    vertex 8.528896104438546 17.21709509649457 0.0
    vertex 8.528896104438546 17.21709509649457 16.8
  endloop
endfacet
facet normal 0.9173932074152938 -0.39798203852470515 0.0
  outer loop
    vertex 8.681663898485372 17.67109109506141 0.0
    vertex 8.620738624230059 17.530651508971225 16.8
    vertex 8.620738624230059 17.530651508971225 0.0
  endloop
endfacet
facet normal 0.9173932074152938 -0.39798203852470515 0.0
  outer loop
    vertex 8.620738624230059 17.530651508971225 16.8
    vertex 8.681663898485372 17.67109109506141 0.0
    vertex 8.681663898485372 17.67109109506141 16.8
  endloop
endfacet
facet normal -0.28709582542863477 0.957901867114503 0.0
  outer loop
    vertex 71.53579810258186 6.972571432756991 24.500000000000004
    vertex 71.61339949086681 6.995829592479748 0.0
    vertex 71.53579810258186 6.972571432756991 0.0
  endloop
endfacet
facet normal -0.28709582542863477 0.957901867114503 0.0
  outer loop
    vertex 71.61339949086681 6.995829592479748 0.0
    vertex 71.53579810258186 6.972571432756991 24.500000000000004
    vertex 71.61339949086681 6.995829592479748 24.500000000000004
  endloop
endfacet
facet normal -0.5606246770545437 0.8280700281241249 0.0
  outer loop
    vertex 72.67945535192318 7.656934553406261 24.500000000000004
    vertex 72.70771591627478 7.676067681311987 0.0
    vertex 72.67945535192318 7.656934553406261 0.0
  endloop
endfacet
facet normal -0.5606246770545437 0.8280700281241249 0.0
  outer loop
    vertex 72.70771591627478 7.676067681311987 0.0
    vertex 72.67945535192318 7.656934553406261 24.500000000000004
    vertex 72.70771591627478 7.676067681311987 24.500000000000004
  endloop
endfacet
facet normal -0.1196161685223681 0.9928202114320743 0.0
  outer loop
    vertex 71.13837467477411 6.896790220211422 24.500000000000004
    vertex 71.21880486221784 6.906480545554089 0.0
    vertex 71.13837467477411 6.896790220211422 0.0
  endloop
endfacet
facet normal -0.1196161685223681 0.9928202114320743 0.0
  outer loop
    vertex 71.21880486221784 6.906480545554089 0.0
    vertex 71.13837467477411 6.896790220211422 24.500000000000004
    vertex 71.21880486221784 6.906480545554089 24.500000000000004
  endloop
endfacet
facet normal -0.05136450127509929 0.9986799727684341 0.0
  outer loop
    vertex 70.97675487534755 6.88569929270366 24.500000000000004
    vertex 71.0576597728115 6.889860425220846 0.0
    vertex 70.97675487534755 6.88569929270366 0.0
  endloop
endfacet
facet normal -0.05136450127509929 0.9986799727684341 0.0
  outer loop
    vertex 71.0576597728115 6.889860425220846 0.0
    vertex 70.97675487534755 6.88569929270366 24.500000000000004
    vertex 71.0576597728115 6.889860425220846 24.500000000000004
  endloop
endfacet
facet normal -0.017128200411785234 0.999853301615119 0.0
  outer loop
    vertex 70.89789191973179 6.884348314008415 24.500000000000004
    vertex 70.97675487534755 6.88569929270366 0.0
    vertex 70.89789191973179 6.884348314008415 0.0
  endloop
endfacet
facet normal -0.017128200411785234 0.999853301615119 0.0
  outer loop
    vertex 70.97675487534755 6.88569929270366 0.0
    vertex 70.89789191973179 6.884348314008415 24.500000000000004
    vertex 70.97675487534755 6.88569929270366 24.500000000000004
  endloop
endfacet
facet normal -0.5640976175948547 0.8257081069141863 0.0
  outer loop
    vertex 71.86058669714456 7.089574142301199 24.500000000000004
    vertex 72.61201833335303 7.602928428423835 0.0
    vertex 71.86058669714456 7.089574142301199 0.0
  endloop
endfacet
facet normal -0.5640976175948547 0.8257081069141863 0.0
  outer loop
    vertex 72.61201833335303 7.602928428423835 0.0
    vertex 71.86058669714456 7.089574142301199 24.500000000000004
    vertex 72.61201833335303 7.602928428423835 24.500000000000004
  endloop
endfacet
facet normal -0.38385533570034763 0.9233932430196649 0.0
  outer loop
    vertex 71.76598572055845 7.050248438003979 24.500000000000004
    vertex 71.86058669714456 7.089574142301199 0.0
    vertex 71.76598572055845 7.050248438003979 0.0
  endloop
endfacet
facet normal -0.38385533570034763 0.9233932430196649 0.0
  outer loop
    vertex 71.86058669714456 7.089574142301199 0.0
    vertex 71.76598572055845 7.050248438003979 24.500000000000004
    vertex 71.86058669714456 7.089574142301199 24.500000000000004
  endloop
endfacet
facet normal -0.187306521721338 0.9823015152796285 0.0
  outer loop
    vertex 71.29885595023711 6.918920029642354 24.500000000000004
    vertex 71.37843399880055 6.93409407472926 0.0
    vertex 71.29885595023711 6.918920029642354 0.0
  endloop
endfacet
facet normal -0.187306521721338 0.9823015152796285 0.0
  outer loop
    vertex 71.37843399880055 6.93409407472926 0.0
    vertex 71.29885595023711 6.918920029642354 24.500000000000004
    vertex 71.37843399880055 6.93409407472926 24.500000000000004
  endloop
endfacet
facet normal -0.2541179153007872 0.9671732446274462 0.0
  outer loop
    vertex 71.45744562298877 6.951984874057767 24.500000000000004
    vertex 71.53579810258186 6.972571432756991 0.0
    vertex 71.45744562298877 6.951984874057767 0.0
  endloop
endfacet
facet normal -0.2541179153007872 0.9671732446274462 0.0
  outer loop
    vertex 71.53579810258186 6.972571432756991 0.0
    vertex 71.45744562298877 6.951984874057767 24.500000000000004
    vertex 71.53579810258186 6.972571432756991 24.500000000000004
  endloop
endfacet
facet normal -0.08554052584492113 0.9963346919776379 0.0
  outer loop
    vertex 71.0576597728115 6.889860425220846 24.500000000000004
    vertex 71.13837467477411 6.896790220211422 0.0
    vertex 71.0576597728115 6.889860425220846 0.0
  endloop
endfacet
facet normal -0.08554052584492113 0.9963346919776379 0.0
  outer loop
    vertex 71.13837467477411 6.896790220211422 0.0
    vertex 71.0576597728115 6.889860425220846 24.500000000000004
    vertex 71.13837467477411 6.896790220211422 24.500000000000004
  endloop
endfacet
facet normal -0.15355144150674827 0.9881406553781703 0.0
  outer loop
    vertex 71.21880486221784 6.906480545554089 24.500000000000004
    vertex 71.29885595023711 6.918920029642354 0.0
    vertex 71.21880486221784 6.906480545554089 0.0
  endloop
endfacet
facet normal -0.15355144150674827 0.9881406553781703 0.0
  outer loop
    vertex 71.29885595023711 6.918920029642354 0.0
    vertex 71.21880486221784 6.906480545554089 24.500000000000004
    vertex 71.29885595023711 6.918920029642354 24.500000000000004
  endloop
endfacet
facet normal -0.352002619722349 0.9359990148010859 0.0
  outer loop
    vertex 71.69015872253748 7.021732059752519 24.500000000000004
    vertex 71.76598572055845 7.050248438003979 0.0
    vertex 71.69015872253748 7.021732059752519 0.0
  endloop
endfacet
facet normal -0.352002619722349 0.9359990148010859 0.0
  outer loop
    vertex 71.76598572055845 7.050248438003979 0.0
    vertex 71.69015872253748 7.021732059752519 24.500000000000004
    vertex 71.76598572055845 7.050248438003979 24.500000000000004
  endloop
endfacet
facet normal -0.6403548029560794 0.7680792448250903 0.0
  outer loop
    vertex 72.61201833335303 7.602928428423835 24.500000000000004
    vertex 72.65218451822558 7.636415349952888 0.0
    vertex 72.61201833335303 7.602928428423835 0.0
  endloop
endfacet
facet normal -0.6403548029560794 0.7680792448250903 0.0
  outer loop
    vertex 72.65218451822558 7.636415349952888 0.0
    vertex 72.61201833335303 7.602928428423835 24.500000000000004
    vertex 72.65218451822558 7.636415349952888 24.500000000000004
  endloop
endfacet
facet normal -0.3197368283188487 0.9475063908051509 0.0
  outer loop
    vertex 71.61339949086681 6.995829592479748 24.500000000000004
    vertex 71.69015872253748 7.021732059752519 0.0
    vertex 71.61339949086681 6.995829592479748 0.0
  endloop
endfacet
facet normal -0.3197368283188487 0.9475063908051509 0.0
  outer loop
    vertex 71.69015872253748 7.021732059752519 0.0
    vertex 71.61339949086681 6.995829592479748 24.500000000000004
    vertex 71.69015872253748 7.021732059752519 24.500000000000004
  endloop
endfacet
facet normal -0.220841797545877 0.9753096433731732 0.0
  outer loop
    vertex 71.37843399880055 6.93409407472926 24.500000000000004
    vertex 71.45744562298877 6.951984874057767 0.0
    vertex 71.37843399880055 6.93409407472926 0.0
  endloop
endfacet
facet normal -0.220841797545877 0.9753096433731732 0.0
  outer loop
    vertex 71.45744562298877 6.951984874057767 0.0
    vertex 71.37843399880055 6.93409407472926 24.500000000000004
    vertex 71.45744562298877 6.951984874057767 24.500000000000004
  endloop
endfacet
facet normal -0.6012384313829163 0.7990696769545259 0.0
  outer loop
    vertex 72.65218451822558 7.636415349952888 24.500000000000004
    vertex 72.67945535192318 7.656934553406261 0.0
    vertex 72.65218451822558 7.636415349952888 0.0
  endloop
endfacet
facet normal -0.6012384313829163 0.7990696769545259 0.0
  outer loop
    vertex 72.67945535192318 7.656934553406261 0.0
    vertex 72.65218451822558 7.636415349952888 24.500000000000004
    vertex 72.67945535192318 7.656934553406261 24.500000000000004
  endloop
endfacet
facet normal -0.5186146884206775 0.8550080730345907 0.0
  outer loop
    vertex 72.70771591627478 7.676067681311987 24.500000000000004
    vertex 72.73689582841816 7.693767082664623 0.0
    vertex 72.70771591627478 7.676067681311987 0.0
  endloop
endfacet
facet normal -0.5186146884206775 0.8550080730345907 0.0
  outer loop
    vertex 72.73689582841816 7.693767082664623 0.0
    vertex 72.70771591627478 7.676067681311987 24.500000000000004
    vertex 72.73689582841816 7.693767082664623 24.500000000000004
  endloop
endfacet
facet normal 0.051528043783666516 0.9986715479595024 0.0
  outer loop
    vertex 14.072267596336753 7.804240048015223 24.500000000000004
    vertex 14.590369744168427 7.777507745275218 0.0
    vertex 14.072267596336753 7.804240048015223 0.0
  endloop
endfacet
facet normal 0.051528043783666516 0.9986715479595024 0.0
  outer loop
    vertex 14.590369744168427 7.777507745275218 0.0
    vertex 14.072267596336753 7.804240048015223 24.500000000000004
    vertex 14.590369744168427 7.777507745275218 24.500000000000004
  endloop
endfacet
facet normal 0.30824748468268964 0.9513062010660894 0.0
  outer loop
    vertex 13.049363218934019 8.063143936632434 24.500000000000004
    vertex 13.55233067893723 7.900169644811897 0.0
    vertex 13.049363218934019 8.063143936632434 0.0
  endloop
endfacet
facet normal 0.30824748468268964 0.9513062010660894 0.0
  outer loop
    vertex 13.55233067893723 7.900169644811897 0.0
    vertex 13.049363218934019 8.063143936632434 24.500000000000004
    vertex 13.55233067893723 7.900169644811897 24.500000000000004
  endloop
endfacet
facet normal 0.1814400086595315 0.9834020150770637 0.0
  outer loop
    vertex 13.55233067893723 7.900169644811897 24.500000000000004
    vertex 14.072267596336753 7.804240048015223 0.0
    vertex 13.55233067893723 7.900169644811897 0.0
  endloop
endfacet
facet normal 0.1814400086595315 0.9834020150770637 0.0
  outer loop
    vertex 14.072267596336753 7.804240048015223 0.0
    vertex 13.55233067893723 7.900169644811897 24.500000000000004
    vertex 14.072267596336753 7.804240048015223 24.500000000000004
  endloop
endfacet
facet normal 0.5439603689036676 0.8391109086778614 0.0
  outer loop
    vertex 12.128322720201854 8.577973023365029 24.500000000000004
    vertex 12.57197112901673 8.290374388158737 0.0
    vertex 12.128322720201854 8.577973023365029 0.0
  endloop
endfacet
facet normal 0.5439603689036676 0.8391109086778614 0.0
  outer loop
    vertex 12.57197112901673 8.290374388158737 0.0
    vertex 12.128322720201854 8.577973023365029 24.500000000000004
    vertex 12.57197112901673 8.290374388158737 24.500000000000004
  endloop
endfacet
facet normal 0.42978076078053923 0.9029332742029729 0.0
  outer loop
    vertex 12.57197112901673 8.290374388158737 24.500000000000004
    vertex 13.049363218934019 8.063143936632434 0.0
    vertex 12.57197112901673 8.290374388158737 0.0
  endloop
endfacet
facet normal 0.42978076078053923 0.9029332742029729 0.0
  outer loop
    vertex 13.049363218934019 8.063143936632434 0.0
    vertex 12.57197112901673 8.290374388158737 24.500000000000004
    vertex 13.049363218934019 8.063143936632434 24.500000000000004
  endloop
endfacet
facet normal 0.7426032529209192 0.6697315945595439 0.0
  outer loop
    vertex 11.371913488037452 9.313642556747471 0.0
    vertex 11.726008939766876 8.921018949865514 24.500000000000004
    vertex 11.726008939766876 8.921018949865514 0.0
  endloop
endfacet
facet normal 0.7426032529209192 0.6697315945595439 0.0
  outer loop
    vertex 11.726008939766876 8.921018949865514 24.500000000000004
    vertex 11.371913488037452 9.313642556747471 0.0
    vertex 11.371913488037452 9.313642556747471 24.500000000000004
  endloop
endfacet
facet normal 0.6488326643006013 0.7609311228597393 0.0
  outer loop
    vertex 11.726008939766876 8.921018949865514 24.500000000000004
    vertex 12.128322720201854 8.577973023365029 0.0
    vertex 11.726008939766876 8.921018949865514 0.0
  endloop
endfacet
facet normal 0.6488326643006013 0.7609311228597393 0.0
  outer loop
    vertex 12.128322720201854 8.577973023365029 0.0
    vertex 11.726008939766876 8.921018949865514 24.500000000000004
    vertex 12.128322720201854 8.577973023365029 24.500000000000004
  endloop
endfacet
facet normal 0.8906389524614776 0.45471117905580677 0.0
  outer loop
    vertex 10.831683561587417 10.220017873831123 0.0
    vertex 11.072095036366473 9.749125945241309 24.500000000000004
    vertex 11.072095036366473 9.749125945241309 0.0
  endloop
endfacet
facet normal 0.8906389524614776 0.45471117905580677 0.0
  outer loop
    vertex 11.072095036366473 9.749125945241309 24.500000000000004
    vertex 10.831683561587417 10.220017873831123 0.0
    vertex 10.831683561587417 10.220017873831123 24.500000000000004
  endloop
endfacet
facet normal 0.8236676939952297 0.5670727729917748 0.0
  outer loop
    vertex 11.072095036366473 9.749125945241309 0.0
    vertex 11.371913488037452 9.313642556747471 24.500000000000004
    vertex 11.371913488037452 9.313642556747471 0.0
  endloop
endfacet
facet normal 0.8236676939952297 0.5670727729917748 0.0
  outer loop
    vertex 11.371913488037452 9.313642556747471 24.500000000000004
    vertex 11.072095036366473 9.749125945241309 0.0
    vertex 11.072095036366473 9.749125945241309 24.500000000000004
  endloop
endfacet
facet normal 0.9779790792422463 0.2087029481451769 0.0
  outer loop
    vertex 10.544448717567139 11.23533099461277 0.0
    vertex 10.654792570688375 10.718261251062808 24.500000000000004
    vertex 10.654792570688375 10.718261251062808 0.0
  endloop
endfacet
facet normal 0.9779790792422463 0.2087029481451769 0.0
  outer loop
    vertex 10.654792570688375 10.718261251062808 24.500000000000004
    vertex 10.544448717567139 11.23533099461277 0.0
    vertex 10.544448717567139 11.23533099461277 24.500000000000004
  endloop
endfacet
facet normal 0.9423711315193084 0.3345693507765146 0.0
  outer loop
    vertex 10.654792570688375 10.718261251062808 0.0
    vertex 10.831683561587417 10.220017873831123 24.500000000000004
    vertex 10.831683561587417 10.220017873831123 0.0
  endloop
endfacet
facet normal 0.9423711315193084 0.3345693507765146 0.0
  outer loop
    vertex 10.831683561587417 10.220017873831123 24.500000000000004
    vertex 10.654792570688375 10.718261251062808 0.0
    vertex 10.654792570688375 10.718261251062808 24.500000000000004
  endloop
endfacet
facet normal 0.996853533772303 0.07926558020775577 0.0
  outer loop
    vertex 10.503051233178637 11.755950770482709 0.0
    vertex 10.544448717567139 11.23533099461277 24.500000000000004
    vertex 10.544448717567139 11.23533099461277 0.0
  endloop
endfacet
facet normal 0.996853533772303 0.07926558020775577 0.0
  outer loop
    vertex 10.544448717567139 11.23533099461277 24.500000000000004
    vertex 10.503051233178637 11.755950770482709 0.0
    vertex 10.503051233178637 11.755950770482709 24.500000000000004
  endloop
endfacet
facet normal -0.9807852804032327 -0.19509032201611784 -0.0
  outer loop
    vertex 76.81715570490624 36.02058148285342 24.500000000000004
    vertex 76.91894814501876 35.50883632867585 0.0
    vertex 76.91894814501876 35.50883632867585 24.500000000000004
  endloop
endfacet
facet normal -0.9807852804032327 -0.19509032201611784 -0.0
  outer loop
    vertex 76.91894814501876 35.50883632867585 0.0
    vertex 76.81715570490624 36.02058148285342 24.500000000000004
    vertex 76.81715570490624 36.02058148285342 0.0
  endloop
endfacet
facet normal -0.9954170255445896 0.09562920712816858 0.0
  outer loop
    vertex 76.95970878986307 12.584960762272791 24.500000000000004
    vertex 76.95380666241239 12.523524739453174 0.0
    vertex 76.95380666241239 12.523524739453174 24.500000000000004
  endloop
endfacet
facet normal -0.9954170255445896 0.09562920712816858 0.0
  outer loop
    vertex 76.95380666241239 12.523524739453174 0.0
    vertex 76.95970878986307 12.584960762272791 24.500000000000004
    vertex 76.95970878986307 12.584960762272791 0.0
  endloop
endfacet
facet normal -0.9652692359406299 0.26125715712032194 0.0
  outer loop
    vertex 76.99792964426716 12.765930538622852 24.500000000000004
    vertex 76.98180514543425 12.706355203577797 0.0
    vertex 76.98180514543425 12.706355203577797 24.500000000000004
  endloop
endfacet
facet normal -0.9652692359406299 0.26125715712032194 0.0
  outer loop
    vertex 76.98180514543425 12.706355203577797 0.0
    vertex 76.99792964426716 12.765930538622852 24.500000000000004
    vertex 76.99792964426716 12.765930538622852 0.0
  endloop
endfacet
facet normal -1.6422677905706797e-15 -1.0 0.0
  outer loop
    vertex 35.98800338662127 38.97653007642916 13.209999999999974
    vertex 33.83800338662127 38.97653007642912 6.0
    vertex 35.98800338662127 38.976530076429235 5.999999999999985
  endloop
endfacet
facet normal -1.6422677905706797e-15 -1.0 0.0
  outer loop
    vertex 33.83800338662127 38.97653007642912 6.0
    vertex 35.98800338662127 38.97653007642916 13.209999999999974
    vertex 33.83800338662127 38.97653007642911 13.200000000000015
  endloop
endfacet
facet normal -1.6422677905706797e-15 -1.0 0.0
  outer loop
    vertex 33.83800338662127 38.97653007642911 13.200000000000015
    vertex 35.98800338662127 38.97653007642916 13.209999999999974
    vertex 18.538003386621266 38.97653007642911 13.200000000000015
  endloop
endfacet
facet normal -1.6422677905706797e-15 -1.0 0.0
  outer loop
    vertex 72.97235894053011 38.976530076429 0.0
    vertex 68.73800338662126 38.97653007642907 5.9999999999999964
    vertex 14.590369744169445 38.9765300764291 0.0
  endloop
endfacet
facet normal -1.6422677905706797e-15 -1.0 0.0
  outer loop
    vertex 68.73800338662126 38.97653007642907 5.9999999999999964
    vertex 72.97235894053011 38.976530076429 0.0
    vertex 72.97235894053011 38.976530076429 24.500000000000004
  endloop
endfacet
facet normal -1.6422677905706797e-15 -1.0 0.0
  outer loop
    vertex 14.590369744169445 38.9765300764291 0.0
    vertex 68.73800338662126 38.97653007642907 5.9999999999999964
    vertex 51.28800338662126 38.97653007642923 5.999999999999985
  endloop
endfacet
facet normal -1.6422677905706797e-15 -1.0 0.0
  outer loop
    vertex 68.73800338662126 38.97653007642907 5.9999999999999964
    vertex 72.97235894053011 38.976530076429 24.500000000000004
    vertex 68.73800338662126 38.97653007642905 13.199999999999998
  endloop
endfacet
facet normal -1.6422677905706797e-15 -1.0 0.0
  outer loop
    vertex 68.73800338662126 38.97653007642905 13.199999999999998
    vertex 72.97235894053011 38.976530076429 24.500000000000004
    vertex 53.43800338662127 38.97653007642906 13.199999999999998
  endloop
endfacet
facet normal -1.6422677905706797e-15 -1.0 0.0
  outer loop
    vertex 53.43800338662127 38.97653007642906 13.199999999999998
    vertex 72.97235894053011 38.976530076429 24.500000000000004
    vertex 51.28800338662126 38.97653007642916 13.209999999999974
  endloop
endfacet
facet normal -1.6422677905706797e-15 -1.0 0.0
  outer loop
    vertex 51.28800338662126 38.97653007642916 13.209999999999974
    vertex 72.97235894053011 38.976530076429 24.500000000000004
    vertex 35.98800338662127 38.97653007642916 13.209999999999974
  endloop
endfacet
facet normal -1.6422677905706797e-15 -1.0 0.0
  outer loop
    vertex 14.590369744169445 38.9765300764291 0.0
    vertex 18.538003386621266 38.97653007642916 6.0
    vertex 14.590369744169445 38.9765300764291 24.500000000000004
  endloop
endfacet
facet normal -1.6422677905706797e-15 -1.0 0.0
  outer loop
    vertex 18.538003386621266 38.97653007642916 6.0
    vertex 14.590369744169445 38.9765300764291 0.0
    vertex 35.98800338662127 38.976530076429235 5.999999999999985
  endloop
endfacet
facet normal -1.6422677905706797e-15 -1.0 0.0
  outer loop
    vertex 35.98800338662127 38.976530076429235 5.999999999999985
    vertex 14.590369744169445 38.9765300764291 0.0
    vertex 51.28800338662126 38.97653007642923 5.999999999999985
  endloop
endfacet
facet normal -1.6422677905706797e-15 -1.0 0.0
  outer loop
    vertex 18.538003386621266 38.97653007642916 6.0
    vertex 35.98800338662127 38.976530076429235 5.999999999999985
    vertex 33.83800338662127 38.97653007642912 6.0
  endloop
endfacet
facet normal -1.6422677905706797e-15 -1.0 0.0
  outer loop
    vertex 14.590369744169445 38.9765300764291 24.500000000000004
    vertex 18.538003386621266 38.97653007642916 6.0
    vertex 18.538003386621266 38.97653007642911 13.200000000000015
  endloop
endfacet
facet normal -1.6422677905706797e-15 -1.0 0.0
  outer loop
    vertex 14.590369744169445 38.9765300764291 24.500000000000004
    vertex 18.538003386621266 38.97653007642911 13.200000000000015
    vertex 35.98800338662127 38.97653007642916 13.209999999999974
  endloop
endfacet
facet normal -1.6422677905706797e-15 -1.0 0.0
  outer loop
    vertex 14.590369744169445 38.9765300764291 24.500000000000004
    vertex 35.98800338662127 38.97653007642916 13.209999999999974
    vertex 72.97235894053011 38.976530076429 24.500000000000004
  endloop
endfacet
facet normal -1.6422677905706797e-15 -1.0 0.0
  outer loop
    vertex 51.28800338662126 38.97653007642923 5.999999999999985
    vertex 53.43800338662127 38.97653007642907 5.9999999999999964
    vertex 51.28800338662126 38.97653007642916 13.209999999999974
  endloop
endfacet
facet normal -1.6422677905706797e-15 -1.0 0.0
  outer loop
    vertex 53.43800338662127 38.97653007642907 5.9999999999999964
    vertex 51.28800338662126 38.97653007642923 5.999999999999985
    vertex 68.73800338662126 38.97653007642907 5.9999999999999964
  endloop
endfacet
facet normal -1.6422677905706797e-15 -1.0 0.0
  outer loop
    vertex 51.28800338662126 38.97653007642916 13.209999999999974
    vertex 53.43800338662127 38.97653007642907 5.9999999999999964
    vertex 53.43800338662127 38.97653007642906 13.199999999999998
  endloop
endfacet
facet normal -0.9959728330663788 -0.08965553967118303 -0.0
  outer loop
    vertex 77.95187690604526 32.169346734468384 24.500000000000004
    vertex 77.95989012830194 32.08032879199382 0.0
    vertex 77.95989012830194 32.08032879199382 24.500000000000004
  endloop
endfacet
facet normal -0.9959728330663788 -0.08965553967118303 -0.0
  outer loop
    vertex 77.95989012830194 32.08032879199382 0.0
    vertex 77.95187690604526 32.169346734468384 24.500000000000004
    vertex 77.95187690604526 32.169346734468384 0.0
  endloop
endfacet
facet normal -0.3852693895221582 0.9228041490463856 0.0
  outer loop
    vertex 72.7977208974548 7.724692064931652 24.500000000000004
    vertex 72.82921456967124 7.737840627257881 0.0
    vertex 72.7977208974548 7.724692064931652 0.0
  endloop
endfacet
facet normal -0.3852693895221582 0.9228041490463856 0.0
  outer loop
    vertex 72.82921456967124 7.737840627257881 0.0
    vertex 72.7977208974548 7.724692064931652 24.500000000000004
    vertex 72.82921456967124 7.737840627257881 24.500000000000004
  endloop
endfacet
facet normal -0.8089499376918825 -0.5878775368291421 -0.0
  outer loop
    vertex 77.65040524308885 32.90478494904532 24.500000000000004
    vertex 77.70294849228007 32.83248271686849 0.0
    vertex 77.70294849228007 32.83248271686849 24.500000000000004
  endloop
endfacet
facet normal -0.8089499376918825 -0.5878775368291421 -0.0
  outer loop
    vertex 77.70294849228007 32.83248271686849 0.0
    vertex 77.65040524308885 32.90478494904532 24.500000000000004
    vertex 77.65040524308885 32.90478494904532 0.0
  endloop
endfacet
facet normal -0.9298872080617926 0.36784477743070454 0.0
  outer loop
    vertex 77.04007702486042 12.881898023800453 24.500000000000004
    vertex 77.01737405760097 12.824506427847785 0.0
    vertex 77.01737405760097 12.824506427847785 24.500000000000004
  endloop
endfacet
facet normal -0.9298872080617926 0.36784477743070454 0.0
  outer loop
    vertex 77.01737405760097 12.824506427847785 0.0
    vertex 77.04007702486042 12.881898023800453 24.500000000000004
    vertex 77.04007702486042 12.881898023800453 0.0
  endloop
endfacet
facet normal -0.9026458878206782 -0.43038401596762366 -0.0
  outer loop
    vertex 77.07200320267397 33.806926053627826 24.500000000000004
    vertex 77.099497086147 33.74926303656305 0.0
    vertex 77.099497086147 33.74926303656305 24.500000000000004
  endloop
endfacet
facet normal -0.9026458878206782 -0.43038401596762366 -0.0
  outer loop
    vertex 77.099497086147 33.74926303656305 0.0
    vertex 77.07200320267397 33.806926053627826 24.500000000000004
    vertex 77.07200320267397 33.806926053627826 0.0
  endloop
endfacet
facet normal -0.8815071294141429 -0.4721707114932456 -0.0
  outer loop
    vertex 77.099497086147 33.74926303656305 24.500000000000004
    vertex 77.12966039621344 33.69295041016949 0.0
    vertex 77.12966039621344 33.69295041016949 24.500000000000004
  endloop
endfacet
facet normal -0.8815071294141429 -0.4721707114932456 -0.0
  outer loop
    vertex 77.12966039621344 33.69295041016949 0.0
    vertex 77.099497086147 33.74926303656305 24.500000000000004
    vertex 77.099497086147 33.74926303656305 0.0
  endloop
endfacet
facet normal -0.5555702330195929 -0.8314696123025515 -0.0
  outer loop
    vertex 75.39246878395646 38.15277613874101 24.500000000000004
    vertex 74.95863219052104 38.44265648282223 0.0
    vertex 75.39246878395646 38.15277613874101 0.0
  endloop
endfacet
facet normal -0.5555702330195929 -0.8314696123025515 -0.0
  outer loop
    vertex 74.95863219052104 38.44265648282223 0.0
    vertex 75.39246878395646 38.15277613874101 24.500000000000004
    vertex 74.95863219052104 38.44265648282223 24.500000000000004
  endloop
endfacet
facet normal -0.0654031292301434 -0.9978589232386036 -0.0
  outer loop
    vertex 73.48484447375596 38.942939999938666 24.500000000000004
    vertex 72.97235894053011 38.976530076429 0.0
    vertex 73.48484447375596 38.942939999938666 0.0
  endloop
endfacet
facet normal -0.0654031292301434 -0.9978589232386036 -0.0
  outer loop
    vertex 72.97235894053011 38.976530076429 0.0
    vertex 73.48484447375596 38.942939999938666 24.500000000000004
    vertex 72.97235894053011 38.976530076429 24.500000000000004
  endloop
endfacet
facet normal -0.997858923238602 -0.06540312923016794 -0.0
  outer loop
    vertex 76.91894814501876 35.50883632867585 24.500000000000004
    vertex 76.9525382215091 34.99635079545012 0.0
    vertex 76.9525382215091 34.99635079545012 24.500000000000004
  endloop
endfacet
facet normal -0.997858923238602 -0.06540312923016794 -0.0
  outer loop
    vertex 76.9525382215091 34.99635079545012 0.0
    vertex 76.91894814501876 35.50883632867585 24.500000000000004
    vertex 76.91894814501876 35.50883632867585 0.0
  endloop
endfacet
facet normal -0.7518398074789846 -0.6593458151000609 -0.0
  outer loop
    vertex 75.78475686768162 37.808748722601514 24.500000000000004
    vertex 76.12878428382109 37.416460638876366 0.0
    vertex 76.12878428382109 37.416460638876366 24.500000000000004
  endloop
endfacet
facet normal -0.7518398074789846 -0.6593458151000609 -0.0
  outer loop
    vertex 76.12878428382109 37.416460638876366 0.0
    vertex 75.78475686768162 37.808748722601514 24.500000000000004
    vertex 75.78475686768162 37.808748722601514 0.0
  endloop
endfacet
facet normal -0.44228869021901884 -0.8968727415326798 -0.0
  outer loop
    vertex 74.95863219052104 38.44265648282223 24.500000000000004
    vertex 74.49067015177125 38.673429821787984 0.0
    vertex 74.95863219052104 38.44265648282223 0.0
  endloop
endfacet
facet normal -0.44228869021901884 -0.8968727415326798 -0.0
  outer loop
    vertex 74.49067015177125 38.673429821787984 0.0
    vertex 74.95863219052104 38.44265648282223 24.500000000000004
    vertex 74.49067015177125 38.673429821787984 24.500000000000004
  endloop
endfacet
facet normal -0.9463080692312079 -0.3232662031637448 -0.0
  outer loop
    vertex 77.86729252206862 32.51588483937152 24.500000000000004
    vertex 77.8961853706703 32.43130582830497 0.0
    vertex 77.8961853706703 32.43130582830497 24.500000000000004
  endloop
endfacet
facet normal -0.9463080692312079 -0.3232662031637448 -0.0
  outer loop
    vertex 77.8961853706703 32.43130582830497 0.0
    vertex 77.86729252206862 32.51588483937152 24.500000000000004
    vertex 77.86729252206862 32.51588483937152 0.0
  endloop
endfacet
facet normal -0.7723376025025116 -0.6352122698442408 -0.0
  outer loop
    vertex 77.60706726278093 32.95747843970559 24.500000000000004
    vertex 77.65040524308885 32.90478494904532 0.0
    vertex 77.65040524308885 32.90478494904532 24.500000000000004
  endloop
endfacet
facet normal -0.7723376025025116 -0.6352122698442408 -0.0
  outer loop
    vertex 77.65040524308885 32.90478494904532 0.0
    vertex 77.60706726278093 32.95747843970559 24.500000000000004
    vertex 77.60706726278093 32.95747843970559 0.0
  endloop
endfacet
facet normal -0.925277518150512 -0.3792908045355561 -0.0
  outer loop
    vertex 77.83339231324925 32.59858418432294 24.500000000000004
    vertex 77.86729252206862 32.51588483937152 0.0
    vertex 77.86729252206862 32.51588483937152 24.500000000000004
  endloop
endfacet
facet normal -0.925277518150512 -0.3792908045355561 -0.0
  outer loop
    vertex 77.86729252206862 32.51588483937152 0.0
    vertex 77.83339231324925 32.59858418432294 24.500000000000004
    vertex 77.83339231324925 32.59858418432294 0.0
  endloop
endfacet
facet normal -0.9784166624775308 0.20664180261101497 0.0
  outer loop
    vertex 76.98180514543425 12.706355203577797 24.500000000000004
    vertex 76.96905144505044 12.645968424106798 0.0
    vertex 76.96905144505044 12.645968424106798 24.500000000000004
  endloop
endfacet
facet normal -0.9784166624775308 0.20664180261101497 0.0
  outer loop
    vertex 76.96905144505044 12.645968424106798 0.0
    vertex 76.98180514543425 12.706355203577797 24.500000000000004
    vertex 76.98180514543425 12.706355203577797 0.0
  endloop
endfacet
facet normal -0.9978589232386019 0.06540312923016955 0.0
  outer loop
    vertex 76.9525382215091 11.757687026254121 24.500000000000004
    vertex 76.91894814501876 11.2452014930284 0.0
    vertex 76.91894814501876 11.2452014930284 24.500000000000004
  endloop
endfacet
facet normal -0.9978589232386019 0.06540312923016955 0.0
  outer loop
    vertex 76.91894814501876 11.2452014930284 0.0
    vertex 76.9525382215091 11.757687026254121 24.500000000000004
    vertex 76.9525382215091 11.757687026254121 0.0
  endloop
endfacet
facet normal -0.3214394653031474 -0.9469301294951105 -0.0
  outer loop
    vertex 74.49067015177125 38.673429821787984 24.500000000000004
    vertex 73.99658962793356 38.841147559826126 0.0
    vertex 74.49067015177125 38.673429821787984 0.0
  endloop
endfacet
facet normal -0.3214394653031474 -0.9469301294951105 -0.0
  outer loop
    vertex 73.99658962793356 38.841147559826126 0.0
    vertex 74.49067015177125 38.673429821787984 24.500000000000004
    vertex 73.99658962793356 38.841147559826126 24.500000000000004
  endloop
endfacet
facet normal 0.5439603689037424 -0.8391109086778127 0.0
  outer loop
    vertex 12.571971129016669 38.46366343354553 24.500000000000004
    vertex 12.128322720201828 38.176064798339205 0.0
    vertex 12.571971129016669 38.46366343354553 0.0
  endloop
endfacet
facet normal 0.5439603689037424 -0.8391109086778127 0.0
  outer loop
    vertex 12.128322720201828 38.176064798339205 0.0
    vertex 12.571971129016669 38.46366343354553 24.500000000000004
    vertex 12.128322720201828 38.176064798339205 24.500000000000004
  endloop
endfacet
facet normal -0.9931535269453506 -0.11681640259831085 -0.0
  outer loop
    vertex 76.9585864732343 34.237453923175075 24.500000000000004
    vertex 76.96604896357229 34.17400907780992 0.0
    vertex 76.96604896357229 34.17400907780992 24.500000000000004
  endloop
endfacet
facet normal -0.9931535269453506 -0.11681640259831085 -0.0
  outer loop
    vertex 76.96604896357229 34.17400907780992 0.0
    vertex 76.9585864732343 34.237453923175075 24.500000000000004
    vertex 76.9585864732343 34.237453923175075 0.0
  endloop
endfacet
facet normal -0.6593458151000777 0.7518398074789698 0.0
  outer loop
    vertex 75.3924687839565 8.601261682963269 24.500000000000004
    vertex 75.78475686768161 8.945289099102729 0.0
    vertex 75.3924687839565 8.601261682963269 0.0
  endloop
endfacet
facet normal -0.6593458151000777 0.7518398074789698 0.0
  outer loop
    vertex 75.78475686768161 8.945289099102729 0.0
    vertex 75.3924687839565 8.601261682963269 24.500000000000004
    vertex 75.78475686768161 8.945289099102729 24.500000000000004
  endloop
endfacet
facet normal -0.8083140728018405 0.5887515262914406 0.0
  outer loop
    vertex 77.53052358218135 13.60233912047951 24.500000000000004
    vertex 77.16387613767267 13.098958193350526 0.0
    vertex 77.16387613767267 13.098958193350526 24.500000000000004
  endloop
endfacet
facet normal -0.8083140728018405 0.5887515262914406 0.0
  outer loop
    vertex 77.16387613767267 13.098958193350526 0.0
    vertex 77.53052358218135 13.60233912047951 24.500000000000004
    vertex 77.53052358218135 13.60233912047951 0.0
  endloop
endfacet
facet normal -1.0 1.3172730472267321e-15 0.0
  outer loop
    vertex 77.9624526308727 14.868638282241152 24.500000000000004
    vertex 77.96245263087272 19.133859479585293 8.649999999999993
    vertex 77.9624526308727 14.868638282241152 0.0
  endloop
endfacet
facet normal -1.0 1.3172730472267321e-15 0.0
  outer loop
    vertex 77.96245263087272 19.133859479585293 8.649999999999993
    vertex 77.9624526308727 14.868638282241152 24.500000000000004
    vertex 77.96245263087272 31.994724561679117 24.500000000000004
  endloop
endfacet
facet normal -1.0 1.3172730472267321e-15 0.0
  outer loop
    vertex 77.96245263087272 19.133859479585293 8.649999999999993
    vertex 77.96245263087272 31.994724561679117 24.500000000000004
    vertex 77.96245263087272 27.127018910852133 8.649999999999993
  endloop
endfacet
facet normal -1.0 1.3172730472267321e-15 0.0
  outer loop
    vertex 77.96245263087272 27.127018910852133 8.649999999999993
    vertex 77.96245263087272 31.994724561679117 24.500000000000004
    vertex 77.96245263087272 27.127018910852133 5.399999999999999
  endloop
endfacet
facet normal -1.0 1.3172730472267321e-15 0.0
  outer loop
    vertex 77.9624526308727 14.868638282241152 0.0
    vertex 77.96245263087272 19.133859479585293 5.399999999999999
    vertex 77.96245263087272 31.994724561679117 0.0
  endloop
endfacet
facet normal -1.0 1.3172730472267321e-15 0.0
  outer loop
    vertex 77.96245263087272 19.133859479585293 5.399999999999999
    vertex 77.9624526308727 14.868638282241152 0.0
    vertex 77.96245263087272 19.133859479585293 8.649999999999993
  endloop
endfacet
facet normal -1.0 1.3172730472267321e-15 0.0
  outer loop
    vertex 77.96245263087272 31.994724561679117 0.0
    vertex 77.96245263087272 19.133859479585293 5.399999999999999
    vertex 77.96245263087272 27.127018910852133 5.399999999999999
  endloop
endfacet
facet normal -1.0 1.3172730472267321e-15 0.0
  outer loop
    vertex 77.96245263087272 31.994724561679117 0.0
    vertex 77.96245263087272 27.127018910852133 5.399999999999999
    vertex 77.96245263087272 31.994724561679117 24.500000000000004
  endloop
endfacet
facet normal -0.9490757172174744 0.3150480645681491 0.0
  outer loop
    vertex 77.01737405760097 12.824506427847785 24.500000000000004
    vertex 76.99792964426716 12.765930538622852 0.0
    vertex 76.99792964426716 12.765930538622852 24.500000000000004
  endloop
endfacet
facet normal -0.9490757172174744 0.3150480645681491 0.0
  outer loop
    vertex 76.99792964426716 12.765930538622852 0.0
    vertex 77.01737405760097 12.824506427847785 24.500000000000004
    vertex 77.01737405760097 12.824506427847785 0.0
  endloop
endfacet
facet normal -0.2433028109050022 0.9699503813111909 0.0
  outer loop
    vertex 72.8939722102974 7.759346243548861 24.500000000000004
    vertex 72.92707489997095 7.767649737831942 0.0
    vertex 72.8939722102974 7.759346243548861 0.0
  endloop
endfacet
facet normal -0.2433028109050022 0.9699503813111909 0.0
  outer loop
    vertex 72.92707489997095 7.767649737831942 0.0
    vertex 72.8939722102974 7.759346243548861 24.500000000000004
    vertex 72.92707489997095 7.767649737831942 24.500000000000004
  endloop
endfacet
facet normal -0.9778741460230768 -0.20919405952282355 -0.0
  outer loop
    vertex 76.97647352890407 34.110983165653955 24.500000000000004
    vertex 76.98983730841823 34.04851440095833 0.0
    vertex 76.98983730841823 34.04851440095833 24.500000000000004
  endloop
endfacet
facet normal -0.9778741460230768 -0.20919405952282355 -0.0
  outer loop
    vertex 76.98983730841823 34.04851440095833 0.0
    vertex 76.97647352890407 34.110983165653955 24.500000000000004
    vertex 76.97647352890407 34.110983165653955 0.0
  endloop
endfacet
facet normal -0.9888267777770738 -0.14906912339921308 -0.0
  outer loop
    vertex 77.93855342350541 32.257725977655895 24.500000000000004
    vertex 77.95187690604526 32.169346734468384 0.0
    vertex 77.95187690604526 32.169346734468384 24.500000000000004
  endloop
endfacet
facet normal -0.9888267777770738 -0.14906912339921308 -0.0
  outer loop
    vertex 77.95187690604526 32.169346734468384 0.0
    vertex 77.93855342350541 32.257725977655895 24.500000000000004
    vertex 77.93855342350541 32.257725977655895 0.0
  endloop
endfacet
facet normal -0.1454318122623503 0.9893682772264778 0.0
  outer loop
    vertex 72.96055062445565 7.774291420687418 24.500000000000004
    vertex 72.99053628454803 7.778699151346969 0.0
    vertex 72.96055062445565 7.774291420687418 0.0
  endloop
endfacet
facet normal -0.1454318122623503 0.9893682772264778 0.0
  outer loop
    vertex 72.99053628454803 7.778699151346969 0.0
    vertex 72.96055062445565 7.774291420687418 24.500000000000004
    vertex 72.99053628454803 7.778699151346969 24.500000000000004
  endloop
endfacet
facet normal -0.32143946530315987 0.9469301294951064 0.0
  outer loop
    vertex 73.99658962793356 7.912890261878123 24.500000000000004
    vertex 74.49067015177121 8.08060799991626 0.0
    vertex 73.99658962793356 7.912890261878123 0.0
  endloop
endfacet
facet normal -0.32143946530315987 0.9469301294951064 0.0
  outer loop
    vertex 74.49067015177121 8.08060799991626 0.0
    vertex 73.99658962793356 7.912890261878123 24.500000000000004
    vertex 74.49067015177121 8.08060799991626 24.500000000000004
  endloop
endfacet
facet normal -0.291390027793311 0.9566043339346805 0.0
  outer loop
    vertex 72.86132499759805 7.749401617669202 24.500000000000004
    vertex 72.8939722102974 7.759346243548861 0.0
    vertex 72.86132499759805 7.749401617669202 0.0
  endloop
endfacet
facet normal -0.291390027793311 0.9566043339346805 0.0
  outer loop
    vertex 72.8939722102974 7.759346243548861 0.0
    vertex 72.86132499759805 7.749401617669202 24.500000000000004
    vertex 72.8939722102974 7.759346243548861 24.500000000000004
  endloop
endfacet
facet normal -0.9884765076023241 0.15137435026553445 0.0
  outer loop
    vertex 76.96905144505044 12.645968424106798 24.500000000000004
    vertex 76.95970878986307 12.584960762272791 0.0
    vertex 76.95970878986307 12.584960762272791 24.500000000000004
  endloop
endfacet
facet normal -0.9884765076023241 0.15137435026553445 0.0
  outer loop
    vertex 76.95970878986307 12.584960762272791 0.0
    vertex 76.96905144505044 12.645968424106798 24.500000000000004
    vertex 76.96905144505044 12.645968424106798 0.0
  endloop
endfacet
facet normal 0.3082474846826532 -0.9513062010661013 0.0
  outer loop
    vertex 13.552330678937176 38.85386817689234 24.500000000000004
    vertex 13.049363218933983 38.69089388507183 0.0
    vertex 13.552330678937176 38.85386817689234 0.0
  endloop
endfacet
facet normal 0.3082474846826532 -0.9513062010661013 0.0
  outer loop
    vertex 13.049363218933983 38.69089388507183 0.0
    vertex 13.552330678937176 38.85386817689234 24.500000000000004
    vertex 13.049363218933983 38.69089388507183 24.500000000000004
  endloop
endfacet
facet normal -0.8314696123025426 0.5555702330196066 0.0
  outer loop
    vertex 76.41866462790233 9.771413776263307 24.500000000000004
    vertex 76.12878428382108 9.337577182827863 0.0
    vertex 76.12878428382108 9.337577182827863 24.500000000000004
  endloop
endfacet
facet normal -0.8314696123025426 0.5555702330196066 0.0
  outer loop
    vertex 76.12878428382108 9.337577182827863 0.0
    vertex 76.41866462790233 9.771413776263307 24.500000000000004
    vertex 76.41866462790233 9.771413776263307 0.0
  endloop
endfacet
facet normal -0.9469301294950961 0.32143946530318973 0.0
  outer loop
    vertex 76.81715570490624 10.73345633885084 24.500000000000004
    vertex 76.64943796686806 10.239375815013108 0.0
    vertex 76.64943796686806 10.239375815013108 24.500000000000004
  endloop
endfacet
facet normal -0.9469301294950961 0.32143946530318973 0.0
  outer loop
    vertex 76.64943796686806 10.239375815013108 0.0
    vertex 76.81715570490624 10.73345633885084 24.500000000000004
    vertex 76.81715570490624 10.73345633885084 0.0
  endloop
endfacet
facet normal -0.907764261494092 0.41948068555546875 0.0
  outer loop
    vertex 77.06596690247844 12.93792421629361 24.500000000000004
    vertex 77.04007702486042 12.881898023800453 0.0
    vertex 77.04007702486042 12.881898023800453 24.500000000000004
  endloop
endfacet
facet normal -0.907764261494092 0.41948068555546875 0.0
  outer loop
    vertex 77.04007702486042 12.881898023800453 0.0
    vertex 77.06596690247844 12.93792421629361 24.500000000000004
    vertex 77.06596690247844 12.93792421629361 0.0
  endloop
endfacet
facet normal -0.946930129495102 -0.32143946530317286 -0.0
  outer loop
    vertex 76.64943796686806 36.514662006691154 24.500000000000004
    vertex 76.81715570490624 36.02058148285342 0.0
    vertex 76.81715570490624 36.02058148285342 24.500000000000004
  endloop
endfacet
facet normal -0.946930129495102 -0.32143946530317286 -0.0
  outer loop
    vertex 76.81715570490624 36.02058148285342 0.0
    vertex 76.64943796686806 36.514662006691154 24.500000000000004
    vertex 76.64943796686806 36.514662006691154 0.0
  endloop
endfacet
facet normal -0.33875153857216617 0.9408758659435317 0.0
  outer loop
    vertex 72.82921456967124 7.737840627257881 24.500000000000004
    vertex 72.86132499759805 7.749401617669202 0.0
    vertex 72.82921456967124 7.737840627257881 0.0
  endloop
endfacet
facet normal -0.33875153857216617 0.9408758659435317 0.0
  outer loop
    vertex 72.86132499759805 7.749401617669202 0.0
    vertex 72.82921456967124 7.737840627257881 24.500000000000004
    vertex 72.86132499759805 7.749401617669202 24.500000000000004
  endloop
endfacet
facet normal -0.9880982019135496 0.15382439135329154 0.0
  outer loop
    vertex 77.94443621655962 14.642107990606021 24.500000000000004
    vertex 77.92699517182373 14.53007462066109 0.0
    vertex 77.92699517182373 14.53007462066109 24.500000000000004
  endloop
endfacet
facet normal -0.9880982019135496 0.15382439135329154 0.0
  outer loop
    vertex 77.92699517182373 14.53007462066109 0.0
    vertex 77.94443621655962 14.642107990606021 24.500000000000004
    vertex 77.94443621655962 14.642107990606021 0.0
  endloop
endfacet
facet normal -1.0 -0.0 -0.0
  outer loop
    vertex 76.9525382215091 34.99635079545012 24.500000000000004
    vertex 76.9525382215091 34.36796477134349 0.0
    vertex 76.9525382215091 34.36796477134349 24.500000000000004
  endloop
endfacet
facet normal -1.0 -0.0 -0.0
  outer loop
    vertex 76.9525382215091 34.36796477134349 0.0
    vertex 76.9525382215091 34.99635079545012 24.500000000000004
    vertex 76.9525382215091 34.99635079545012 0.0
  endloop
endfacet
facet normal -0.44228869021900413 0.8968727415326869 0.0
  outer loop
    vertex 74.49067015177121 8.08060799991626 24.500000000000004
    vertex 74.95863219052106 8.311381338882036 0.0
    vertex 74.49067015177121 8.08060799991626 0.0
  endloop
endfacet
facet normal -0.44228869021900413 0.8968727415326869 0.0
  outer loop
    vertex 74.95863219052106 8.311381338882036 0.0
    vertex 74.49067015177121 8.08060799991626 24.500000000000004
    vertex 74.95863219052106 8.311381338882036 24.500000000000004
  endloop
endfacet
facet normal -0.9781396942062238 -0.20794888462830252 -0.0
  outer loop
    vertex 77.91996739260686 32.345150031947476 24.500000000000004
    vertex 77.93855342350541 32.257725977655895 0.0
    vertex 77.93855342350541 32.257725977655895 24.500000000000004
  endloop
endfacet
facet normal -0.9781396942062238 -0.20794888462830252 -0.0
  outer loop
    vertex 77.93855342350541 32.257725977655895 0.0
    vertex 77.91996739260686 32.345150031947476 24.500000000000004
    vertex 77.91996739260686 32.345150031947476 0.0
  endloop
endfacet
facet normal -0.9218051663344389 -0.38765349904152474 -0.0
  outer loop
    vertex 77.04723903919397 33.86581300780792 24.500000000000004
    vertex 77.07200320267397 33.806926053627826 0.0
    vertex 77.07200320267397 33.806926053627826 24.500000000000004
  endloop
endfacet
facet normal -0.9218051663344389 -0.38765349904152474 -0.0
  outer loop
    vertex 77.07200320267397 33.806926053627826 0.0
    vertex 77.04723903919397 33.86581300780792 24.500000000000004
    vertex 77.04723903919397 33.86581300780792 0.0
  endloop
endfacet
facet normal -0.5555702330195916 0.8314696123025523 0.0
  outer loop
    vertex 74.95863219052106 8.311381338882036 24.500000000000004
    vertex 75.3924687839565 8.601261682963269 0.0
    vertex 74.95863219052106 8.311381338882036 0.0
  endloop
endfacet
facet normal -0.5555702330195916 0.8314696123025523 0.0
  outer loop
    vertex 75.3924687839565 8.601261682963269 0.0
    vertex 74.95863219052106 8.311381338882036 24.500000000000004
    vertex 75.3924687839565 8.601261682963269 24.500000000000004
  endloop
endfacet
facet normal -0.6593458151000746 -0.7518398074789724 -0.0
  outer loop
    vertex 75.78475686768162 37.808748722601514 24.500000000000004
    vertex 75.39246878395646 38.15277613874101 0.0
    vertex 75.78475686768162 37.808748722601514 0.0
  endloop
endfacet
facet normal -0.6593458151000746 -0.7518398074789724 -0.0
  outer loop
    vertex 75.39246878395646 38.15277613874101 0.0
    vertex 75.78475686768162 37.808748722601514 24.500000000000004
    vertex 75.39246878395646 38.15277613874101 24.500000000000004
  endloop
endfacet
facet normal -0.8584352478841504 -0.512921948438627 -0.0
  outer loop
    vertex 77.12966039621344 33.69295041016949 24.500000000000004
    vertex 77.16285615742461 33.637393396883624 0.0
    vertex 77.16285615742461 33.637393396883624 24.500000000000004
  endloop
endfacet
facet normal -0.8584352478841504 -0.512921948438627 -0.0
  outer loop
    vertex 77.16285615742461 33.637393396883624 0.0
    vertex 77.12966039621344 33.69295041016949 24.500000000000004
    vertex 77.12966039621344 33.69295041016949 0.0
  endloop
endfacet
facet normal -0.8550033487954799 0.5186224769025297 0.0
  outer loop
    vertex 77.12697078781001 13.045178052046321 24.500000000000004
    vertex 77.09496198998137 12.992408203932788 0.0
    vertex 77.09496198998137 12.992408203932788 24.500000000000004
  endloop
endfacet
facet normal -0.8550033487954799 0.5186224769025297 0.0
  outer loop
    vertex 77.09496198998137 12.992408203932788 0.0
    vertex 77.12697078781001 13.045178052046321 24.500000000000004
    vertex 77.12697078781001 13.045178052046321 0.0
  endloop
endfacet
facet normal -0.9540085136184212 0.2997795122145123 0.0
  outer loop
    vertex 77.87543536394664 14.309321121094571 24.500000000000004
    vertex 77.84144551462919 14.201152936464746 0.0
    vertex 77.84144551462919 14.201152936464746 24.500000000000004
  endloop
endfacet
facet normal -0.9540085136184212 0.2997795122145123 0.0
  outer loop
    vertex 77.84144551462919 14.201152936464746 0.0
    vertex 77.87543536394664 14.309321121094571 24.500000000000004
    vertex 77.87543536394664 14.309321121094571 0.0
  endloop
endfacet
facet normal -0.999552269764117 -0.029920895865630674 -0.0
  outer loop
    vertex 77.95989012830194 32.08032879199382 24.500000000000004
    vertex 77.96245263087272 31.994724561679117 0.0
    vertex 77.96245263087272 31.994724561679117 24.500000000000004
  endloop
endfacet
facet normal -0.999552269764117 -0.029920895865630674 -0.0
  outer loop
    vertex 77.96245263087272 31.994724561679117 0.0
    vertex 77.95989012830194 32.08032879199382 24.500000000000004
    vertex 77.95989012830194 32.08032879199382 0.0
  endloop
endfacet
facet normal -0.43082772805565656 0.9024341908075078 0.0
  outer loop
    vertex 72.76692241585747 7.709988677150799 24.500000000000004
    vertex 72.7977208974548 7.724692064931652 0.0
    vertex 72.76692241585747 7.709988677150799 0.0
  endloop
endfacet
facet normal -0.43082772805565656 0.9024341908075078 0.0
  outer loop
    vertex 72.7977208974548 7.724692064931652 0.0
    vertex 72.76692241585747 7.709988677150799 24.500000000000004
    vertex 72.7977208974548 7.724692064931652 24.500000000000004
  endloop
endfacet
facet normal -1.0 -0.0 -0.0
  outer loop
    vertex 76.9525382215091 12.391064333917164 24.500000000000004
    vertex 76.9525382215091 11.757687026254121 0.0
    vertex 76.9525382215091 11.757687026254121 24.500000000000004
  endloop
endfacet
facet normal -1.0 -0.0 -0.0
  outer loop
    vertex 76.9525382215091 11.757687026254121 0.0
    vertex 76.9525382215091 12.391064333917164 24.500000000000004
    vertex 76.9525382215091 12.391064333917164 0.0
  endloop
endfacet
facet normal -0.9193081472312744 0.39353847389321645 0.0
  outer loop
    vertex 77.80209113870043 14.09481903256805 24.500000000000004
    vertex 77.75747063301799 13.990585273663479 0.0
    vertex 77.75747063301799 13.990585273663479 24.500000000000004
  endloop
endfacet
facet normal -0.9193081472312744 0.39353847389321645 0.0
  outer loop
    vertex 77.75747063301799 13.990585273663479 0.0
    vertex 77.80209113870043 14.09481903256805 24.500000000000004
    vertex 77.80209113870043 14.09481903256805 0.0
  endloop
endfacet
facet normal -0.9807852804032359 0.19509032201610113 0.0
  outer loop
    vertex 76.91894814501876 11.2452014930284 24.500000000000004
    vertex 76.81715570490624 10.73345633885084 0.0
    vertex 76.81715570490624 10.73345633885084 24.500000000000004
  endloop
endfacet
facet normal -0.9807852804032359 0.19509032201610113 0.0
  outer loop
    vertex 76.81715570490624 10.73345633885084 0.0
    vertex 76.91894814501876 11.2452014930284 24.500000000000004
    vertex 76.91894814501876 11.2452014930284 0.0
  endloop
endfacet
facet normal -0.19509032201612825 0.9807852804032305 0.0
  outer loop
    vertex 73.48484447375596 7.811097821765588 24.500000000000004
    vertex 73.99658962793356 7.912890261878123 0.0
    vertex 73.48484447375596 7.811097821765588 0.0
  endloop
endfacet
facet normal -0.19509032201612825 0.9807852804032305 0.0
  outer loop
    vertex 73.99658962793356 7.912890261878123 0.0
    vertex 73.48484447375596 7.811097821765588 24.500000000000004
    vertex 73.99658962793356 7.912890261878123 24.500000000000004
  endloop
endfacet
facet normal -0.8827766907146621 0.46979284193234594 0.0
  outer loop
    vertex 77.09496198998137 12.992408203932788 24.500000000000004
    vertex 77.06596690247844 12.93792421629361 0.0
    vertex 77.06596690247844 12.93792421629361 24.500000000000004
  endloop
endfacet
facet normal -0.8827766907146621 0.46979284193234594 0.0
  outer loop
    vertex 77.06596690247844 12.93792421629361 0.0
    vertex 77.09496198998137 12.992408203932788 24.500000000000004
    vertex 77.09496198998137 12.992408203932788 0.0
  endloop
endfacet
facet normal 0.42978076078052047 -0.9029332742029818 0.0
  outer loop
    vertex 13.049363218933983 38.69089388507183 24.500000000000004
    vertex 12.571971129016669 38.46366343354553 0.0
    vertex 13.049363218933983 38.69089388507183 0.0
  endloop
endfacet
facet normal 0.42978076078052047 -0.9029332742029818 0.0
  outer loop
    vertex 12.571971129016669 38.46366343354553 0.0
    vertex 13.049363218933983 38.69089388507183 24.500000000000004
    vertex 12.571971129016669 38.46366343354553 24.500000000000004
  endloop
endfacet
facet normal -0.8968727415326925 -0.4422886902189928 -0.0
  outer loop
    vertex 76.41866462790232 36.98262404544096 24.500000000000004
    vertex 76.64943796686806 36.514662006691154 0.0
    vertex 76.64943796686806 36.514662006691154 24.500000000000004
  endloop
endfacet
facet normal -0.8968727415326925 -0.4422886902189928 -0.0
  outer loop
    vertex 76.64943796686806 36.514662006691154 0.0
    vertex 76.41866462790232 36.98262404544096 24.500000000000004
    vertex 76.41866462790232 36.98262404544096 0.0
  endloop
endfacet
facet normal -0.9009335112314432 -0.43395715035033494 -0.0
  outer loop
    vertex 77.79460614221745 32.679107713493245 24.500000000000004
    vertex 77.83339231324925 32.59858418432294 0.0
    vertex 77.83339231324925 32.59858418432294 24.500000000000004
  endloop
endfacet
facet normal -0.9009335112314432 -0.43395715035033494 -0.0
  outer loop
    vertex 77.83339231324925 32.59858418432294 0.0
    vertex 77.79460614221745 32.679107713493245 24.500000000000004
    vertex 77.79460614221745 32.679107713493245 0.0
  endloop
endfacet
facet normal -0.8968727415326991 0.4422886902189798 0.0
  outer loop
    vertex 76.64943796686806 10.239375815013108 24.500000000000004
    vertex 76.41866462790233 9.771413776263307 0.0
    vertex 76.41866462790233 9.771413776263307 24.500000000000004
  endloop
endfacet
facet normal -0.8968727415326991 0.4422886902189798 0.0
  outer loop
    vertex 76.41866462790233 9.771413776263307 0.0
    vertex 76.64943796686806 10.239375815013108 24.500000000000004
    vertex 76.64943796686806 10.239375815013108 0.0
  endloop
endfacet
facet normal -0.19509032201613452 -0.9807852804032292 -0.0
  outer loop
    vertex 73.99658962793356 38.841147559826126 24.500000000000004
    vertex 73.48484447375596 38.942939999938666 0.0
    vertex 73.99658962793356 38.841147559826126 0.0
  endloop
endfacet
facet normal -0.19509032201613452 -0.9807852804032292 -0.0
  outer loop
    vertex 73.48484447375596 38.942939999938666 0.0
    vertex 73.99658962793356 38.841147559826126 24.500000000000004
    vertex 73.48484447375596 38.942939999938666 24.500000000000004
  endloop
endfacet
facet normal -0.8314696123025433 -0.5555702330196054 -0.0
  outer loop
    vertex 76.12878428382109 37.416460638876366 24.500000000000004
    vertex 76.41866462790232 36.98262404544096 0.0
    vertex 76.41866462790232 36.98262404544096 24.500000000000004
  endloop
endfacet
facet normal -0.8314696123025433 -0.5555702330196054 -0.0
  outer loop
    vertex 76.41866462790232 36.98262404544096 0.0
    vertex 76.12878428382109 37.416460638876366 24.500000000000004
    vertex 76.12878428382109 37.416460638876366 0.0
  endloop
endfacet
facet normal -0.8245318798428083 0.5658154991893424 0.0
  outer loop
    vertex 77.16387613767267 13.098958193350526 24.500000000000004
    vertex 77.12697078781001 13.045178052046321 0.0
    vertex 77.12697078781001 13.045178052046321 24.500000000000004
  endloop
endfacet
facet normal -0.8245318798428083 0.5658154991893424 0.0
  outer loop
    vertex 77.12697078781001 13.045178052046321 0.0
    vertex 77.16387613767267 13.098958193350526 24.500000000000004
    vertex 77.16387613767267 13.098958193350526 0.0
  endloop
endfacet
facet normal -0.8733632253372564 -0.4870694782353998 -0.0
  outer loop
    vertex 77.75107290380447 32.75716706890078 24.500000000000004
    vertex 77.79460614221745 32.679107713493245 0.0
    vertex 77.79460614221745 32.679107713493245 24.500000000000004
  endloop
endfacet
facet normal -0.8733632253372564 -0.4870694782353998 -0.0
  outer loop
    vertex 77.79460614221745 32.679107713493245 0.0
    vertex 77.75107290380447 32.75716706890078 24.500000000000004
    vertex 77.75107290380447 32.75716706890078 0.0
  endloop
endfacet
facet normal -0.9670082121907839 -0.25474520124152306 -0.0
  outer loop
    vertex 76.98983730841823 34.04851440095833 24.500000000000004
    vertex 77.00611099567982 33.98673977616506 0.0
    vertex 77.00611099567982 33.98673977616506 24.500000000000004
  endloop
endfacet
facet normal -0.9670082121907839 -0.25474520124152306 -0.0
  outer loop
    vertex 77.00611099567982 33.98673977616506 0.0
    vertex 76.98983730841823 34.04851440095833 24.500000000000004
    vertex 76.98983730841823 34.04851440095833 0.0
  endloop
endfacet
facet normal -0.937830748950976 0.3470929073346956 0.0
  outer loop
    vertex 77.84144551462919 14.201152936464746 24.500000000000004
    vertex 77.80209113870043 14.09481903256805 0.0
    vertex 77.80209113870043 14.09481903256805 24.500000000000004
  endloop
endfacet
facet normal -0.937830748950976 0.3470929073346956 0.0
  outer loop
    vertex 77.80209113870043 14.09481903256805 0.0
    vertex 77.84144551462919 14.201152936464746 24.500000000000004
    vertex 77.84144551462919 14.201152936464746 0.0
  endloop
endfacet
facet normal -0.06540312923014653 0.9978589232386035 0.0
  outer loop
    vertex 72.99053628454803 7.778699151346969 24.500000000000004
    vertex 73.48484447375596 7.811097821765588 0.0
    vertex 72.99053628454803 7.778699151346969 0.0
  endloop
endfacet
facet normal -0.06540312923014653 0.9978589232386035 0.0
  outer loop
    vertex 73.48484447375596 7.811097821765588 0.0
    vertex 72.99053628454803 7.778699151346969 24.500000000000004
    vertex 73.48484447375596 7.811097821765588 24.500000000000004
  endloop
endfacet
facet normal -0.8754194261578278 0.48336407428097056 0.0
  outer loop
    vertex 77.70769556122514 13.888712273066083 24.500000000000004
    vertex 77.65289037481033 13.78945474153957 0.0
    vertex 77.65289037481033 13.78945474153957 24.500000000000004
  endloop
endfacet
facet normal -0.8754194261578278 0.48336407428097056 0.0
  outer loop
    vertex 77.65289037481033 13.78945474153957 0.0
    vertex 77.70769556122514 13.888712273066083 24.500000000000004
    vertex 77.70769556122514 13.888712273066083 0.0
  endloop
endfacet
facet normal -0.9791737000735063 0.20302429678331352 0.0
  outer loop
    vertex 77.92699517182373 14.53007462066109 24.500000000000004
    vertex 77.90397570259962 14.41905313598653 0.0
    vertex 77.90397570259962 14.41905313598653 24.500000000000004
  endloop
endfacet
facet normal -0.9791737000735063 0.20302429678331352 0.0
  outer loop
    vertex 77.90397570259962 14.41905313598653 0.0
    vertex 77.92699517182373 14.53007462066109 24.500000000000004
    vertex 77.92699517182373 14.53007462066109 0.0
  endloop
endfacet
facet normal -0.8227810119472415 0.568358519228025 0.0
  outer loop
    vertex 77.5931921019441 13.69306085044966 24.500000000000004
    vertex 77.53052358218135 13.60233912047951 0.0
    vertex 77.53052358218135 13.60233912047951 24.500000000000004
  endloop
endfacet
facet normal -0.8227810119472415 0.568358519228025 0.0
  outer loop
    vertex 77.53052358218135 13.60233912047951 0.0
    vertex 77.5931921019441 13.69306085044966 24.500000000000004
    vertex 77.5931921019441 13.69306085044966 0.0
  endloop
endfacet
facet normal -0.9865956262707216 -0.1631841604552434 -0.0
  outer loop
    vertex 76.96604896357229 34.17400907780992 24.500000000000004
    vertex 76.97647352890407 34.110983165653955 0.0
    vertex 76.97647352890407 34.110983165653955 24.500000000000004
  endloop
endfacet
facet normal -0.9865956262707216 -0.1631841604552434 -0.0
  outer loop
    vertex 76.97647352890407 34.110983165653955 0.0
    vertex 76.96604896357229 34.17400907780992 24.500000000000004
    vertex 76.96604896357229 34.17400907780992 0.0
  endloop
endfacet
facet normal -0.9998623840914777 -0.01658954125063999 -0.0
  outer loop
    vertex 76.95136368799334 12.461854228798828 24.500000000000004
    vertex 76.9525382215091 12.391064333917164 0.0
    vertex 76.9525382215091 12.391064333917164 24.500000000000004
  endloop
endfacet
facet normal -0.9998623840914777 -0.01658954125063999 -0.0
  outer loop
    vertex 76.9525382215091 12.391064333917164 0.0
    vertex 76.95136368799334 12.461854228798828 24.500000000000004
    vertex 76.95136368799334 12.461854228798828 0.0
  endloop
endfacet
facet normal -0.8426653907659761 -0.5384375908173807 -0.0
  outer loop
    vertex 77.70294849228007 32.83248271686849 24.500000000000004
    vertex 77.75107290380447 32.75716706890078 0.0
    vertex 77.75107290380447 32.75716706890078 24.500000000000004
  endloop
endfacet
facet normal -0.8426653907659761 -0.5384375908173807 -0.0
  outer loop
    vertex 77.75107290380447 32.75716706890078 0.0
    vertex 77.70294849228007 32.83248271686849 24.500000000000004
    vertex 77.70294849228007 32.83248271686849 0.0
  endloop
endfacet
facet normal -0.8501630407826938 0.526519519189103 0.0
  outer loop
    vertex 77.65289037481033 13.78945474153957 24.500000000000004
    vertex 77.5931921019441 13.69306085044966 0.0
    vertex 77.5931921019441 13.69306085044966 24.500000000000004
  endloop
endfacet
facet normal -0.8501630407826938 0.526519519189103 0.0
  outer loop
    vertex 77.5931921019441 13.69306085044966 0.0
    vertex 77.65289037481033 13.78945474153957 24.500000000000004
    vertex 77.65289037481033 13.78945474153957 0.0
  endloop
endfacet
facet normal -0.7518398074789774 0.6593458151000688 0.0
  outer loop
    vertex 76.12878428382108 9.337577182827863 24.500000000000004
    vertex 75.78475686768161 8.945289099102729 0.0
    vertex 75.78475686768161 8.945289099102729 24.500000000000004
  endloop
endfacet
facet normal -0.7518398074789774 0.6593458151000688 0.0
  outer loop
    vertex 75.78475686768161 8.945289099102729 0.0
    vertex 76.12878428382108 9.337577182827863 24.500000000000004
    vertex 76.12878428382108 9.337577182827863 0.0
  endloop
endfacet
facet normal -0.8984870201020776 0.43900008508893157 0.0
  outer loop
    vertex 77.75747063301799 13.990585273663479 24.500000000000004
    vertex 77.70769556122514 13.888712273066083 0.0
    vertex 77.70769556122514 13.888712273066083 24.500000000000004
  endloop
endfacet
facet normal -0.8984870201020776 0.43900008508893157 0.0
  outer loop
    vertex 77.70769556122514 13.888712273066083 0.0
    vertex 77.75747063301799 13.990585273663479 24.500000000000004
    vertex 77.75747063301799 13.990585273663479 0.0
  endloop
endfacet
facet normal -0.9945521841232994 0.10423988226957613 0.0
  outer loop
    vertex 77.95625522935686 14.75487313131547 24.500000000000004
    vertex 77.94443621655962 14.642107990606021 0.0
    vertex 77.94443621655962 14.642107990606021 24.500000000000004
  endloop
endfacet
facet normal -0.9945521841232994 0.10423988226957613 0.0
  outer loop
    vertex 77.94443621655962 14.642107990606021 0.0
    vertex 77.95625522935686 14.75487313131547 24.500000000000004
    vertex 77.95625522935686 14.75487313131547 0.0
  endloop
endfacet
facet normal -0.9997258405395518 -0.02341460564448397 -0.0
  outer loop
    vertex 76.9525382215091 34.36796477134349 24.500000000000004
    vertex 76.95410242294504 34.30117856878815 0.0
    vertex 76.95410242294504 34.30117856878815 24.500000000000004
  endloop
endfacet
facet normal -0.9997258405395518 -0.02341460564448397 -0.0
  outer loop
    vertex 76.95410242294504 34.30117856878815 0.0
    vertex 76.9525382215091 34.36796477134349 24.500000000000004
    vertex 76.9525382215091 34.36796477134349 0.0
  endloop
endfacet
facet normal -0.998519509956659 0.0543947445615262 0.0
  outer loop
    vertex 77.9624526308727 14.868638282241152 24.500000000000004
    vertex 77.95625522935686 14.75487313131547 0.0
    vertex 77.95625522935686 14.75487313131547 24.500000000000004
  endloop
endfacet
facet normal -0.998519509956659 0.0543947445615262 0.0
  outer loop
    vertex 77.95625522935686 14.75487313131547 0.0
    vertex 77.9624526308727 14.868638282241152 24.500000000000004
    vertex 77.9624526308727 14.868638282241152 0.0
  endloop
endfacet
facet normal -0.19460964899710326 0.9808807697764416 0.0
  outer loop
    vertex 72.92707489997095 7.767649737831942 24.500000000000004
    vertex 72.96055062445565 7.774291420687418 0.0
    vertex 72.92707489997095 7.767649737831942 0.0
  endloop
endfacet
facet normal -0.19460964899710326 0.9808807697764416 0.0
  outer loop
    vertex 72.96055062445565 7.774291420687418 0.0
    vertex 72.92707489997095 7.767649737831942 24.500000000000004
    vertex 72.96055062445565 7.774291420687418 24.500000000000004
  endloop
endfacet
facet normal -0.9389429491358836 -0.344072867671965 -0.0
  outer loop
    vertex 77.02525890289928 33.925794761482884 24.500000000000004
    vertex 77.04723903919397 33.86581300780792 0.0
    vertex 77.04723903919397 33.86581300780792 24.500000000000004
  endloop
endfacet
facet normal -0.9389429491358836 -0.344072867671965 -0.0
  outer loop
    vertex 77.04723903919397 33.86581300780792 0.0
    vertex 77.02525890289928 33.925794761482884 24.500000000000004
    vertex 77.02525890289928 33.925794761482884 0.0
  endloop
endfacet
facet normal -0.4753130912492975 0.8798167225547815 0.0
  outer loop
    vertex 72.73689582841816 7.693767082664623 24.500000000000004
    vertex 72.76692241585747 7.709988677150799 0.0
    vertex 72.73689582841816 7.693767082664623 0.0
  endloop
endfacet
facet normal -0.4753130912492975 0.8798167225547815 0.0
  outer loop
    vertex 72.76692241585747 7.709988677150799 0.0
    vertex 72.73689582841816 7.693767082664623 24.500000000000004
    vertex 72.76692241585747 7.709988677150799 24.500000000000004
  endloop
endfacet
facet normal -0.9540216534953155 -0.2997376930952531 -0.0
  outer loop
    vertex 77.00611099567982 33.98673977616506 24.500000000000004
    vertex 77.02525890289928 33.925794761482884 0.0
    vertex 77.02525890289928 33.925794761482884 24.500000000000004
  endloop
endfacet
facet normal -0.9540216534953155 -0.2997376930952531 -0.0
  outer loop
    vertex 77.02525890289928 33.925794761482884 0.0
    vertex 77.00611099567982 33.98673977616506 24.500000000000004
    vertex 77.00611099567982 33.98673977616506 0.0
  endloop
endfacet
facet normal 0.18144000865959653 -0.9834020150770517 0.0
  outer loop
    vertex 14.07226759633663 38.949797773689035 24.500000000000004
    vertex 13.552330678937176 38.85386817689234 0.0
    vertex 14.07226759633663 38.949797773689035 0.0
  endloop
endfacet
facet normal 0.18144000865959653 -0.9834020150770517 0.0
  outer loop
    vertex 13.552330678937176 38.85386817689234 0.0
    vertex 14.07226759633663 38.949797773689035 24.500000000000004
    vertex 13.552330678937176 38.85386817689234 24.500000000000004
  endloop
endfacet
facet normal -0.9678009923336205 0.25171658514698597 0.0
  outer loop
    vertex 77.90397570259962 14.41905313598653 24.500000000000004
    vertex 77.87543536394664 14.309321121094571 0.0
    vertex 77.87543536394664 14.309321121094571 24.500000000000004
  endloop
endfacet
facet normal -0.9678009923336205 0.25171658514698597 0.0
  outer loop
    vertex 77.87543536394664 14.309321121094571 0.0
    vertex 77.90397570259962 14.41905313598653 24.500000000000004
    vertex 77.90397570259962 14.41905313598653 0.0
  endloop
endfacet
facet normal -0.8371662000158863 -0.5469485840103815 -0.0
  outer loop
    vertex 77.16285615742461 33.637393396883624 24.500000000000004
    vertex 77.60706726278093 32.95747843970559 0.0
    vertex 77.60706726278093 32.95747843970559 24.500000000000004
  endloop
endfacet
facet normal -0.8371662000158863 -0.5469485840103815 -0.0
  outer loop
    vertex 77.60706726278093 32.95747843970559 0.0
    vertex 77.16285615742461 33.637393396883624 24.500000000000004
    vertex 77.16285615742461 33.637393396883624 0.0
  endloop
endfacet
facet normal -0.9992163141689316 0.03958228768849705 0.0
  outer loop
    vertex 76.95380666241239 12.523524739453174 24.500000000000004
    vertex 76.95136368799334 12.461854228798828 0.0
    vertex 76.95136368799334 12.461854228798828 24.500000000000004
  endloop
endfacet
facet normal -0.9992163141689316 0.03958228768849705 0.0
  outer loop
    vertex 76.95136368799334 12.461854228798828 0.0
    vertex 76.95380666241239 12.523524739453174 24.500000000000004
    vertex 76.95380666241239 12.523524739453174 0.0
  endloop
endfacet
facet normal -0.9975334667344765 -0.0701924692876454 -0.0
  outer loop
    vertex 76.95410242294504 34.30117856878815 24.500000000000004
    vertex 76.9585864732343 34.237453923175075 0.0
    vertex 76.9585864732343 34.237453923175075 24.500000000000004
  endloop
endfacet
facet normal -0.9975334667344765 -0.0701924692876454 -0.0
  outer loop
    vertex 76.9585864732343 34.237453923175075 0.0
    vertex 76.95410242294504 34.30117856878815 24.500000000000004
    vertex 76.95410242294504 34.30117856878815 0.0
  endloop
endfacet
facet normal 0.05152804378365893 -0.9986715479595026 0.0
  outer loop
    vertex 14.590369744169445 38.9765300764291 24.500000000000004
    vertex 14.07226759633663 38.949797773689035 0.0
    vertex 14.590369744169445 38.9765300764291 0.0
  endloop
endfacet
facet normal 0.05152804378365893 -0.9986715479595026 0.0
  outer loop
    vertex 14.07226759633663 38.949797773689035 0.0
    vertex 14.590369744169445 38.9765300764291 24.500000000000004
    vertex 14.07226759633663 38.949797773689035 24.500000000000004
  endloop
endfacet
facet normal -0.9639498532280449 -0.26608397257563415 -0.0
  outer loop
    vertex 77.8961853706703 32.43130582830497 24.500000000000004
    vertex 77.91996739260686 32.345150031947476 0.0
    vertex 77.91996739260686 32.345150031947476 24.500000000000004
  endloop
endfacet
facet normal -0.9639498532280449 -0.26608397257563415 -0.0
  outer loop
    vertex 77.91996739260686 32.345150031947476 0.0
    vertex 77.8961853706703 32.43130582830497 24.500000000000004
    vertex 77.8961853706703 32.43130582830497 0.0
  endloop
endfacet
facet normal 0.6433400969896598 0.7655805115109288 0.0
  outer loop
    vertex 9.100804446732703 29.79043744845415 16.8
    vertex 9.215291027797747 29.694230965845236 0.0
    vertex 9.100804446732703 29.79043744845415 0.0
  endloop
endfacet
facet normal 0.6433400969896598 0.7655805115109288 0.0
  outer loop
    vertex 9.215291027797747 29.694230965845236 0.0
    vertex 9.100804446732703 29.79043744845415 16.8
    vertex 9.215291027797747 29.694230965845236 16.8
  endloop
endfacet
facet normal 0.70364373814642 0.7105529464912044 0.0
  outer loop
    vertex 8.99454680787386 29.895661869213306 16.8
    vertex 9.100804446732703 29.79043744845415 0.0
    vertex 8.99454680787386 29.895661869213306 0.0
  endloop
endfacet
facet normal 0.70364373814642 0.7105529464912044 0.0
  outer loop
    vertex 9.100804446732703 29.79043744845415 0.0
    vertex 8.99454680787386 29.895661869213306 16.8
    vertex 9.100804446732703 29.79043744845415 16.8
  endloop
endfacet
facet normal 0.7592579019500366 0.650789857270708 0.0
  outer loop
    vertex 8.897226271848622 30.009202953441417 0.0
    vertex 8.99454680787386 29.895661869213306 16.8
    vertex 8.99454680787386 29.895661869213306 0.0
  endloop
endfacet
facet normal 0.7592579019500366 0.650789857270708 0.0
  outer loop
    vertex 8.99454680787386 29.895661869213306 16.8
    vertex 8.897226271848622 30.009202953441417 0.0
    vertex 8.897226271848622 30.009202953441417 16.8
  endloop
endfacet
facet normal 0.8098119443551648 0.5866895386656452 0.0
  outer loop
    vertex 8.8094914374079 30.13030399953764 0.0
    vertex 8.897226271848622 30.009202953441417 16.8
    vertex 8.897226271848622 30.009202953441417 0.0
  endloop
endfacet
facet normal 0.8098119443551648 0.5866895386656452 0.0
  outer loop
    vertex 8.897226271848622 30.009202953441417 16.8
    vertex 8.8094914374079 30.13030399953764 0.0
    vertex 8.8094914374079 30.13030399953764 16.8
  endloop
endfacet
facet normal 0.854968944809283 0.5186791912268136 0.0
  outer loop
    vertex 8.731927018799654 30.2581579220661 0.0
    vertex 8.8094914374079 30.13030399953764 16.8
    vertex 8.8094914374079 30.13030399953764 0.0
  endloop
endfacet
facet normal 0.854968944809283 0.5186791912268136 0.0
  outer loop
    vertex 8.8094914374079 30.13030399953764 16.8
    vertex 8.731927018799654 30.2581579220661 0.0
    vertex 8.731927018799654 30.2581579220661 16.8
  endloop
endfacet
facet normal 0.8944279516809543 0.4472120741346463 0.0
  outer loop
    vertex 8.665049948904503 30.391912630626887 0.0
    vertex 8.731927018799654 30.2581579220661 16.8
    vertex 8.731927018799654 30.2581579220661 0.0
  endloop
endfacet
facet normal 0.8944279516809543 0.4472120741346463 0.0
  outer loop
    vertex 8.731927018799654 30.2581579220661 16.8
    vertex 8.665049948904503 30.391912630626887 0.0
    vertex 8.665049948904503 30.391912630626887 16.8
  endloop
endfacet
facet normal 0.9279259879704901 0.37276448442547455 0.0
  outer loop
    vertex 8.609305934104382 30.53067670866551 0.0
    vertex 8.665049948904503 30.391912630626887 16.8
    vertex 8.665049948904503 30.391912630626887 0.0
  endloop
endfacet
facet normal 0.9279259879704901 0.37276448442547455 0.0
  outer loop
    vertex 8.665049948904503 30.391912630626887 16.8
    vertex 8.609305934104382 30.53067670866551 0.0
    vertex 8.609305934104382 30.53067670866551 16.8
  endloop
endfacet
facet normal 0.9552398039365387 0.29583258268027723 0.0
  outer loop
    vertex 8.56506648384479 30.673525354373698 0.0
    vertex 8.609305934104382 30.53067670866551 16.8
    vertex 8.609305934104382 30.53067670866551 0.0
  endloop
endfacet
facet normal 0.9552398039365387 0.29583258268027723 0.0
  outer loop
    vertex 8.609305934104382 30.53067670866551 16.8
    vertex 8.56506648384479 30.673525354373698 0.0
    vertex 8.56506648384479 30.673525354373698 16.8
  endloop
endfacet
facet normal 0.9761873649578174 0.21692908633171573 0.0
  outer loop
    vertex 8.528896104438546 30.83629314157635 0.0
    vertex 8.56506648384479 30.673525354373698 16.8
    vertex 8.56506648384479 30.673525354373698 0.0
  endloop
endfacet
facet normal 0.9761873649578174 0.21692908633171573 0.0
  outer loop
    vertex 8.56506648384479 30.673525354373698 16.8
    vertex 8.528896104438546 30.83629314157635 0.0
    vertex 8.528896104438546 30.83629314157635 16.8
  endloop
endfacet
facet normal 0.7583969102086018 -0.6517930090036608 0.0
  outer loop
    vertex 10.510287382818994 35.089089745216235 0.0
    vertex 9.129600493678536 33.48258483303518 24.500000000000004
    vertex 9.129600493678536 33.48258483303518 0.0
  endloop
endfacet
facet normal 0.7583969102086018 -0.6517930090036608 0.0
  outer loop
    vertex 9.129600493678536 33.48258483303518 24.500000000000004
    vertex 10.510287382818994 35.089089745216235 0.0
    vertex 10.510287382818994 35.089089745216235 24.500000000000004
  endloop
endfacet
facet normal 0.9968535337723038 -0.07926558020774566 0.0
  outer loop
    vertex 10.544448717567072 35.518706827091464 0.0
    vertex 10.510287382818994 35.089089745216235 24.500000000000004
    vertex 10.510287382818994 35.089089745216235 0.0
  endloop
endfacet
facet normal 0.9968535337723038 -0.07926558020774566 0.0
  outer loop
    vertex 10.510287382818994 35.089089745216235 24.500000000000004
    vertex 10.544448717567072 35.518706827091464 0.0
    vertex 10.544448717567072 35.518706827091464 24.500000000000004
  endloop
endfacet
facet normal 0.9779790792422436 -0.20870294814518917 0.0
  outer loop
    vertex 10.654792570688327 36.03577657064149 0.0
    vertex 10.544448717567072 35.518706827091464 24.500000000000004
    vertex 10.544448717567072 35.518706827091464 0.0
  endloop
endfacet
facet normal 0.9779790792422436 -0.20870294814518917 0.0
  outer loop
    vertex 10.544448717567072 35.518706827091464 24.500000000000004
    vertex 10.654792570688327 36.03577657064149 0.0
    vertex 10.654792570688327 36.03577657064149 24.500000000000004
  endloop
endfacet
facet normal 0.9423711315193133 -0.33456935077650096 0.0
  outer loop
    vertex 10.831683561587333 36.53401994787309 0.0
    vertex 10.654792570688327 36.03577657064149 24.500000000000004
    vertex 10.654792570688327 36.03577657064149 0.0
  endloop
endfacet
facet normal 0.9423711315193133 -0.33456935077650096 0.0
  outer loop
    vertex 10.654792570688327 36.03577657064149 24.500000000000004
    vertex 10.831683561587333 36.53401994787309 0.0
    vertex 10.831683561587333 36.53401994787309 24.500000000000004
  endloop
endfacet
facet normal 0.8906389524614831 -0.45471117905579617 0.0
  outer loop
    vertex 11.072095036366383 37.00491187646291 0.0
    vertex 10.831683561587333 36.53401994787309 24.500000000000004
    vertex 10.831683561587333 36.53401994787309 0.0
  endloop
endfacet
facet normal 0.8906389524614831 -0.45471117905579617 0.0
  outer loop
    vertex 10.831683561587333 36.53401994787309 24.500000000000004
    vertex 11.072095036366383 37.00491187646291 0.0
    vertex 11.072095036366383 37.00491187646291 24.500000000000004
  endloop
endfacet
facet normal 0.8236676939952128 -0.5670727729917991 0.0
  outer loop
    vertex 11.371913488037404 37.440395264956784 0.0
    vertex 11.072095036366383 37.00491187646291 24.500000000000004
    vertex 11.072095036366383 37.00491187646291 0.0
  endloop
endfacet
facet normal 0.8236676939952128 -0.5670727729917991 0.0
  outer loop
    vertex 11.072095036366383 37.00491187646291 24.500000000000004
    vertex 11.371913488037404 37.440395264956784 0.0
    vertex 11.371913488037404 37.440395264956784 24.500000000000004
  endloop
endfacet
facet normal 0.7426032529209483 -0.6697315945595117 0.0
  outer loop
    vertex 11.726008939766812 37.83301887183875 0.0
    vertex 11.371913488037404 37.440395264956784 24.500000000000004
    vertex 11.371913488037404 37.440395264956784 0.0
  endloop
endfacet
facet normal 0.7426032529209483 -0.6697315945595117 0.0
  outer loop
    vertex 11.371913488037404 37.440395264956784 24.500000000000004
    vertex 11.726008939766812 37.83301887183875 0.0
    vertex 11.726008939766812 37.83301887183875 24.500000000000004
  endloop
endfacet
facet normal 0.648832664300524 -0.760931122859805 0.0
  outer loop
    vertex 12.128322720201828 38.176064798339205 24.500000000000004
    vertex 11.726008939766812 37.83301887183875 0.0
    vertex 12.128322720201828 38.176064798339205 0.0
  endloop
endfacet
facet normal 0.648832664300524 -0.760931122859805 0.0
  outer loop
    vertex 11.726008939766812 37.83301887183875 0.0
    vertex 12.128322720201828 38.176064798339205 24.500000000000004
    vertex 11.726008939766812 37.83301887183875 24.500000000000004
  endloop
endfacet
facet normal 0.6856550291513187 -0.727926631604796 0.0
  outer loop
    vertex 9.143596915205968 18.275087610726032 16.8
    vertex 9.032161912177516 18.17012377655293 0.0
    vertex 9.143596915205968 18.275087610726032 0.0
  endloop
endfacet
facet normal 0.6856550291513187 -0.727926631604796 0.0
  outer loop
    vertex 9.032161912177516 18.17012377655293 0.0
    vertex 9.143596915205968 18.275087610726032 16.8
    vertex 9.032161912177516 18.17012377655293 16.8
  endloop
endfacet
facet normal 0.7424354904981194 -0.669917563920231 0.0
  outer loop
    vertex 9.032161912177516 18.17012377655293 0.0
    vertex 8.92960725553624 18.056467677792398 16.8
    vertex 8.92960725553624 18.056467677792398 0.0
  endloop
endfacet
facet normal 0.7424354904981194 -0.669917563920231 0.0
  outer loop
    vertex 8.92960725553624 18.056467677792398 16.8
    vertex 9.032161912177516 18.17012377655293 0.0
    vertex 9.032161912177516 18.17012377655293 16.8
  endloop
endfacet
facet normal 0.7943239904048409 -0.6074943606876776 0.0
  outer loop
    vertex 8.92960725553624 18.056467677792398 0.0
    vertex 8.836608685372996 17.934868202744777 16.8
    vertex 8.836608685372996 17.934868202744777 0.0
  endloop
endfacet
facet normal 0.7943239904048409 -0.6074943606876776 0.0
  outer loop
    vertex 8.836608685372996 17.934868202744777 16.8
    vertex 8.92960725553624 18.056467677792398 0.0
    vertex 8.92960725553624 18.056467677792398 16.8
  endloop
endfacet
facet normal 0.8409786317721025 -0.54106833293284 0.0
  outer loop
    vertex 8.836608685372996 17.934868202744777 0.0
    vertex 8.753778976029842 17.80612657919437 16.8
    vertex 8.753778976029842 17.80612657919437 0.0
  endloop
endfacet
facet normal 0.8409786317721025 -0.54106833293284 0.0
  outer loop
    vertex 8.753778976029842 17.80612657919437 16.8
    vertex 8.836608685372996 17.934868202744777 0.0
    vertex 8.836608685372996 17.934868202744777 16.8
  endloop
endfacet
facet normal 0.6243567369536001 -0.7811393377756962 0.0
  outer loop
    vertex 9.263178011282593 18.370667565974905 16.8
    vertex 9.143596915205968 18.275087610726032 0.0
    vertex 9.263178011282593 18.370667565974905 0.0
  endloop
endfacet
facet normal 0.6243567369536001 -0.7811393377756962 0.0
  outer loop
    vertex 9.143596915205968 18.275087610726032 0.0
    vertex 9.263178011282593 18.370667565974905 16.8
    vertex 9.143596915205968 18.275087610726032 16.8
  endloop
endfacet
facet normal 0.555570233019598 -0.8314696123025481 0.0
  outer loop
    vertex 76.00308125114019 7.805496022756364 24.500000000000004
    vertex 75.46015252187482 7.442722643948576 -2.1999999999999997
    vertex 76.00308125114019 7.805496022756364 -2.1999999999999997
  endloop
endfacet
facet normal 0.555570233019598 -0.8314696123025481 0.0
  outer loop
    vertex 75.46015252187482 7.442722643948576 -2.1999999999999997
    vertex 76.00308125114019 7.805496022756364 24.500000000000004
    vertex 75.46015252187482 7.442722643948576 24.500000000000004
  endloop
endfacet
facet normal 0.6593458151000743 -0.7518398074789727 0.0
  outer loop
    vertex 76.49401372208791 8.236032244696407 24.500000000000004
    vertex 76.00308125114019 7.805496022756364 -2.1999999999999997
    vertex 76.49401372208791 8.236032244696407 -2.1999999999999997
  endloop
endfacet
facet normal 0.6593458151000743 -0.7518398074789727 0.0
  outer loop
    vertex 76.00308125114019 7.805496022756364 -2.1999999999999997
    vertex 76.49401372208791 8.236032244696407 24.500000000000004
    vertex 76.00308125114019 7.805496022756364 24.500000000000004
  endloop
endfacet
facet normal 0.7518398074789802 -0.6593458151000657 0.0
  outer loop
    vertex 76.924549944028 8.726964715644197 -2.1999999999999997
    vertex 76.49401372208791 8.236032244696407 24.500000000000004
    vertex 76.49401372208791 8.236032244696407 -2.1999999999999997
  endloop
endfacet
facet normal 0.7518398074789802 -0.6593458151000657 0.0
  outer loop
    vertex 76.49401372208791 8.236032244696407 24.500000000000004
    vertex 76.924549944028 8.726964715644197 -2.1999999999999997
    vertex 76.924549944028 8.726964715644197 24.500000000000004
  endloop
endfacet
facet normal 0.7933533402912326 -0.608761429008724 0.0
  outer loop
    vertex 12.774450059816958 36.93272629389186 -2.1999999999999997
    vertex 12.337423847672758 36.363182645628854 0.0
    vertex 12.337423847672758 36.363182645628854 -2.1999999999999997
  endloop
endfacet
facet normal 0.7933533402912326 -0.608761429008724 0.0
  outer loop
    vertex 12.337423847672758 36.363182645628854 0.0
    vertex 12.774450059816958 36.93272629389186 -2.1999999999999997
    vertex 12.774450059816958 36.93272629389186 0.0
  endloop
endfacet
facet normal 0.9238795325112867 -0.3826834323650901 0.0
  outer loop
    vertex 12.337423847672758 36.363182645628854 -2.1999999999999997
    vertex 12.062697685785025 35.699935019660785 0.0
    vertex 12.062697685785025 35.699935019660785 -2.1999999999999997
  endloop
endfacet
facet normal 0.9238795325112867 -0.3826834323650901 0.0
  outer loop
    vertex 12.062697685785025 35.699935019660785 0.0
    vertex 12.337423847672758 36.363182645628854 -2.1999999999999997
    vertex 12.337423847672758 36.363182645628854 0.0
  endloop
endfacet
facet normal 0.9978589232386027 0.06540312923015558 0.0
  outer loop
    vertex 77.91340765580908 35.63975940702097 -2.1999999999999997
    vertex 77.95343129716294 35.029116642132685 24.500000000000004
    vertex 77.95343129716294 35.029116642132685 -2.1999999999999997
  endloop
endfacet
facet normal 0.9978589232386027 0.06540312923015558 0.0
  outer loop
    vertex 77.95343129716294 35.029116642132685 24.500000000000004
    vertex 77.91340765580908 35.63975940702097 -2.1999999999999997
    vertex 77.91340765580908 35.63975940702097 24.500000000000004
  endloop
endfacet
facet normal 0.8733632253372445 0.487069478235421 0.0
  outer loop
    vertex 78.61062300437634 33.270838400526486 -2.1999999999999997
    vertex 78.6833424511872 33.14044531812361 24.500000000000004
    vertex 78.6833424511872 33.14044531812361 -2.1999999999999997
  endloop
endfacet
facet normal 0.8733632253372445 0.487069478235421 0.0
  outer loop
    vertex 78.6833424511872 33.14044531812361 24.500000000000004
    vertex 78.61062300437634 33.270838400526486 -2.1999999999999997
    vertex 78.61062300437634 33.270838400526486 24.500000000000004
  endloop
endfacet
facet normal 0.8314696123025436 -0.5555702330196051 0.0
  outer loop
    vertex 77.28732332283577 9.269893444909535 -2.1999999999999997
    vertex 76.924549944028 8.726964715644197 24.500000000000004
    vertex 76.924549944028 8.726964715644197 -2.1999999999999997
  endloop
endfacet
facet normal 0.8314696123025436 -0.5555702330196051 0.0
  outer loop
    vertex 76.924549944028 8.726964715644197 24.500000000000004
    vertex 77.28732332283577 9.269893444909535 -2.1999999999999997
    vertex 77.28732332283577 9.269893444909535 24.500000000000004
  endloop
endfacet
facet normal 0.808949937691885 0.5878775368291391 0.0
  outer loop
    vertex 78.44246421661211 33.517424479918525 -2.1999999999999997
    vertex 78.53023430112965 33.39664829788468 24.500000000000004
    vertex 78.53023430112965 33.39664829788468 -2.1999999999999997
  endloop
endfacet
facet normal 0.808949937691885 0.5878775368291391 0.0
  outer loop
    vertex 78.53023430112965 33.39664829788468 24.500000000000004
    vertex 78.44246421661211 33.517424479918525 -2.1999999999999997
    vertex 78.44246421661211 33.517424479918525 24.500000000000004
  endloop
endfacet
facet normal 0.9124756909206823 0.40913092461805367 0.0
  outer loop
    vertex 77.97895479869796 34.232203806134294 -2.1999999999999997
    vertex 77.99286006725319 34.20119119191008 24.500000000000004
    vertex 77.99286006725319 34.20119119191008 -2.1999999999999997
  endloop
endfacet
facet normal 0.9124756909206823 0.40913092461805367 0.0
  outer loop
    vertex 77.99286006725319 34.20119119191008 24.500000000000004
    vertex 77.97895479869796 34.232203806134294 -2.1999999999999997
    vertex 77.97895479869796 34.232203806134294 24.500000000000004
  endloop
endfacet
facet normal 0.9727078561680773 0.2320332444907477 0.0
  outer loop
    vertex 77.96012490584106 34.29744078082776 -2.1999999999999997
    vertex 77.96801109675026 34.264381036007705 24.500000000000004
    vertex 77.96801109675026 34.264381036007705 -2.1999999999999997
  endloop
endfacet
facet normal 0.9727078561680773 0.2320332444907477 0.0
  outer loop
    vertex 77.96801109675026 34.264381036007705 24.500000000000004
    vertex 77.96012490584106 34.29744078082776 -2.1999999999999997
    vertex 77.96012490584106 34.29744078082776 24.500000000000004
  endloop
endfacet
facet normal 0.9959728330663753 0.08965553967122336 0.0
  outer loop
    vertex 78.9460530457122 32.28892271719128 -2.1999999999999997
    vertex 78.95943861294593 32.14022402697254 24.500000000000004
    vertex 78.95943861294593 32.14022402697254 -2.1999999999999997
  endloop
endfacet
facet normal 0.9959728330663753 0.08965553967122336 0.0
  outer loop
    vertex 78.95943861294593 32.14022402697254 24.500000000000004
    vertex 78.9460530457122 32.28892271719128 -2.1999999999999997
    vertex 78.9460530457122 32.28892271719128 24.500000000000004
  endloop
endfacet
facet normal 0.9995522697641175 0.02992089586561723 0.0
  outer loop
    vertex 78.95943861294593 32.14022402697254 -2.1999999999999997
    vertex 78.96334570652652 32.00970172328859 24.500000000000004
    vertex 78.96334570652652 32.00970172328859 -2.1999999999999997
  endloop
endfacet
facet normal 0.9995522697641175 0.02992089586561723 0.0
  outer loop
    vertex 78.96334570652652 32.00970172328859 24.500000000000004
    vertex 78.95943861294593 32.14022402697254 -2.1999999999999997
    vertex 78.95943861294593 32.14022402697254 24.500000000000004
  endloop
endfacet
facet normal 0.9252775181505222 0.3792908045355311 0.0
  outer loop
    vertex 78.74813223031151 33.00593599352497 -2.1999999999999997
    vertex 78.80476032695638 32.8677921100071 24.500000000000004
    vertex 78.80476032695638 32.8677921100071 -2.1999999999999997
  endloop
endfacet
facet normal 0.9252775181505222 0.3792908045355311 0.0
  outer loop
    vertex 78.80476032695638 32.8677921100071 24.500000000000004
    vertex 78.74813223031151 33.00593599352497 -2.1999999999999997
    vertex 78.74813223031151 33.00593599352497 24.500000000000004
  endloop
endfacet
facet normal 0.8968727415326949 -0.4422886902189878 0.0
  outer loop
    vertex 77.57612670542008 9.855528771406485 -2.1999999999999997
    vertex 77.28732332283577 9.269893444909535 24.500000000000004
    vertex 77.28732332283577 9.269893444909535 -2.1999999999999997
  endloop
endfacet
facet normal 0.8968727415326949 -0.4422886902189878 0.0
  outer loop
    vertex 77.28732332283577 9.269893444909535 24.500000000000004
    vertex 77.57612670542008 9.855528771406485 -2.1999999999999997
    vertex 77.57612670542008 9.855528771406485 24.500000000000004
  endloop
endfacet
facet normal 0.963949853228046 0.26608397257562993 0.0
  outer loop
    vertex 78.85302395364026 32.72650836634837 -2.1999999999999997
    vertex 78.89275027638386 32.58259070529081 24.500000000000004
    vertex 78.89275027638386 32.58259070529081 -2.1999999999999997
  endloop
endfacet
facet normal 0.963949853228046 0.26608397257562993 0.0
  outer loop
    vertex 78.89275027638386 32.58259070529081 24.500000000000004
    vertex 78.85302395364026 32.72650836634837 -2.1999999999999997
    vertex 78.85302395364026 32.72650836634837 24.500000000000004
  endloop
endfacet
facet normal 1.0 6.570168548343123e-16 4.573393879385745e-48
  outer loop
    vertex 78.96334570652654 14.841396455022428 -2.1999999999999997
    vertex 78.96334570652652 19.13385947958529 5.4
    vertex 78.96334570652654 14.841396455022428 24.500000000000004
  endloop
endfacet
facet normal 1.0 6.570168548343123e-16 4.573393879385745e-48
  outer loop
    vertex 78.96334570652652 19.13385947958529 5.4
    vertex 78.96334570652654 14.841396455022428 -2.1999999999999997
    vertex 78.96334570652652 32.00970172328859 -2.1999999999999997
  endloop
endfacet
facet normal 1.0 6.570168548343123e-16 4.573393879385745e-48
  outer loop
    vertex 78.96334570652652 19.13385947958529 5.4
    vertex 78.96334570652652 32.00970172328859 -2.1999999999999997
    vertex 78.96334570652651 27.12701891085213 5.4
  endloop
endfacet
facet normal 1.0 6.570168548343123e-16 4.573393879385745e-48
  outer loop
    vertex 78.96334570652651 27.12701891085213 5.4
    vertex 78.96334570652652 32.00970172328859 -2.1999999999999997
    vertex 78.96334570652652 27.12701891085213 8.65
  endloop
endfacet
facet normal 1.0 6.570168548343123e-16 4.573393879385745e-48
  outer loop
    vertex 78.96334570652654 14.841396455022428 24.500000000000004
    vertex 78.96334570652652 19.13385947958529 8.65
    vertex 78.96334570652652 32.00970172328859 24.500000000000004
  endloop
endfacet
facet normal 1.0 6.570168548343123e-16 4.573393879385745e-48
  outer loop
    vertex 78.96334570652652 19.13385947958529 8.65
    vertex 78.96334570652654 14.841396455022428 24.500000000000004
    vertex 78.96334570652652 19.13385947958529 5.4
  endloop
endfacet
facet normal 1.0 6.570168548343123e-16 4.573393879385745e-48
  outer loop
    vertex 78.96334570652652 32.00970172328859 24.500000000000004
    vertex 78.96334570652652 19.13385947958529 8.65
    vertex 78.96334570652652 27.12701891085213 8.65
  endloop
endfacet
facet normal 1.0 6.570168548343123e-16 4.573393879385745e-48
  outer loop
    vertex 78.96334570652652 32.00970172328859 24.500000000000004
    vertex 78.96334570652652 27.12701891085213 8.65
    vertex 78.96334570652652 32.00970172328859 -2.1999999999999997
  endloop
endfacet
facet normal 0.19509032201613016 -0.9807852804032301 0.0
  outer loop
    vertex 74.25619565445452 6.944027380950861 24.500000000000004
    vertex 73.61576755210103 6.816638310975266 -2.1999999999999997
    vertex 74.25619565445452 6.944027380950861 -2.1999999999999997
  endloop
endfacet
facet normal 0.19509032201613016 -0.9807852804032301 0.0
  outer loop
    vertex 73.61576755210103 6.816638310975266 -2.1999999999999997
    vertex 74.25619565445452 6.944027380950861 24.500000000000004
    vertex 73.61576755210103 6.816638310975266 24.500000000000004
  endloop
endfacet
facet normal 0.44228869021900696 -0.8968727415326857 0.0
  outer loop
    vertex 75.46015252187482 7.442722643948576 24.500000000000004
    vertex 74.87451719537786 7.153919261364253 -2.1999999999999997
    vertex 75.46015252187482 7.442722643948576 -2.1999999999999997
  endloop
endfacet
facet normal 0.44228869021900696 -0.8968727415326857 0.0
  outer loop
    vertex 74.87451719537786 7.153919261364253 -2.1999999999999997
    vertex 75.46015252187482 7.442722643948576 24.500000000000004
    vertex 74.87451719537786 7.153919261364253 24.500000000000004
  endloop
endfacet
facet normal 0.7723376025024541 0.6352122698443107 0.0
  outer loop
    vertex 78.41496017880904 33.55086590355659 -2.1999999999999997
    vertex 78.44246421661211 33.517424479918525 24.500000000000004
    vertex 78.44246421661211 33.517424479918525 -2.1999999999999997
  endloop
endfacet
facet normal 0.7723376025024541 0.6352122698443107 0.0
  outer loop
    vertex 78.44246421661211 33.517424479918525 24.500000000000004
    vertex 78.41496017880904 33.55086590355659 -2.1999999999999997
    vertex 78.41496017880904 33.55086590355659 24.500000000000004
  endloop
endfacet
facet normal 0.9678009923336216 -0.25171658514698136 0.0
  outer loop
    vertex 78.87894186812544 14.191337297823653 -2.1999999999999997
    vertex 78.8377998220961 14.033154185055853 24.500000000000004
    vertex 78.8377998220961 14.033154185055853 -2.1999999999999997
  endloop
endfacet
facet normal 0.9678009923336216 -0.25171658514698136 0.0
  outer loop
    vertex 78.8377998220961 14.033154185055853 24.500000000000004
    vertex 78.87894186812544 14.191337297823653 -2.1999999999999997
    vertex 78.87894186812544 14.191337297823653 24.500000000000004
  endloop
endfacet
facet normal 0.9945521841233007 -0.10423988226956322 0.0
  outer loop
    vertex 78.95430490857109 14.6754353274015 -2.1999999999999997
    vertex 78.93726732627617 14.512879841778608 24.500000000000004
    vertex 78.93726732627617 14.512879841778608 -2.1999999999999997
  endloop
endfacet
facet normal 0.9945521841233007 -0.10423988226956322 0.0
  outer loop
    vertex 78.93726732627617 14.512879841778608 24.500000000000004
    vertex 78.95430490857109 14.6754353274015 -2.1999999999999997
    vertex 78.95430490857109 14.6754353274015 24.500000000000004
  endloop
endfacet
facet normal 0.9901460345106312 0.14003867445413756 0.0
  outer loop
    vertex 77.95536536492342 34.331093202803736 -2.1999999999999997
    vertex 77.96012490584106 34.29744078082776 24.500000000000004
    vertex 77.96012490584106 34.29744078082776 -2.1999999999999997
  endloop
endfacet
facet normal 0.9901460345106312 0.14003867445413756 0.0
  outer loop
    vertex 77.96012490584106 34.29744078082776 24.500000000000004
    vertex 77.95536536492342 34.331093202803736 -2.1999999999999997
    vertex 77.95536536492342 34.331093202803736 24.500000000000004
  endloop
endfacet
facet normal 0.988098201913553 -0.15382439135326956 0.0
  outer loop
    vertex 78.93726732627617 14.512879841778608 -2.1999999999999997
    vertex 78.91212535882975 14.351379233144197 24.500000000000004
    vertex 78.91212535882975 14.351379233144197 -2.1999999999999997
  endloop
endfacet
facet normal 0.988098201913553 -0.15382439135326956 0.0
  outer loop
    vertex 78.91212535882975 14.351379233144197 24.500000000000004
    vertex 78.93726732627617 14.512879841778608 -2.1999999999999997
    vertex 78.93726732627617 14.512879841778608 24.500000000000004
  endloop
endfacet
facet normal 0.9463080692312029 0.32326620316375976 0.0
  outer loop
    vertex 78.80476032695638 32.8677921100071 -2.1999999999999997
    vertex 78.85302395364026 32.72650836634837 24.500000000000004
    vertex 78.85302395364026 32.72650836634837 -2.1999999999999997
  endloop
endfacet
facet normal 0.9463080692312029 0.32326620316375976 0.0
  outer loop
    vertex 78.85302395364026 32.72650836634837 24.500000000000004
    vertex 78.80476032695638 32.8677921100071 -2.1999999999999997
    vertex 78.80476032695638 32.8677921100071 24.500000000000004
  endloop
endfacet
facet normal 1.0 -1.6724641459360465e-14 0.0
  outer loop
    vertex 77.95343129716295 12.399367083694525 -2.1999999999999997
    vertex 77.95343129716294 11.724921179571512 24.500000000000004
    vertex 77.95343129716294 11.724921179571512 -2.1999999999999997
  endloop
endfacet
facet normal 1.0 -1.6724641459360465e-14 0.0
  outer loop
    vertex 77.95343129716294 11.724921179571512 24.500000000000004
    vertex 77.95343129716295 12.399367083694525 -2.1999999999999997
    vertex 77.95343129716295 12.399367083694525 24.500000000000004
  endloop
endfacet
facet normal 0.32143946530315654 -0.9469301294951074 0.0
  outer loop
    vertex 74.87451719537786 7.153919261364253 24.500000000000004
    vertex 74.25619565445452 6.944027380950861 -2.1999999999999997
    vertex 74.87451719537786 7.153919261364253 -2.1999999999999997
  endloop
endfacet
facet normal 0.32143946530315654 -0.9469301294951074 0.0
  outer loop
    vertex 74.25619565445452 6.944027380950861 -2.1999999999999997
    vertex 74.87451719537786 7.153919261364253 24.500000000000004
    vertex 74.25619565445452 6.944027380950861 24.500000000000004
  endloop
endfacet
facet normal 0.9992087982608918 0.039771566200293665 0.0
  outer loop
    vertex 77.95343129716294 34.37968413615987 -2.1999999999999997
    vertex 77.95536536492342 34.331093202803736 24.500000000000004
    vertex 77.95536536492342 34.331093202803736 -2.1999999999999997
  endloop
endfacet
facet normal 0.9992087982608918 0.039771566200293665 0.0
  outer loop
    vertex 77.95536536492342 34.331093202803736 24.500000000000004
    vertex 77.95343129716294 34.37968413615987 -2.1999999999999997
    vertex 77.95343129716294 34.37968413615987 24.500000000000004
  endloop
endfacet
facet normal 0.9469301294950941 -0.32143946530319584 0.0
  outer loop
    vertex 77.7860185858335 10.473850312329848 -2.1999999999999997
    vertex 77.57612670542008 9.855528771406485 24.500000000000004
    vertex 77.57612670542008 9.855528771406485 -2.1999999999999997
  endloop
endfacet
facet normal 0.9469301294950941 -0.32143946530319584 0.0
  outer loop
    vertex 77.57612670542008 9.855528771406485 24.500000000000004
    vertex 77.7860185858335 10.473850312329848 -2.1999999999999997
    vertex 77.7860185858335 10.473850312329848 24.500000000000004
  endloop
endfacet
facet normal 0.8984870201020787 -0.43900008508892896 0.0
  outer loop
    vertex 78.66774891805059 13.57368364177841 -2.1999999999999997
    vertex 78.59599615016259 13.426829614197295 24.500000000000004
    vertex 78.59599615016259 13.426829614197295 -2.1999999999999997
  endloop
endfacet
facet normal 0.8984870201020787 -0.43900008508892896 0.0
  outer loop
    vertex 78.59599615016259 13.426829614197295 24.500000000000004
    vertex 78.66774891805059 13.57368364177841 -2.1999999999999997
    vertex 78.66774891805059 13.57368364177841 24.500000000000004
  endloop
endfacet
facet normal 0.9884765076023906 -0.15137435026509974 0.0
  outer loop
    vertex 77.95671335474829 12.47729287282044 -2.1999999999999997
    vertex 77.95258558830966 12.450338503428902 24.500000000000004
    vertex 77.95258558830966 12.450338503428902 -2.1999999999999997
  endloop
endfacet
facet normal 0.9884765076023906 -0.15137435026509974 0.0
  outer loop
    vertex 77.95258558830966 12.450338503428902 24.500000000000004
    vertex 77.95671335474829 12.47729287282044 -2.1999999999999997
    vertex 77.95671335474829 12.47729287282044 24.500000000000004
  endloop
endfacet
facet normal 0.8089051159389419 -0.5879392089389914 0.0
  outer loop
    vertex 78.34692706735319 13.023176886025842 -2.1999999999999997
    vertex 77.96815200530229 12.50204633234837 24.500000000000004
    vertex 77.96815200530229 12.50204633234837 -2.1999999999999997
  endloop
endfacet
facet normal 0.8089051159389419 -0.5879392089389914 0.0
  outer loop
    vertex 77.96815200530229 12.50204633234837 24.500000000000004
    vertex 78.34692706735319 13.023176886025842 -2.1999999999999997
    vertex 78.34692706735319 13.023176886025842 24.500000000000004
  endloop
endfacet
facet normal 0.9077642614942424 -0.419480685555143 0.0
  outer loop
    vertex 77.96815200530229 12.50204633234837 -2.1999999999999997
    vertex 77.95671335474829 12.47729287282044 24.500000000000004
    vertex 77.95671335474829 12.47729287282044 -2.1999999999999997
  endloop
endfacet
facet normal 0.9077642614942424 -0.419480685555143 0.0
  outer loop
    vertex 77.95671335474829 12.47729287282044 24.500000000000004
    vertex 77.96815200530229 12.50204633234837 -2.1999999999999997
    vertex 77.96815200530229 12.50204633234837 24.500000000000004
  endloop
endfacet
facet normal 0.8501630407826956 -0.5265195191890998 0.0
  outer loop
    vertex 78.51699226974127 13.28374589047296 -2.1999999999999997
    vertex 78.4309348084057 13.144790219610544 24.500000000000004
    vertex 78.4309348084057 13.144790219610544 -2.1999999999999997
  endloop
endfacet
facet normal 0.8501630407826956 -0.5265195191890998 0.0
  outer loop
    vertex 78.4309348084057 13.144790219610544 24.500000000000004
    vertex 78.51699226974127 13.28374589047296 -2.1999999999999997
    vertex 78.51699226974127 13.28374589047296 24.500000000000004
  endloop
endfacet
facet normal 0.8227810119472537 -0.5683585192280076 0.0
  outer loop
    vertex 78.4309348084057 13.144790219610544 -2.1999999999999997
    vertex 78.34692706735319 13.023176886025842 24.500000000000004
    vertex 78.34692706735319 13.023176886025842 -2.1999999999999997
  endloop
endfacet
facet normal 0.8227810119472537 -0.5683585192280076 0.0
  outer loop
    vertex 78.34692706735319 13.023176886025842 24.500000000000004
    vertex 78.4309348084057 13.144790219610544 -2.1999999999999997
    vertex 78.4309348084057 13.144790219610544 24.500000000000004
  endloop
endfacet
facet normal 0.9467418595530493 0.321993557963563 0.0
  outer loop
    vertex 77.96801109675026 34.264381036007705 -2.1999999999999997
    vertex 77.97895479869796 34.232203806134294 24.500000000000004
    vertex 77.97895479869796 34.232203806134294 -2.1999999999999997
  endloop
endfacet
facet normal 0.9467418595530493 0.321993557963563 0.0
  outer loop
    vertex 77.97895479869796 34.232203806134294 24.500000000000004
    vertex 77.96801109675026 34.264381036007705 -2.1999999999999997
    vertex 77.96801109675026 34.264381036007705 24.500000000000004
  endloop
endfacet
facet normal 0.9807852804032362 -0.19509032201609983 0.0
  outer loop
    vertex 77.91340765580908 11.11427841468331 -2.1999999999999997
    vertex 77.7860185858335 10.473850312329848 24.500000000000004
    vertex 77.7860185858335 10.473850312329848 -2.1999999999999997
  endloop
endfacet
facet normal 0.9807852804032362 -0.19509032201609983 0.0
  outer loop
    vertex 77.7860185858335 10.473850312329848 24.500000000000004
    vertex 77.91340765580908 11.11427841468331 -2.1999999999999997
    vertex 77.91340765580908 11.11427841468331 24.500000000000004
  endloop
endfacet
facet normal 0.9978589232386021 -0.06540312923016431 0.0
  outer loop
    vertex 77.95343129716294 11.724921179571512 -2.1999999999999997
    vertex 77.91340765580908 11.11427841468331 24.500000000000004
    vertex 77.91340765580908 11.11427841468331 -2.1999999999999997
  endloop
endfacet
facet normal 0.9978589232386021 -0.06540312923016431 0.0
  outer loop
    vertex 77.91340765580908 11.11427841468331 24.500000000000004
    vertex 77.95343129716294 11.724921179571512 -2.1999999999999997
    vertex 77.95343129716294 11.724921179571512 24.500000000000004
  endloop
endfacet
facet normal 0.9985195099566587 -0.054394744561530615 0.0
  outer loop
    vertex 78.96334570652654 14.841396455022428 -2.1999999999999997
    vertex 78.95430490857109 14.6754353274015 24.500000000000004
    vertex 78.95430490857109 14.6754353274015 -2.1999999999999997
  endloop
endfacet
facet normal 0.9985195099566587 -0.054394744561530615 0.0
  outer loop
    vertex 78.95430490857109 14.6754353274015 24.500000000000004
    vertex 78.96334570652654 14.841396455022428 -2.1999999999999997
    vertex 78.96334570652654 14.841396455022428 24.500000000000004
  endloop
endfacet
facet normal 0.9009335112314372 0.4339571503503474 0.0
  outer loop
    vertex 78.6833424511872 33.14044531812361 -2.1999999999999997
    vertex 78.74813223031151 33.00593599352497 24.500000000000004
    vertex 78.74813223031151 33.00593599352497 -2.1999999999999997
  endloop
endfacet
facet normal 0.9009335112314372 0.4339571503503474 0.0
  outer loop
    vertex 78.74813223031151 33.00593599352497 24.500000000000004
    vertex 78.6833424511872 33.14044531812361 -2.1999999999999997
    vertex 78.6833424511872 33.14044531812361 24.500000000000004
  endloop
endfacet
facet normal 0.9888267777770843 0.14906912339914374 0.0
  outer loop
    vertex 78.92379703363474 32.43655450174135 -2.1999999999999997
    vertex 78.9460530457122 32.28892271719128 24.500000000000004
    vertex 78.9460530457122 32.28892271719128 -2.1999999999999997
  endloop
endfacet
facet normal 0.9888267777770843 0.14906912339914374 0.0
  outer loop
    vertex 78.9460530457122 32.28892271719128 24.500000000000004
    vertex 78.92379703363474 32.43655450174135 -2.1999999999999997
    vertex 78.92379703363474 32.43655450174135 24.500000000000004
  endloop
endfacet
facet normal 0.9998623840914772 0.016589541250657452 0.0
  outer loop
    vertex 77.95258558830966 12.450338503428902 -2.1999999999999997
    vertex 77.95343129716295 12.399367083694525 24.500000000000004
    vertex 77.95343129716295 12.399367083694525 -2.1999999999999997
  endloop
endfacet
facet normal 0.9998623840914772 0.016589541250657452 0.0
  outer loop
    vertex 77.95343129716295 12.399367083694525 24.500000000000004
    vertex 77.95258558830966 12.450338503428902 -2.1999999999999997
    vertex 77.95258558830966 12.450338503428902 24.500000000000004
  endloop
endfacet
facet normal 0.9781396942062196 0.20794888462832226 0.0
  outer loop
    vertex 78.89275027638386 32.58259070529081 -2.1999999999999997
    vertex 78.92379703363474 32.43655450174135 24.500000000000004
    vertex 78.92379703363474 32.43655450174135 -2.1999999999999997
  endloop
endfacet
facet normal 0.9781396942062196 0.20794888462832226 0.0
  outer loop
    vertex 78.92379703363474 32.43655450174135 24.500000000000004
    vertex 78.89275027638386 32.58259070529081 -2.1999999999999997
    vertex 78.89275027638386 32.58259070529081 24.500000000000004
  endloop
endfacet
facet normal 0.8426653907659764 0.5384375908173801 0.0
  outer loop
    vertex 78.53023430112965 33.39664829788468 -2.1999999999999997
    vertex 78.61062300437634 33.270838400526486 24.500000000000004
    vertex 78.61062300437634 33.270838400526486 -2.1999999999999997
  endloop
endfacet
facet normal 0.8426653907659764 0.5384375908173801 0.0
  outer loop
    vertex 78.61062300437634 33.270838400526486 24.500000000000004
    vertex 78.53023430112965 33.39664829788468 -2.1999999999999997
    vertex 78.53023430112965 33.39664829788468 24.500000000000004
  endloop
endfacet
facet normal 0.8689399251521203 0.49491757543719106 0.0
  outer loop
    vertex 77.99286006725319 34.20119119191008 -2.1999999999999997
    vertex 78.01175575276608 34.168015535255016 24.500000000000004
    vertex 78.01175575276608 34.168015535255016 -2.1999999999999997
  endloop
endfacet
facet normal 0.8689399251521203 0.49491757543719106 0.0
  outer loop
    vertex 78.01175575276608 34.168015535255016 24.500000000000004
    vertex 77.99286006725319 34.20119119191008 -2.1999999999999997
    vertex 77.99286006725319 34.20119119191008 24.500000000000004
  endloop
endfacet
facet normal 0.9807852804032311 0.1950903220161259 0.0
  outer loop
    vertex 77.7860185858335 36.28018750937434 -2.1999999999999997
    vertex 77.91340765580908 35.63975940702097 24.500000000000004
    vertex 77.91340765580908 35.63975940702097 -2.1999999999999997
  endloop
endfacet
facet normal 0.9807852804032311 0.1950903220161259 0.0
  outer loop
    vertex 77.91340765580908 35.63975940702097 24.500000000000004
    vertex 77.7860185858335 36.28018750937434 -2.1999999999999997
    vertex 77.7860185858335 36.28018750937434 24.500000000000004
  endloop
endfacet
facet normal 0.8371662000158923 0.546948584010372 0.0
  outer loop
    vertex 78.01175575276608 34.168015535255016 -2.1999999999999997
    vertex 78.41496017880904 33.55086590355659 24.500000000000004
    vertex 78.41496017880904 33.55086590355659 -2.1999999999999997
  endloop
endfacet
facet normal 0.8371662000158923 0.546948584010372 0.0
  outer loop
    vertex 78.41496017880904 33.55086590355659 24.500000000000004
    vertex 78.01175575276608 34.168015535255016 -2.1999999999999997
    vertex 78.01175575276608 34.168015535255016 24.500000000000004
  endloop
endfacet
facet normal 0.9791737000734987 -0.2030242967833507 0.0
  outer loop
    vertex 78.91212535882975 14.351379233144197 -2.1999999999999997
    vertex 78.87894186812544 14.191337297823653 24.500000000000004
    vertex 78.87894186812544 14.191337297823653 -2.1999999999999997
  endloop
endfacet
facet normal 0.9791737000734987 -0.2030242967833507 0.0
  outer loop
    vertex 78.87894186812544 14.191337297823653 24.500000000000004
    vertex 78.91212535882975 14.351379233144197 -2.1999999999999997
    vertex 78.91212535882975 14.351379233144197 24.500000000000004
  endloop
endfacet
facet normal 1.0 0.0 0.0
  outer loop
    vertex 77.95343129716294 35.029116642132685 -2.1999999999999997
    vertex 77.95343129716294 34.37968413615987 24.500000000000004
    vertex 77.95343129716294 34.37968413615987 -2.1999999999999997
  endloop
endfacet
facet normal 1.0 0.0 0.0
  outer loop
    vertex 77.95343129716294 34.37968413615987 24.500000000000004
    vertex 77.95343129716294 35.029116642132685 -2.1999999999999997
    vertex 77.95343129716294 35.029116642132685 24.500000000000004
  endloop
endfacet
facet normal 0.9193081472312591 -0.39353847389325197 0.0
  outer loop
    vertex 78.73207117157959 13.723940797406685 -2.1999999999999997
    vertex 78.66774891805059 13.57368364177841 24.500000000000004
    vertex 78.66774891805059 13.57368364177841 -2.1999999999999997
  endloop
endfacet
facet normal 0.9193081472312591 -0.39353847389325197 0.0
  outer loop
    vertex 78.66774891805059 13.57368364177841 24.500000000000004
    vertex 78.73207117157959 13.723940797406685 -2.1999999999999997
    vertex 78.73207117157959 13.723940797406685 24.500000000000004
  endloop
endfacet
facet normal 0.9378307489509754 -0.3470929073346972 0.0
  outer loop
    vertex 78.78880208727064 13.877225396506566 -2.1999999999999997
    vertex 78.73207117157959 13.723940797406685 24.500000000000004
    vertex 78.73207117157959 13.723940797406685 -2.1999999999999997
  endloop
endfacet
facet normal 0.9378307489509754 -0.3470929073346972 0.0
  outer loop
    vertex 78.73207117157959 13.723940797406685 24.500000000000004
    vertex 78.78880208727064 13.877225396506566 -2.1999999999999997
    vertex 78.78880208727064 13.877225396506566 24.500000000000004
  endloop
endfacet
facet normal 0.8754194261578395 -0.4833640742809492 0.0
  outer loop
    vertex 78.59599615016259 13.426829614197295 -2.1999999999999997
    vertex 78.51699226974127 13.28374589047296 24.500000000000004
    vertex 78.51699226974127 13.28374589047296 -2.1999999999999997
  endloop
endfacet
facet normal 0.8754194261578395 -0.4833640742809492 0.0
  outer loop
    vertex 78.51699226974127 13.28374589047296 24.500000000000004
    vertex 78.59599615016259 13.426829614197295 -2.1999999999999997
    vertex 78.59599615016259 13.426829614197295 24.500000000000004
  endloop
endfacet
facet normal 0.9540085136184295 -0.29977951221448557 0.0
  outer loop
    vertex 78.8377998220961 14.033154185055853 -2.1999999999999997
    vertex 78.78880208727064 13.877225396506566 24.500000000000004
    vertex 78.78880208727064 13.877225396506566 -2.1999999999999997
  endloop
endfacet
facet normal 0.9540085136184295 -0.29977951221448557 0.0
  outer loop
    vertex 78.78880208727064 13.877225396506566 24.500000000000004
    vertex 78.8377998220961 14.033154185055853 -2.1999999999999997
    vertex 78.8377998220961 14.033154185055853 24.500000000000004
  endloop
endfacet
facet normal -0.9968535337723038 0.07926558020774437 0.0
  outer loop
    vertex 9.551904898614406 35.663438781073765 24.500000000000004
    vertex 9.538421513433656 35.49387009653987 -2.1999999999999997
    vertex 9.538421513433656 35.49387009653987 24.500000000000004
  endloop
endfacet
facet normal -0.9968535337723038 0.07926558020774437 0.0
  outer loop
    vertex 9.538421513433656 35.49387009653987 -2.1999999999999997
    vertex 9.551904898614406 35.663438781073765 24.500000000000004
    vertex 9.551904898614406 35.663438781073765 -2.1999999999999997
  endloop
endfacet
facet normal 0.9469301294951009 0.3214394653031759 0.0
  outer loop
    vertex 77.57612670542005 36.89850905029785 -2.1999999999999997
    vertex 77.7860185858335 36.28018750937434 24.500000000000004
    vertex 77.7860185858335 36.28018750937434 -2.1999999999999997
  endloop
endfacet
facet normal 0.9469301294951009 0.3214394653031759 0.0
  outer loop
    vertex 77.7860185858335 36.28018750937434 24.500000000000004
    vertex 77.57612670542005 36.89850905029785 -2.1999999999999997
    vertex 77.57612670542005 36.89850905029785 24.500000000000004
  endloop
endfacet
facet normal -0.977979079242244 0.20870294814518678 0.0
  outer loop
    vertex 9.689631412545253 36.308823287993306 24.500000000000004
    vertex 9.551904898614406 35.663438781073765 -2.1999999999999997
    vertex 9.551904898614406 35.663438781073765 24.500000000000004
  endloop
endfacet
facet normal -0.977979079242244 0.20870294814518678 0.0
  outer loop
    vertex 9.551904898614406 35.663438781073765 -2.1999999999999997
    vertex 9.689631412545253 36.308823287993306 24.500000000000004
    vertex 9.689631412545253 36.308823287993306 -2.1999999999999997
  endloop
endfacet
facet normal -0.9857419968857798 0.1682638272940301 0.0
  outer loop
    vertex 7.588155944809874 32.666394060018284 24.500000000000004
    vertex 7.554391966087539 32.46859413864596 -2.1999999999999997
    vertex 7.554391966087539 32.46859413864596 24.500000000000004
  endloop
endfacet
facet normal -0.9857419968857798 0.1682638272940301 0.0
  outer loop
    vertex 7.554391966087539 32.46859413864596 -2.1999999999999997
    vertex 7.588155944809874 32.666394060018284 24.500000000000004
    vertex 7.588155944809874 32.666394060018284 -2.1999999999999997
  endloop
endfacet
facet normal 0.8968727415326955 0.4422886902189869 0.0
  outer loop
    vertex 77.28732332283579 37.48414437679469 -2.1999999999999997
    vertex 77.57612670542005 36.89850905029785 24.500000000000004
    vertex 77.57612670542005 36.89850905029785 -2.1999999999999997
  endloop
endfacet
facet normal 0.8968727415326955 0.4422886902189869 0.0
  outer loop
    vertex 77.57612670542005 36.89850905029785 24.500000000000004
    vertex 77.28732332283579 37.48414437679469 -2.1999999999999997
    vertex 77.28732332283579 37.48414437679469 24.500000000000004
  endloop
endfacet
facet normal -0.8006249210060811 0.5991658667380899 0.0
  outer loop
    vertex 8.180451404507423 33.925889677408954 24.500000000000004
    vertex 8.060222215019543 33.765235523559376 -2.1999999999999997
    vertex 8.060222215019543 33.765235523559376 24.500000000000004
  endloop
endfacet
facet normal -0.8006249210060811 0.5991658667380899 0.0
  outer loop
    vertex 8.060222215019543 33.765235523559376 -2.1999999999999997
    vertex 8.180451404507423 33.925889677408954 24.500000000000004
    vertex 8.180451404507423 33.925889677408954 -2.1999999999999997
  endloop
endfacet
facet normal 0.4422886902190257 0.8968727415326765 0.0
  outer loop
    vertex 74.8745171953779 39.60011856033999 24.500000000000004
    vertex 75.4601525218748 39.31131517775568 -2.1999999999999997
    vertex 74.8745171953779 39.60011856033999 -2.1999999999999997
  endloop
endfacet
facet normal 0.4422886902190257 0.8968727415326765 0.0
  outer loop
    vertex 75.4601525218748 39.31131517775568 -2.1999999999999997
    vertex 74.8745171953779 39.60011856033999 24.500000000000004
    vertex 75.4601525218748 39.31131517775568 24.500000000000004
  endloop
endfacet
facet normal 0.32143946530314604 0.946930129495111 0.0
  outer loop
    vertex 74.25619565445453 39.81001044075339 24.500000000000004
    vertex 74.8745171953779 39.60011856033999 -2.1999999999999997
    vertex 74.25619565445453 39.81001044075339 -2.1999999999999997
  endloop
endfacet
facet normal 0.32143946530314604 0.946930129495111 0.0
  outer loop
    vertex 74.8745171953779 39.60011856033999 -2.1999999999999997
    vertex 74.25619565445453 39.81001044075339 24.500000000000004
    vertex 74.8745171953779 39.60011856033999 24.500000000000004
  endloop
endfacet
facet normal -0.9049317089270351 0.42555681427794834 0.0
  outer loop
    vertex 7.853656033718104 33.42142511849514 24.500000000000004
    vertex 7.7682634008896745 33.239840665931915 -2.1999999999999997
    vertex 7.7682634008896745 33.239840665931915 24.500000000000004
  endloop
endfacet
facet normal -0.9049317089270351 0.42555681427794834 0.0
  outer loop
    vertex 7.7682634008896745 33.239840665931915 -2.1999999999999997
    vertex 7.853656033718104 33.42142511849514 24.500000000000004
    vertex 7.853656033718104 33.42142511849514 -2.1999999999999997
  endloop
endfacet
facet normal -0.7583057524459954 0.6518990610572413 0.0
  outer loop
    vertex 8.311262086640504 34.078052026871504 24.500000000000004
    vertex 8.180451404507423 33.925889677408954 -2.1999999999999997
    vertex 8.180451404507423 33.925889677408954 24.500000000000004
  endloop
endfacet
facet normal -0.7583057524459954 0.6518990610572413 0.0
  outer loop
    vertex 8.180451404507423 33.925889677408954 -2.1999999999999997
    vertex 8.311262086640504 34.078052026871504 24.500000000000004
    vertex 8.311262086640504 34.078052026871504 -2.1999999999999997
  endloop
endfacet
facet normal -0.05152804378365824 0.9986715479595027 0.0
  outer loop
    vertex 13.95517868513363 39.94598086826451 24.500000000000004
    vertex 14.564565573258147 39.97742315208308 -2.1999999999999997
    vertex 13.95517868513363 39.94598086826451 -2.1999999999999997
  endloop
endfacet
facet normal -0.05152804378365824 0.9986715479595027 0.0
  outer loop
    vertex 14.564565573258147 39.97742315208308 -2.1999999999999997
    vertex 13.95517868513363 39.94598086826451 24.500000000000004
    vertex 14.564565573258147 39.97742315208308 24.500000000000004
  endloop
endfacet
facet normal 0.8314696123025388 0.555570233019612 0.0
  outer loop
    vertex 76.924549944028 38.027073106060044 -2.1999999999999997
    vertex 77.28732332283579 37.48414437679469 24.500000000000004
    vertex 77.28732332283579 37.48414437679469 -2.1999999999999997
  endloop
endfacet
facet normal 0.8314696123025388 0.555570233019612 0.0
  outer loop
    vertex 77.28732332283579 37.48414437679469 24.500000000000004
    vertex 76.924549944028 38.027073106060044 -2.1999999999999997
    vertex 76.924549944028 38.027073106060044 24.500000000000004
  endloop
endfacet
facet normal -0.9721181899106555 0.2344914174225382 0.0
  outer loop
    vertex 7.635209214402925 32.86146021539808 24.500000000000004
    vertex 7.588155944809874 32.666394060018284 -2.1999999999999997
    vertex 7.588155944809874 32.666394060018284 24.500000000000004
  endloop
endfacet
facet normal -0.9721181899106555 0.2344914174225382 0.0
  outer loop
    vertex 7.588155944809874 32.666394060018284 -2.1999999999999997
    vertex 7.635209214402925 32.86146021539808 24.500000000000004
    vertex 7.635209214402925 32.86146021539808 -2.1999999999999997
  endloop
endfacet
facet normal -0.9994283738954576 0.03380718048997144 0.0
  outer loop
    vertex 7.534071637078578 32.268964733539825 24.500000000000004
    vertex 7.528003028784717 32.08956085451058 -2.1999999999999997
    vertex 7.528003028784717 32.08956085451058 24.500000000000004
  endloop
endfacet
facet normal -0.9994283738954576 0.03380718048997144 0.0
  outer loop
    vertex 7.528003028784717 32.08956085451058 -2.1999999999999997
    vertex 7.534071637078578 32.268964733539825 24.500000000000004
    vertex 7.534071637078578 32.268964733539825 -2.1999999999999997
  endloop
endfacet
facet normal -1.0 0.0 0.0
  outer loop
    vertex 7.528003028784717 17.34129974187996 24.500000000000004
    vertex 7.528003028784717 15.183781959785126 -2.1999999999999997
    vertex 7.528003028784717 15.183781959785126 24.500000000000004
  endloop
endfacet
facet normal -1.0 0.0 0.0
  outer loop
    vertex 7.528003028784717 15.183781959785126 -2.1999999999999997
    vertex 7.528003028784717 17.34129974187996 24.500000000000004
    vertex 7.528003028784717 17.34129974187996 -2.1999999999999997
  endloop
endfacet
facet normal -0.9948592853888326 0.10126698512161453 0.0
  outer loop
    vertex 7.554391966087539 32.46859413864596 24.500000000000004
    vertex 7.534071637078578 32.268964733539825 -2.1999999999999997
    vertex 7.534071637078578 32.268964733539825 24.500000000000004
  endloop
endfacet
facet normal -0.9948592853888326 0.10126698512161453 0.0
  outer loop
    vertex 7.534071637078578 32.268964733539825 -2.1999999999999997
    vertex 7.554391966087539 32.46859413864596 24.500000000000004
    vertex 7.554391966087539 32.46859413864596 -2.1999999999999997
  endloop
endfacet
facet normal -0.3082474846826542 0.9513062010661011 0.0
  outer loop
    vertex 12.678432858345719 39.622828023645226 24.500000000000004
    vertex 13.306215493512267 39.82624561726616 -2.1999999999999997
    vertex 12.678432858345719 39.622828023645226 -2.1999999999999997
  endloop
endfacet
facet normal -0.3082474846826542 0.9513062010661011 0.0
  outer loop
    vertex 13.306215493512267 39.82624561726616 -2.1999999999999997
    vertex 12.678432858345719 39.622828023645226 24.500000000000004
    vertex 13.306215493512267 39.82624561726616 24.500000000000004
  endloop
endfacet
facet normal 0.5555702330195901 0.8314696123025533 0.0
  outer loop
    vertex 75.4601525218748 39.31131517775568 24.500000000000004
    vertex 76.00308125114012 38.948541798947936 -2.1999999999999997
    vertex 75.4601525218748 39.31131517775568 -2.1999999999999997
  endloop
endfacet
facet normal 0.5555702330195901 0.8314696123025533 0.0
  outer loop
    vertex 76.00308125114012 38.948541798947936 -2.1999999999999997
    vertex 75.4601525218748 39.31131517775568 24.500000000000004
    vertex 76.00308125114012 38.948541798947936 24.500000000000004
  endloop
endfacet
facet normal -0.9540501484464855 0.29964698271339096 0.0
  outer loop
    vertex 7.695336661348886 33.05290082048961 24.500000000000004
    vertex 7.635209214402925 32.86146021539808 -2.1999999999999997
    vertex 7.635209214402925 32.86146021539808 24.500000000000004
  endloop
endfacet
facet normal -0.9540501484464855 0.29964698271339096 0.0
  outer loop
    vertex 7.635209214402925 32.86146021539808 -2.1999999999999997
    vertex 7.695336661348886 33.05290082048961 24.500000000000004
    vertex 7.695336661348886 33.05290082048961 -2.1999999999999997
  endloop
endfacet
facet normal 0.6593458151000741 0.7518398074789729 0.0
  outer loop
    vertex 76.00308125114012 38.948541798947936 24.500000000000004
    vertex 76.49401372208797 38.518005577007784 -2.1999999999999997
    vertex 76.00308125114012 38.948541798947936 -2.1999999999999997
  endloop
endfacet
facet normal 0.6593458151000741 0.7518398074789729 0.0
  outer loop
    vertex 76.49401372208797 38.518005577007784 -2.1999999999999997
    vertex 76.00308125114012 38.948541798947936 24.500000000000004
    vertex 76.49401372208797 38.518005577007784 24.500000000000004
  endloop
endfacet
facet normal -0.7583969102086052 0.6517930090036567 0.0
  outer loop
    vertex 9.538421513433656 35.49387009653987 24.500000000000004
    vertex 8.392639523308851 34.16068991651367 -2.1999999999999997
    vertex 8.392639523308851 34.16068991651367 24.500000000000004
  endloop
endfacet
facet normal -0.7583969102086052 0.6517930090036567 0.0
  outer loop
    vertex 8.392639523308851 34.16068991651367 -2.1999999999999997
    vertex 9.538421513433656 35.49387009653987 24.500000000000004
    vertex 9.538421513433656 35.49387009653987 -2.1999999999999997
  endloop
endfacet
facet normal 0.7518398074789882 0.6593458151000565 0.0
  outer loop
    vertex 76.49401372208797 38.518005577007784 -2.1999999999999997
    vertex 76.924549944028 38.027073106060044 24.500000000000004
    vertex 76.924549944028 38.027073106060044 -2.1999999999999997
  endloop
endfacet
facet normal 0.7518398074789882 0.6593458151000565 0.0
  outer loop
    vertex 76.924549944028 38.027073106060044 24.500000000000004
    vertex 76.49401372208797 38.518005577007784 -2.1999999999999997
    vertex 76.49401372208797 38.518005577007784 24.500000000000004
  endloop
endfacet
facet normal -0.874105865730639 0.48573545834671167 0.0
  outer loop
    vertex 7.951124170180024 33.59682402820864 24.500000000000004
    vertex 7.853656033718104 33.42142511849514 -2.1999999999999997
    vertex 7.853656033718104 33.42142511849514 24.500000000000004
  endloop
endfacet
facet normal -0.874105865730639 0.48573545834671167 0.0
  outer loop
    vertex 7.853656033718104 33.42142511849514 -2.1999999999999997
    vertex 7.951124170180024 33.59682402820864 24.500000000000004
    vertex 7.951124170180024 33.59682402820864 -2.1999999999999997
  endloop
endfacet
facet normal -0.8392838711651215 0.5436934647410134 0.0
  outer loop
    vertex 8.060222215019543 33.765235523559376 24.500000000000004
    vertex 7.951124170180024 33.59682402820864 -2.1999999999999997
    vertex 7.951124170180024 33.59682402820864 24.500000000000004
  endloop
endfacet
facet normal -0.8392838711651215 0.5436934647410134 0.0
  outer loop
    vertex 7.951124170180024 33.59682402820864 -2.1999999999999997
    vertex 8.060222215019543 33.765235523559376 24.500000000000004
    vertex 8.060222215019543 33.765235523559376 -2.1999999999999997
  endloop
endfacet
facet normal 4.246315466552876e-15 1.0 0.0
  outer loop
    vertex 51.28800338662126 39.97742315208288 13.209999999999997
    vertex 53.43800338662127 39.97742315208289 5.999999999999997
    vertex 51.28800338662126 39.97742315208296 5.999999999999997
  endloop
endfacet
facet normal 4.246315466552876e-15 1.0 0.0
  outer loop
    vertex 53.43800338662127 39.97742315208289 5.999999999999997
    vertex 51.28800338662126 39.97742315208288 13.209999999999997
    vertex 53.43800338662127 39.97742315208288 13.200000000000005
  endloop
endfacet
facet normal 4.246315466552876e-15 1.0 0.0
  outer loop
    vertex 53.43800338662127 39.97742315208288 13.200000000000005
    vertex 51.28800338662126 39.97742315208288 13.209999999999997
    vertex 68.73800338662126 39.97742315208288 13.200000000000005
  endloop
endfacet
facet normal 4.246315466552876e-15 1.0 0.0
  outer loop
    vertex 14.564565573258147 39.97742315208308 -2.1999999999999997
    vertex 18.538003386621263 39.97742315208294 5.999999999999997
    vertex 73.00512478721284 39.97742315208283 -2.1999999999999997
  endloop
endfacet
facet normal 4.246315466552876e-15 1.0 0.0
  outer loop
    vertex 18.538003386621263 39.97742315208294 5.999999999999997
    vertex 14.564565573258147 39.97742315208308 -2.1999999999999997
    vertex 14.564565573258147 39.97742315208308 24.500000000000004
  endloop
endfacet
facet normal 4.246315466552876e-15 1.0 0.0
  outer loop
    vertex 18.538003386621263 39.97742315208294 5.999999999999997
    vertex 14.564565573258147 39.97742315208308 24.500000000000004
    vertex 18.538003386621263 39.9774231520829 13.200000000000005
  endloop
endfacet
facet normal 4.246315466552876e-15 1.0 0.0
  outer loop
    vertex 18.538003386621263 39.9774231520829 13.200000000000005
    vertex 14.564565573258147 39.97742315208308 24.500000000000004
    vertex 33.83800338662126 39.97742315208289 13.200000000000005
  endloop
endfacet
facet normal 4.246315466552876e-15 1.0 0.0
  outer loop
    vertex 33.83800338662126 39.97742315208289 13.200000000000005
    vertex 14.564565573258147 39.97742315208308 24.500000000000004
    vertex 35.988003386621266 39.97742315208288 13.209999999999997
  endloop
endfacet
facet normal 4.246315466552876e-15 1.0 0.0
  outer loop
    vertex 35.988003386621266 39.97742315208288 13.209999999999997
    vertex 14.564565573258147 39.97742315208308 24.500000000000004
    vertex 51.28800338662126 39.97742315208288 13.209999999999997
  endloop
endfacet
facet normal 4.246315466552876e-15 1.0 0.0
  outer loop
    vertex 73.00512478721284 39.97742315208283 -2.1999999999999997
    vertex 68.73800338662126 39.9774231520829 5.999999999999997
    vertex 73.00512478721284 39.97742315208283 24.500000000000004
  endloop
endfacet
facet normal 4.246315466552876e-15 1.0 0.0
  outer loop
    vertex 68.73800338662126 39.9774231520829 5.999999999999997
    vertex 73.00512478721284 39.97742315208283 -2.1999999999999997
    vertex 18.538003386621263 39.97742315208294 5.999999999999997
  endloop
endfacet
facet normal 4.246315466552876e-15 1.0 0.0
  outer loop
    vertex 68.73800338662126 39.9774231520829 5.999999999999997
    vertex 18.538003386621263 39.97742315208294 5.999999999999997
    vertex 33.83800338662126 39.977423152082906 5.999999999999997
  endloop
endfacet
facet normal 4.246315466552876e-15 1.0 0.0
  outer loop
    vertex 68.73800338662126 39.9774231520829 5.999999999999997
    vertex 33.83800338662126 39.977423152082906 5.999999999999997
    vertex 35.988003386621266 39.97742315208297 5.999999999999997
  endloop
endfacet
facet normal 4.246315466552876e-15 1.0 0.0
  outer loop
    vertex 68.73800338662126 39.9774231520829 5.999999999999997
    vertex 35.988003386621266 39.97742315208297 5.999999999999997
    vertex 51.28800338662126 39.97742315208296 5.999999999999997
  endloop
endfacet
facet normal 4.246315466552876e-15 1.0 0.0
  outer loop
    vertex 68.73800338662126 39.9774231520829 5.999999999999997
    vertex 51.28800338662126 39.97742315208296 5.999999999999997
    vertex 53.43800338662127 39.97742315208289 5.999999999999997
  endloop
endfacet
facet normal 4.246315466552876e-15 1.0 0.0
  outer loop
    vertex 73.00512478721284 39.97742315208283 24.500000000000004
    vertex 68.73800338662126 39.9774231520829 5.999999999999997
    vertex 68.73800338662126 39.97742315208288 13.200000000000005
  endloop
endfacet
facet normal 4.246315466552876e-15 1.0 0.0
  outer loop
    vertex 73.00512478721284 39.97742315208283 24.500000000000004
    vertex 68.73800338662126 39.97742315208288 13.200000000000005
    vertex 51.28800338662126 39.97742315208288 13.209999999999997
  endloop
endfacet
facet normal 4.246315466552876e-15 1.0 0.0
  outer loop
    vertex 73.00512478721284 39.97742315208283 24.500000000000004
    vertex 51.28800338662126 39.97742315208288 13.209999999999997
    vertex 14.564565573258147 39.97742315208308 24.500000000000004
  endloop
endfacet
facet normal 4.246315466552876e-15 1.0 0.0
  outer loop
    vertex 33.83800338662126 39.97742315208289 13.200000000000005
    vertex 35.988003386621266 39.97742315208297 5.999999999999997
    vertex 33.83800338662126 39.977423152082906 5.999999999999997
  endloop
endfacet
facet normal 4.246315466552876e-15 1.0 0.0
  outer loop
    vertex 35.988003386621266 39.97742315208297 5.999999999999997
    vertex 33.83800338662126 39.97742315208289 13.200000000000005
    vertex 35.988003386621266 39.97742315208288 13.209999999999997
  endloop
endfacet
facet normal -0.7125198361043367 0.7016519672585898 0.0
  outer loop
    vertex 8.392639523308851 34.16068991651367 24.500000000000004
    vertex 8.311262086640504 34.078052026871504 -2.1999999999999997
    vertex 8.311262086640504 34.078052026871504 24.500000000000004
  endloop
endfacet
facet normal -0.7125198361043367 0.7016519672585898 0.0
  outer loop
    vertex 8.311262086640504 34.078052026871504 -2.1999999999999997
    vertex 8.392639523308851 34.16068991651367 24.500000000000004
    vertex 8.392639523308851 34.16068991651367 -2.1999999999999997
  endloop
endfacet
facet normal 0.06540312923013827 0.9978589232386038 0.0
  outer loop
    vertex 73.00512478721284 39.97742315208283 24.500000000000004
    vertex 73.61576755210102 39.93739951072899 -2.1999999999999997
    vertex 73.00512478721284 39.97742315208283 -2.1999999999999997
  endloop
endfacet
facet normal 0.06540312923013827 0.9978589232386038 0.0
  outer loop
    vertex 73.61576755210102 39.93739951072899 -2.1999999999999997
    vertex 73.00512478721284 39.97742315208283 24.500000000000004
    vertex 73.61576755210102 39.93739951072899 24.500000000000004
  endloop
endfacet
facet normal -0.6488326643005223 0.7609311228598065 0.0
  outer loop
    vertex 11.026678216744795 38.5520648445569 24.500000000000004
    vertex 11.528829201310883 38.98024020946069 -2.1999999999999997
    vertex 11.026678216744795 38.5520648445569 -2.1999999999999997
  endloop
endfacet
facet normal -0.6488326643005223 0.7609311228598065 0.0
  outer loop
    vertex 11.528829201310883 38.98024020946069 -2.1999999999999997
    vertex 11.026678216744795 38.5520648445569 24.500000000000004
    vertex 11.528829201310883 38.98024020946069 24.500000000000004
  endloop
endfacet
facet normal -0.5439603689037463 0.8391109086778101 0.0
  outer loop
    vertex 11.528829201310883 38.98024020946069 24.500000000000004
    vertex 12.082572314575993 39.339208618826525 -2.1999999999999997
    vertex 11.528829201310883 38.98024020946069 -2.1999999999999997
  endloop
endfacet
facet normal -0.5439603689037463 0.8391109086778101 0.0
  outer loop
    vertex 12.082572314575993 39.339208618826525 -2.1999999999999997
    vertex 11.528829201310883 38.98024020946069 24.500000000000004
    vertex 12.082572314575993 39.339208618826525 24.500000000000004
  endloop
endfacet
facet normal -0.8906389524614834 0.45471117905579533 0.0
  outer loop
    vertex 10.210490637838276 37.51845684185708 24.500000000000004
    vertex 9.910419239262902 36.93070952355764 -2.1999999999999997
    vertex 9.910419239262902 36.93070952355764 24.500000000000004
  endloop
endfacet
facet normal -0.8906389524614834 0.45471117905579533 0.0
  outer loop
    vertex 9.910419239262902 36.93070952355764 -2.1999999999999997
    vertex 10.210490637838276 37.51845684185708 24.500000000000004
    vertex 10.210490637838276 37.51845684185708 -2.1999999999999997
  endloop
endfacet
facet normal -0.8236676939952128 0.567072772991799 0.0
  outer loop
    vertex 10.584711303446326 38.06200872332115 24.500000000000004
    vertex 10.210490637838276 37.51845684185708 -2.1999999999999997
    vertex 10.210490637838276 37.51845684185708 24.500000000000004
  endloop
endfacet
facet normal -0.8236676939952128 0.567072772991799 0.0
  outer loop
    vertex 10.210490637838276 37.51845684185708 -2.1999999999999997
    vertex 10.584711303446326 38.06200872332115 24.500000000000004
    vertex 10.584711303446326 38.06200872332115 -2.1999999999999997
  endloop
endfacet
facet normal -0.942371131519313 0.3345693507765017 0.0
  outer loop
    vertex 9.910419239262902 36.93070952355764 24.500000000000004
    vertex 9.689631412545253 36.308823287993306 -2.1999999999999997
    vertex 9.689631412545253 36.308823287993306 24.500000000000004
  endloop
endfacet
facet normal -0.942371131519313 0.3345693507765017 0.0
  outer loop
    vertex 9.689631412545253 36.308823287993306 -2.1999999999999997
    vertex 9.910419239262902 36.93070952355764 24.500000000000004
    vertex 9.910419239262902 36.93070952355764 -2.1999999999999997
  endloop
endfacet
facet normal 0.19509032201613602 0.980785280403229 0.0
  outer loop
    vertex 73.61576755210102 39.93739951072899 24.500000000000004
    vertex 74.25619565445453 39.81001044075339 -2.1999999999999997
    vertex 73.61576755210102 39.93739951072899 -2.1999999999999997
  endloop
endfacet
facet normal 0.19509032201613602 0.980785280403229 0.0
  outer loop
    vertex 74.25619565445453 39.81001044075339 -2.1999999999999997
    vertex 73.61576755210102 39.93739951072899 24.500000000000004
    vertex 74.25619565445453 39.81001044075339 24.500000000000004
  endloop
endfacet
facet normal -0.4297807607805206 0.9029332742029819 0.0
  outer loop
    vertex 12.082572314575993 39.339208618826525 24.500000000000004
    vertex 12.678432858345719 39.622828023645226 -2.1999999999999997
    vertex 12.082572314575993 39.339208618826525 -2.1999999999999997
  endloop
endfacet
facet normal -0.4297807607805206 0.9029332742029819 0.0
  outer loop
    vertex 12.678432858345719 39.622828023645226 -2.1999999999999997
    vertex 12.082572314575993 39.339208618826525 24.500000000000004
    vertex 12.678432858345719 39.622828023645226 24.500000000000004
  endloop
endfacet
facet normal -0.7426032529209474 0.6697315945595128 0.0
  outer loop
    vertex 11.026678216744795 38.5520648445569 24.500000000000004
    vertex 10.584711303446326 38.06200872332115 -2.1999999999999997
    vertex 10.584711303446326 38.06200872332115 24.500000000000004
  endloop
endfacet
facet normal -0.7426032529209474 0.6697315945595128 0.0
  outer loop
    vertex 10.584711303446326 38.06200872332115 -2.1999999999999997
    vertex 11.026678216744795 38.5520648445569 24.500000000000004
    vertex 11.026678216744795 38.5520648445569 -2.1999999999999997
  endloop
endfacet
facet normal -0.9316204741911475 0.3634326513507853 0.0
  outer loop
    vertex 7.7682634008896745 33.239840665931915 24.500000000000004
    vertex 7.695336661348886 33.05290082048961 -2.1999999999999997
    vertex 7.695336661348886 33.05290082048961 24.500000000000004
  endloop
endfacet
facet normal -0.9316204741911475 0.3634326513507853 0.0
  outer loop
    vertex 7.695336661348886 33.05290082048961 -2.1999999999999997
    vertex 7.7682634008896745 33.239840665931915 24.500000000000004
    vertex 7.7682634008896745 33.239840665931915 -2.1999999999999997
  endloop
endfacet
facet normal -0.18144000865959753 0.9834020150770515 0.0
  outer loop
    vertex 13.306215493512267 39.82624561726616 24.500000000000004
    vertex 13.95517868513363 39.94598086826451 -2.1999999999999997
    vertex 13.306215493512267 39.82624561726616 -2.1999999999999997
  endloop
endfacet
facet normal -0.18144000865959753 0.9834020150770515 0.0
  outer loop
    vertex 13.95517868513363 39.94598086826451 -2.1999999999999997
    vertex 13.306215493512267 39.82624561726616 24.500000000000004
    vertex 13.95517868513363 39.94598086826451 24.500000000000004
  endloop
endfacet
facet normal -1.0 0.0 0.0
  outer loop
    vertex 7.528003028784717 32.08956085451058 24.500000000000004
    vertex 7.528003028784717 30.726423589595907 -2.1999999999999997
    vertex 7.528003028784717 30.726423589595907 24.500000000000004
  endloop
endfacet
facet normal -1.0 0.0 0.0
  outer loop
    vertex 7.528003028784717 30.726423589595907 -2.1999999999999997
    vertex 7.528003028784717 32.08956085451058 24.500000000000004
    vertex 7.528003028784717 32.08956085451058 -2.1999999999999997
  endloop
endfacet
facet normal 0.7933533402912349 0.6087614290087212 0.0
  outer loop
    vertex 12.337423847672758 10.5508551760754 -2.1999999999999997
    vertex 12.774450059816958 9.981311527812395 0.0
    vertex 12.774450059816958 9.981311527812395 -2.1999999999999997
  endloop
endfacet
facet normal 0.7933533402912349 0.6087614290087212 0.0
  outer loop
    vertex 12.774450059816958 9.981311527812395 0.0
    vertex 12.337423847672758 10.5508551760754 -2.1999999999999997
    vertex 12.337423847672758 10.5508551760754 0.0
  endloop
endfacet
facet normal 0.9914448613738105 -0.13052619222005127 0.0
  outer loop
    vertex 12.062697685785025 35.699935019660785 -2.1999999999999997
    vertex 11.968993708079964 34.988182645628854 0.0
    vertex 11.968993708079964 34.988182645628854 -2.1999999999999997
  endloop
endfacet
facet normal 0.9914448613738105 -0.13052619222005127 0.0
  outer loop
    vertex 11.968993708079964 34.988182645628854 0.0
    vertex 12.062697685785025 35.699935019660785 -2.1999999999999997
    vertex 12.062697685785025 35.699935019660785 0.0
  endloop
endfacet
facet normal 0.9238795325112867 0.3826834323650901 0.0
  outer loop
    vertex 12.062697685785025 11.214102802043469 -2.1999999999999997
    vertex 12.337423847672758 10.5508551760754 0.0
    vertex 12.337423847672758 10.5508551760754 -2.1999999999999997
  endloop
endfacet
facet normal 0.9238795325112867 0.3826834323650901 0.0
  outer loop
    vertex 12.337423847672758 10.5508551760754 0.0
    vertex 12.062697685785025 11.214102802043469 -2.1999999999999997
    vertex 12.062697685785025 11.214102802043469 0.0
  endloop
endfacet
facet normal -1.0 0.0 0.0
  outer loop
    vertex 75.63868765491155 34.988182645628854 0.0
    vertex 75.63868765491155 11.9258551760754 -2.1999999999999997
    vertex 75.63868765491155 11.9258551760754 0.0
  endloop
endfacet
facet normal -1.0 0.0 0.0
  outer loop
    vertex 75.63868765491155 11.9258551760754 -2.1999999999999997
    vertex 75.63868765491155 34.988182645628854 0.0
    vertex 75.63868765491155 34.988182645628854 -2.1999999999999997
  endloop
endfacet
facet normal 0.3826834323650901 0.9238795325112867 0.0
  outer loop
    vertex 13.343993708079964 9.544285315668194 0.0
    vertex 14.007241334048032 9.269559153780463 -2.1999999999999997
    vertex 13.343993708079964 9.544285315668194 -2.1999999999999997
  endloop
endfacet
facet normal 0.3826834323650901 0.9238795325112867 0.0
  outer loop
    vertex 14.007241334048032 9.269559153780463 -2.1999999999999997
    vertex 13.343993708079964 9.544285315668194 0.0
    vertex 14.007241334048032 9.269559153780463 0.0
  endloop
endfacet
facet normal 0.13052619222005174 0.9914448613738105 0.0
  outer loop
    vertex 14.007241334048032 9.269559153780463 0.0
    vertex 14.718993708079964 9.1758551760754 -2.1999999999999997
    vertex 14.007241334048032 9.269559153780463 -2.1999999999999997
  endloop
endfacet
facet normal 0.13052619222005174 0.9914448613738105 0.0
  outer loop
    vertex 14.718993708079964 9.1758551760754 -2.1999999999999997
    vertex 14.007241334048032 9.269559153780463 0.0
    vertex 14.718993708079964 9.1758551760754 0.0
  endloop
endfacet
facet normal -9.69565521567093e-17 1.0 0.0
  outer loop
    vertex 14.718993708079964 9.1758551760754 0.0
    vertex 72.88868765491155 9.175855176075405 -2.1999999999999997
    vertex 14.718993708079964 9.1758551760754 -2.1999999999999997
  endloop
endfacet
facet normal -9.69565521567093e-17 1.0 0.0
  outer loop
    vertex 72.88868765491155 9.175855176075405 -2.1999999999999997
    vertex 14.718993708079964 9.1758551760754 0.0
    vertex 72.88868765491155 9.175855176075405 0.0
  endloop
endfacet
facet normal -0.1305261922200493 0.9914448613738107 0.0
  outer loop
    vertex 72.88868765491155 9.175855176075405 0.0
    vertex 73.60044002894348 9.269559153780467 -2.1999999999999997
    vertex 72.88868765491155 9.175855176075405 -2.1999999999999997
  endloop
endfacet
facet normal -0.1305261922200493 0.9914448613738107 0.0
  outer loop
    vertex 73.60044002894348 9.269559153780467 -2.1999999999999997
    vertex 72.88868765491155 9.175855176075405 0.0
    vertex 73.60044002894348 9.269559153780467 0.0
  endloop
endfacet
facet normal -0.7933533402912316 0.6087614290087255 0.0
  outer loop
    vertex 75.27025751531876 10.550855176075402 0.0
    vertex 74.83323130317456 9.981311527812398 -2.1999999999999997
    vertex 74.83323130317456 9.981311527812398 0.0
  endloop
endfacet
facet normal -0.7933533402912316 0.6087614290087255 0.0
  outer loop
    vertex 74.83323130317456 9.981311527812398 -2.1999999999999997
    vertex 75.27025751531876 10.550855176075402 0.0
    vertex 75.27025751531876 10.550855176075402 -2.1999999999999997
  endloop
endfacet
facet normal -0.6087614290087201 0.7933533402912355 0.0
  outer loop
    vertex 74.26368765491155 9.544285315668198 0.0
    vertex 74.83323130317456 9.981311527812398 -2.1999999999999997
    vertex 74.26368765491155 9.544285315668198 -2.1999999999999997
  endloop
endfacet
facet normal -0.6087614290087201 0.7933533402912355 0.0
  outer loop
    vertex 74.83323130317456 9.981311527812398 -2.1999999999999997
    vertex 74.26368765491155 9.544285315668198 0.0
    vertex 74.83323130317456 9.981311527812398 0.0
  endloop
endfacet
facet normal -0.3826834323650941 0.9238795325112852 0.0
  outer loop
    vertex 73.60044002894348 9.269559153780467 0.0
    vertex 74.26368765491155 9.544285315668198 -2.1999999999999997
    vertex 73.60044002894348 9.269559153780467 -2.1999999999999997
  endloop
endfacet
facet normal -0.3826834323650941 0.9238795325112852 0.0
  outer loop
    vertex 74.26368765491155 9.544285315668198 -2.1999999999999997
    vertex 73.60044002894348 9.269559153780467 0.0
    vertex 74.26368765491155 9.544285315668198 0.0
  endloop
endfacet
facet normal -0.9914448613738107 0.13052619222004957 0.0
  outer loop
    vertex 75.63868765491155 11.9258551760754 0.0
    vertex 75.54498367720649 11.214102802043467 -2.1999999999999997
    vertex 75.54498367720649 11.214102802043467 0.0
  endloop
endfacet
facet normal -0.9914448613738107 0.13052619222004957 0.0
  outer loop
    vertex 75.54498367720649 11.214102802043467 -2.1999999999999997
    vertex 75.63868765491155 11.9258551760754 0.0
    vertex 75.63868765491155 11.9258551760754 -2.1999999999999997
  endloop
endfacet
facet normal -0.9238795325112867 0.3826834323650899 0.0
  outer loop
    vertex 75.54498367720649 11.214102802043467 0.0
    vertex 75.27025751531876 10.550855176075402 -2.1999999999999997
    vertex 75.27025751531876 10.550855176075402 0.0
  endloop
endfacet
facet normal -0.9238795325112867 0.3826834323650899 0.0
  outer loop
    vertex 75.27025751531876 10.550855176075402 -2.1999999999999997
    vertex 75.54498367720649 11.214102802043467 0.0
    vertex 75.54498367720649 11.214102802043467 -2.1999999999999997
  endloop
endfacet
facet normal -0.6087614290087303 -0.7933533402912278 0.0
  outer loop
    vertex 74.83323130317456 36.932726293891854 0.0
    vertex 74.26368765491155 37.36975250603606 -2.1999999999999997
    vertex 74.83323130317456 36.932726293891854 -2.1999999999999997
  endloop
endfacet
facet normal -0.6087614290087303 -0.7933533402912278 0.0
  outer loop
    vertex 74.26368765491155 37.36975250603606 -2.1999999999999997
    vertex 74.83323130317456 36.932726293891854 0.0
    vertex 74.26368765491155 37.36975250603606 0.0
  endloop
endfacet
facet normal -0.7933533402912307 -0.6087614290087264 0.0
  outer loop
    vertex 74.83323130317456 36.932726293891854 0.0
    vertex 75.27025751531876 36.363182645628854 -2.1999999999999997
    vertex 75.27025751531876 36.363182645628854 0.0
  endloop
endfacet
facet normal -0.7933533402912307 -0.6087614290087264 0.0
  outer loop
    vertex 75.27025751531876 36.363182645628854 -2.1999999999999997
    vertex 74.83323130317456 36.932726293891854 0.0
    vertex 74.83323130317456 36.932726293891854 -2.1999999999999997
  endloop
endfacet
facet normal -0.9238795325112873 -0.38268343236508845 0.0
  outer loop
    vertex 75.27025751531876 36.363182645628854 0.0
    vertex 75.54498367720649 35.699935019660785 -2.1999999999999997
    vertex 75.54498367720649 35.699935019660785 0.0
  endloop
endfacet
facet normal -0.9238795325112873 -0.38268343236508845 0.0
  outer loop
    vertex 75.54498367720649 35.699935019660785 -2.1999999999999997
    vertex 75.27025751531876 36.363182645628854 0.0
    vertex 75.27025751531876 36.363182645628854 -2.1999999999999997
  endloop
endfacet
facet normal -0.9914448613738107 -0.13052619222005035 0.0
  outer loop
    vertex 75.54498367720649 35.699935019660785 0.0
    vertex 75.63868765491155 34.988182645628854 -2.1999999999999997
    vertex 75.63868765491155 34.988182645628854 0.0
  endloop
endfacet
facet normal -0.9914448613738107 -0.13052619222005035 0.0
  outer loop
    vertex 75.63868765491155 34.988182645628854 -2.1999999999999997
    vertex 75.54498367720649 35.699935019660785 0.0
    vertex 75.54498367720649 35.699935019660785 -2.1999999999999997
  endloop
endfacet
facet normal -9.69565521567093e-17 -1.0 0.0
  outer loop
    vertex 72.88868765491155 37.73818264562885 0.0
    vertex 14.718993708079964 37.738182645628854 -2.1999999999999997
    vertex 72.88868765491155 37.73818264562885 -2.1999999999999997
  endloop
endfacet
facet normal -9.69565521567093e-17 -1.0 0.0
  outer loop
    vertex 14.718993708079964 37.738182645628854 -2.1999999999999997
    vertex 72.88868765491155 37.73818264562885 0.0
    vertex 14.718993708079964 37.738182645628854 0.0
  endloop
endfacet
facet normal -0.1305261922200493 -0.9914448613738107 0.0
  outer loop
    vertex 73.60044002894348 37.644478667923785 0.0
    vertex 72.88868765491155 37.73818264562885 -2.1999999999999997
    vertex 73.60044002894348 37.644478667923785 -2.1999999999999997
  endloop
endfacet
facet normal -0.1305261922200493 -0.9914448613738107 0.0
  outer loop
    vertex 72.88868765491155 37.73818264562885 -2.1999999999999997
    vertex 73.60044002894348 37.644478667923785 0.0
    vertex 72.88868765491155 37.73818264562885 0.0
  endloop
endfacet
facet normal -0.38268343236508845 -0.9238795325112873 0.0
  outer loop
    vertex 74.26368765491155 37.36975250603606 0.0
    vertex 73.60044002894348 37.644478667923785 -2.1999999999999997
    vertex 74.26368765491155 37.36975250603606 -2.1999999999999997
  endloop
endfacet
facet normal -0.38268343236508845 -0.9238795325112873 0.0
  outer loop
    vertex 73.60044002894348 37.644478667923785 -2.1999999999999997
    vertex 74.26368765491155 37.36975250603606 0.0
    vertex 73.60044002894348 37.644478667923785 0.0
  endloop
endfacet
facet normal 0.6087614290087209 0.7933533402912349 0.0
  outer loop
    vertex 12.774450059816958 9.981311527812395 0.0
    vertex 13.343993708079964 9.544285315668194 -2.1999999999999997
    vertex 12.774450059816958 9.981311527812395 -2.1999999999999997
  endloop
endfacet
facet normal 0.6087614290087209 0.7933533402912349 0.0
  outer loop
    vertex 13.343993708079964 9.544285315668194 -2.1999999999999997
    vertex 12.774450059816958 9.981311527812395 0.0
    vertex 13.343993708079964 9.544285315668194 0.0
  endloop
endfacet
facet normal 0.38268343236508984 -0.9238795325112867 0.0
  outer loop
    vertex 14.007241334048032 37.64447866792379 0.0
    vertex 13.343993708079967 37.369752506036065 -2.1999999999999997
    vertex 14.007241334048032 37.64447866792379 -2.1999999999999997
  endloop
endfacet
facet normal 0.38268343236508984 -0.9238795325112867 0.0
  outer loop
    vertex 13.343993708079967 37.369752506036065 -2.1999999999999997
    vertex 14.007241334048032 37.64447866792379 0.0
    vertex 13.343993708079967 37.369752506036065 0.0
  endloop
endfacet
facet normal 0.13052619222004982 -0.9914448613738107 0.0
  outer loop
    vertex 14.718993708079964 37.738182645628854 0.0
    vertex 14.007241334048032 37.64447866792379 -2.1999999999999997
    vertex 14.718993708079964 37.738182645628854 -2.1999999999999997
  endloop
endfacet
facet normal 0.13052619222004982 -0.9914448613738107 0.0
  outer loop
    vertex 14.007241334048032 37.64447866792379 -2.1999999999999997
    vertex 14.718993708079964 37.738182645628854 0.0
    vertex 14.007241334048032 37.64447866792379 0.0
  endloop
endfacet
facet normal 0.9914448613738105 0.13052619222005174 0.0
  outer loop
    vertex 11.968993708079964 11.9258551760754 -2.1999999999999997
    vertex 12.062697685785025 11.214102802043469 0.0
    vertex 12.062697685785025 11.214102802043469 -2.1999999999999997
  endloop
endfacet
facet normal 0.9914448613738105 0.13052619222005174 0.0
  outer loop
    vertex 12.062697685785025 11.214102802043469 0.0
    vertex 11.968993708079964 11.9258551760754 -2.1999999999999997
    vertex 11.968993708079964 11.9258551760754 0.0
  endloop
endfacet
facet normal 0.6087614290087227 -0.7933533402912336 0.0
  outer loop
    vertex 13.343993708079967 37.369752506036065 0.0
    vertex 12.774450059816958 36.93272629389186 -2.1999999999999997
    vertex 13.343993708079967 37.369752506036065 -2.1999999999999997
  endloop
endfacet
facet normal 0.6087614290087227 -0.7933533402912336 0.0
  outer loop
    vertex 12.774450059816958 36.93272629389186 -2.1999999999999997
    vertex 13.343993708079967 37.369752506036065 0.0
    vertex 12.774450059816958 36.93272629389186 0.0
  endloop
endfacet
facet normal 1.0 0.0 0.0
  outer loop
    vertex 11.968993708079964 34.988182645628854 -2.1999999999999997
    vertex 11.968993708079964 11.9258551760754 0.0
    vertex 11.968993708079964 11.9258551760754 -2.1999999999999997
  endloop
endfacet
facet normal 1.0 0.0 0.0
  outer loop
    vertex 11.968993708079964 11.9258551760754 0.0
    vertex 11.968993708079964 34.988182645628854 -2.1999999999999997
    vertex 11.968993708079964 34.988182645628854 0.0
  endloop
endfacet
facet normal 0.22084179754588498 -0.9753096433731714 0.0
  outer loop
    vertex 71.6952073202874 5.979590761604626 24.500000000000004
    vertex 71.58275035345925 5.954126849841188 -2.1999999999999997
    vertex 71.6952073202874 5.979590761604626 -2.1999999999999997
  endloop
endfacet
facet normal 0.22084179754588498 -0.9753096433731714 0.0
  outer loop
    vertex 71.58275035345925 5.954126849841188 -2.1999999999999997
    vertex 71.6952073202874 5.979590761604626 24.500000000000004
    vertex 71.58275035345925 5.954126849841188 24.500000000000004
  endloop
endfacet
facet normal 0.18730652172133855 -0.9823015152796283 0.0
  outer loop
    vertex 71.58275035345925 5.954126849841188 24.500000000000004
    vertex 71.46948719680985 5.932529684835147 -2.1999999999999997
    vertex 71.58275035345925 5.954126849841188 -2.1999999999999997
  endloop
endfacet
facet normal 0.18730652172133855 -0.9823015152796283 0.0
  outer loop
    vertex 71.46948719680985 5.932529684835147 -2.1999999999999997
    vertex 71.58275035345925 5.954126849841188 24.500000000000004
    vertex 71.46948719680985 5.932529684835147 24.500000000000004
  endloop
endfacet
facet normal -0.4297807607805388 -0.9029332742029731 -0.0
  outer loop
    vertex 12.67843285834574 7.131209798059043 24.500000000000004
    vertex 12.082572314576074 7.414829202877726 -2.1999999999999997
    vertex 12.67843285834574 7.131209798059043 -2.1999999999999997
  endloop
endfacet
facet normal -0.4297807607805388 -0.9029332742029731 -0.0
  outer loop
    vertex 12.082572314576074 7.414829202877726 -2.1999999999999997
    vertex 12.67843285834574 7.131209798059043 24.500000000000004
    vertex 12.082572314576074 7.414829202877726 24.500000000000004
  endloop
endfacet
facet normal 0.28709582542862233 -0.9579018671145069 0.0
  outer loop
    vertex 71.91717591195835 6.041994795135542 24.500000000000004
    vertex 71.80672612893152 6.008891538199609 -2.1999999999999997
    vertex 71.91717591195835 6.041994795135542 -2.1999999999999997
  endloop
endfacet
facet normal 0.28709582542862233 -0.9579018671145069 0.0
  outer loop
    vertex 71.80672612893152 6.008891538199609 -2.1999999999999997
    vertex 71.91717591195835 6.041994795135542 24.500000000000004
    vertex 71.80672612893152 6.008891538199609 24.500000000000004
  endloop
endfacet
facet normal -0.8906389524614771 -0.4547111790558081 -0.0
  outer loop
    vertex 9.910419239262996 9.823328298146567 24.500000000000004
    vertex 10.21049063783838 9.23558097984712 -2.1999999999999997
    vertex 10.21049063783838 9.23558097984712 24.500000000000004
  endloop
endfacet
facet normal -0.8906389524614771 -0.4547111790558081 -0.0
  outer loop
    vertex 10.21049063783838 9.23558097984712 -2.1999999999999997
    vertex 9.910419239262996 9.823328298146567 24.500000000000004
    vertex 9.910419239262996 9.823328298146567 -2.1999999999999997
  endloop
endfacet
facet normal -0.9779790792422467 -0.20870294814517534 -0.0
  outer loop
    vertex 9.551904898614474 11.090599040630458 24.500000000000004
    vertex 9.689631412545298 10.445214533711003 -2.1999999999999997
    vertex 9.689631412545298 10.445214533711003 24.500000000000004
  endloop
endfacet
facet normal -0.9779790792422467 -0.20870294814517534 -0.0
  outer loop
    vertex 9.689631412545298 10.445214533711003 -2.1999999999999997
    vertex 9.551904898614474 11.090599040630458 24.500000000000004
    vertex 9.551904898614474 11.090599040630458 -2.1999999999999997
  endloop
endfacet
facet normal 0.35200261972234337 -0.9359990148010879 0.0
  outer loop
    vertex 72.13435135604233 6.1194489465825415 24.500000000000004
    vertex 72.02642705643773 6.078861685707496 -2.1999999999999997
    vertex 72.13435135604233 6.1194489465825415 -2.1999999999999997
  endloop
endfacet
facet normal 0.35200261972234337 -0.9359990148010879 0.0
  outer loop
    vertex 72.02642705643773 6.078861685707496 -2.1999999999999997
    vertex 72.13435135604233 6.1194489465825415 24.500000000000004
    vertex 72.02642705643773 6.078861685707496 24.500000000000004
  endloop
endfacet
facet normal -1.0 6.007238917235957e-14 0.0
  outer loop
    vertex 9.502158157524837 12.256062343237764 24.500000000000004
    vertex 9.502158157524805 11.7162200796605 -2.1999999999999997
    vertex 9.502158157524805 11.7162200796605 24.500000000000004
  endloop
endfacet
facet normal -1.0 6.007238917235957e-14 0.0
  outer loop
    vertex 9.502158157524805 11.7162200796605 -2.1999999999999997
    vertex 9.502158157524837 12.256062343237764 24.500000000000004
    vertex 9.502158157524837 12.256062343237764 -2.1999999999999997
  endloop
endfacet
facet normal 0.3838553357003519 -0.923393243019663 0.0
  outer loop
    vertex 72.34002411932428 6.204947284577564 24.500000000000004
    vertex 72.13435135604233 6.1194489465825415 -2.1999999999999997
    vertex 72.34002411932428 6.204947284577564 -2.1999999999999997
  endloop
endfacet
facet normal 0.3838553357003519 -0.923393243019663 0.0
  outer loop
    vertex 72.13435135604233 6.1194489465825415 -2.1999999999999997
    vertex 72.34002411932428 6.204947284577564 24.500000000000004
    vertex 72.13435135604233 6.1194489465825415 24.500000000000004
  endloop
endfacet
facet normal -0.7426032529209197 -0.6697315945595435 -0.0
  outer loop
    vertex 10.58471130344638 8.692029098383097 24.500000000000004
    vertex 11.026678216744848 8.201972977147381 -2.1999999999999997
    vertex 11.026678216744848 8.201972977147381 24.500000000000004
  endloop
endfacet
facet normal -0.7426032529209197 -0.6697315945595435 -0.0
  outer loop
    vertex 11.026678216744848 8.201972977147381 -2.1999999999999997
    vertex 10.58471130344638 8.692029098383097 24.500000000000004
    vertex 10.58471130344638 8.692029098383097 -2.1999999999999997
  endloop
endfacet
facet normal -0.5439603689036688 -0.8391109086778604 -0.0
  outer loop
    vertex 12.082572314576074 7.414829202877726 24.500000000000004
    vertex 11.528829201310902 7.773797612243535 -2.1999999999999997
    vertex 12.082572314576074 7.414829202877726 -2.1999999999999997
  endloop
endfacet
facet normal -0.5439603689036688 -0.8391109086778604 -0.0
  outer loop
    vertex 11.528829201310902 7.773797612243535 -2.1999999999999997
    vertex 12.082572314576074 7.414829202877726 24.500000000000004
    vertex 11.528829201310902 7.773797612243535 24.500000000000004
  endloop
endfacet
facet normal 0.15355144150674352 -0.988140655378171 0.0
  outer loop
    vertex 71.46948719680985 5.932529684835147 24.500000000000004
    vertex 71.35555076476658 5.914824610881194 -2.1999999999999997
    vertex 71.46948719680985 5.932529684835147 -2.1999999999999997
  endloop
endfacet
facet normal 0.15355144150674352 -0.988140655378171 0.0
  outer loop
    vertex 71.35555076476658 5.914824610881194 -2.1999999999999997
    vertex 71.46948719680985 5.932529684835147 24.500000000000004
    vertex 71.35555076476658 5.914824610881194 24.500000000000004
  endloop
endfacet
facet normal -0.18144000865953383 -0.9834020150770633 -0.0
  outer loop
    vertex 13.955178685133806 6.808056953439742 24.500000000000004
    vertex 13.306215493512298 6.927792204438082 -2.1999999999999997
    vertex 13.955178685133806 6.808056953439742 -2.1999999999999997
  endloop
endfacet
facet normal -0.18144000865953383 -0.9834020150770633 -0.0
  outer loop
    vertex 13.306215493512298 6.927792204438082 -2.1999999999999997
    vertex 13.955178685133806 6.808056953439742 24.500000000000004
    vertex 13.306215493512298 6.927792204438082 24.500000000000004
  endloop
endfacet
facet normal 0.3197368283188572 -0.9475063908051479 0.0
  outer loop
    vertex 72.02642705643773 6.078861685707496 24.500000000000004
    vertex 71.91717591195835 6.041994795135542 -2.1999999999999997
    vertex 72.02642705643773 6.078861685707496 -2.1999999999999997
  endloop
endfacet
facet normal 0.3197368283188572 -0.9475063908051479 0.0
  outer loop
    vertex 71.91717591195835 6.041994795135542 -2.1999999999999997
    vertex 72.02642705643773 6.078861685707496 24.500000000000004
    vertex 71.91717591195835 6.041994795135542 24.500000000000004
  endloop
endfacet
facet normal 0.11961616852236769 -0.9928202114320743 0.0
  outer loop
    vertex 71.35555076476658 5.914824610881194 24.500000000000004
    vertex 71.2410747618459 5.901032404901244 -2.1999999999999997
    vertex 71.35555076476658 5.914824610881194 -2.1999999999999997
  endloop
endfacet
facet normal 0.11961616852236769 -0.9928202114320743 0.0
  outer loop
    vertex 71.2410747618459 5.901032404901244 -2.1999999999999997
    vertex 71.35555076476658 5.914824610881194 24.500000000000004
    vertex 71.2410747618459 5.901032404901244 24.500000000000004
  endloop
endfacet
facet normal 0.01712820041178328 -0.999853301615119 1.4118785768122357e-21
  outer loop
    vertex 71.01104186972867 5.885246726785538 24.500000000000004
    vertex 70.9064642970884 5.883455238354318 -2.1999999999999997
    vertex 71.01104186972867 5.885246726785538 -2.1999999999999997
  endloop
endfacet
facet normal 0.01712820041178328 -0.999853301615119 1.4118785768122357e-21
  outer loop
    vertex 70.9064642970884 5.883455238354318 -2.1999999999999997
    vertex 71.01104186972867 5.885246726785538 24.500000000000004
    vertex 70.9064642970884 5.883455238354318 24.500000000000004
  endloop
endfacet
facet normal 0.6070331420501327 -0.7946765156041441 0.0
  outer loop
    vertex 73.0962190194158 6.782585301042499 24.500000000000004
    vertex 72.34002411932428 6.204947284577564 -2.1999999999999997
    vertex 73.0962190194158 6.782585301042499 -2.1999999999999997
  endloop
endfacet
facet normal 0.6070331420501327 -0.7946765156041441 0.0
  outer loop
    vertex 72.34002411932428 6.204947284577564 -2.1999999999999997
    vertex 73.0962190194158 6.782585301042499 24.500000000000004
    vertex 72.34002411932428 6.204947284577564 24.500000000000004
  endloop
endfacet
facet normal 0.051364501275099145 -0.9986799727684342 0.0
  outer loop
    vertex 71.12619352575169 5.891169252062808 24.500000000000004
    vertex 71.01104186972867 5.885246726785538 -2.1999999999999997
    vertex 71.12619352575169 5.891169252062808 -2.1999999999999997
  endloop
endfacet
facet normal 0.051364501275099145 -0.9986799727684342 0.0
  outer loop
    vertex 71.01104186972867 5.885246726785538 -2.1999999999999997
    vertex 71.12619352575169 5.891169252062808 24.500000000000004
    vertex 71.01104186972867 5.885246726785538 24.500000000000004
  endloop
endfacet
facet normal -0.6488326643006009 -0.7609311228597392 -0.0
  outer loop
    vertex 11.528829201310902 7.773797612243535 24.500000000000004
    vertex 11.026678216744848 8.201972977147381 -2.1999999999999997
    vertex 11.528829201310902 7.773797612243535 -2.1999999999999997
  endloop
endfacet
facet normal -0.6488326643006009 -0.7609311228597392 -0.0
  outer loop
    vertex 11.026678216744848 8.201972977147381 -2.1999999999999997
    vertex 11.528829201310902 7.773797612243535 24.500000000000004
    vertex 11.026678216744848 8.201972977147381 24.500000000000004
  endloop
endfacet
facet normal -0.051528043783663796 -0.9986715479595024 1.0631991217365833e-20
  outer loop
    vertex 14.564565573254157 6.77661466962139 24.500000000000004
    vertex 13.955178685133806 6.808056953439742 -2.1999999999999997
    vertex 14.564565573254157 6.77661466962139 -2.1999999999999997
  endloop
endfacet
facet normal -0.051528043783663796 -0.9986715479595024 1.0631991217365833e-20
  outer loop
    vertex 13.955178685133806 6.808056953439742 -2.1999999999999997
    vertex 14.564565573254157 6.77661466962139 24.500000000000004
    vertex 13.955178685133806 6.808056953439742 24.500000000000004
  endloop
endfacet
facet normal 0.2541179153007885 -0.967173244627446 0.0
  outer loop
    vertex 71.80672612893152 6.008891538199609 24.500000000000004
    vertex 71.6952073202874 5.979590761604626 -2.1999999999999997
    vertex 71.80672612893152 6.008891538199609 -2.1999999999999997
  endloop
endfacet
facet normal 0.2541179153007885 -0.967173244627446 0.0
  outer loop
    vertex 71.6952073202874 5.979590761604626 -2.1999999999999997
    vertex 71.80672612893152 6.008891538199609 24.500000000000004
    vertex 71.6952073202874 5.979590761604626 24.500000000000004
  endloop
endfacet
facet normal -0.8236676939952285 -0.5670727729917763 -0.0
  outer loop
    vertex 10.21049063783838 9.23558097984712 24.500000000000004
    vertex 10.58471130344638 8.692029098383097 -2.1999999999999997
    vertex 10.58471130344638 8.692029098383097 24.500000000000004
  endloop
endfacet
facet normal -0.8236676939952285 -0.5670727729917763 -0.0
  outer loop
    vertex 10.58471130344638 8.692029098383097 -2.1999999999999997
    vertex 10.21049063783838 9.23558097984712 24.500000000000004
    vertex 10.21049063783838 9.23558097984712 -2.1999999999999997
  endloop
endfacet
facet normal -0.9423711315193074 -0.3345693507765176 -0.0
  outer loop
    vertex 9.689631412545298 10.445214533711003 24.500000000000004
    vertex 9.910419239262996 9.823328298146567 -2.1999999999999997
    vertex 9.910419239262996 9.823328298146567 24.500000000000004
  endloop
endfacet
facet normal -0.9423711315193074 -0.3345693507765176 -0.0
  outer loop
    vertex 9.910419239262996 9.823328298146567 -2.1999999999999997
    vertex 9.689631412545298 10.445214533711003 24.500000000000004
    vertex 9.689631412545298 10.445214533711003 -2.1999999999999997
  endloop
endfacet
facet normal 0.08554052584491963 -0.9963346919776379 0.0
  outer loop
    vertex 71.2410747618459 5.901032404901244 24.500000000000004
    vertex 71.12619352575169 5.891169252062808 -2.1999999999999997
    vertex 71.2410747618459 5.901032404901244 -2.1999999999999997
  endloop
endfacet
facet normal 0.08554052584491963 -0.9963346919776379 0.0
  outer loop
    vertex 71.12619352575169 5.891169252062808 -2.1999999999999997
    vertex 71.2410747618459 5.901032404901244 24.500000000000004
    vertex 71.12619352575169 5.891169252062808 24.500000000000004
  endloop
endfacet
facet normal -0.9968535337723032 -0.0792655802077527 -0.0
  outer loop
    vertex 9.502158157524805 11.7162200796605 24.500000000000004
    vertex 9.551904898614474 11.090599040630458 -2.1999999999999997
    vertex 9.551904898614474 11.090599040630458 24.500000000000004
  endloop
endfacet
facet normal -0.9968535337723032 -0.0792655802077527 -0.0
  outer loop
    vertex 9.551904898614474 11.090599040630458 -2.1999999999999997
    vertex 9.502158157524805 11.7162200796605 24.500000000000004
    vertex 9.502158157524805 11.7162200796605 -2.1999999999999997
  endloop
endfacet
facet normal -0.3082474846826905 -0.9513062010660892 -0.0
  outer loop
    vertex 13.306215493512298 6.927792204438082 24.500000000000004
    vertex 12.67843285834574 7.131209798059043 -2.1999999999999997
    vertex 13.306215493512298 6.927792204438082 -2.1999999999999997
  endloop
endfacet
facet normal -0.3082474846826905 -0.9513062010660892 -0.0
  outer loop
    vertex 12.67843285834574 7.131209798059043 -2.1999999999999997
    vertex 13.306215493512298 6.927792204438082 24.500000000000004
    vertex 12.67843285834574 7.131209798059043 24.500000000000004
  endloop
endfacet
facet normal -0.8291185271617278 -0.55907286458669 -0.0
  outer loop
    vertex 7.528003028784717 15.183781959785126 24.500000000000004
    vertex 9.502158157524837 12.256062343237764 -2.1999999999999997
    vertex 9.502158157524837 12.256062343237764 24.500000000000004
  endloop
endfacet
facet normal -0.8291185271617278 -0.55907286458669 -0.0
  outer loop
    vertex 9.502158157524837 12.256062343237764 -2.1999999999999997
    vertex 7.528003028784717 15.183781959785126 24.500000000000004
    vertex 7.528003028784717 15.183781959785126 -2.1999999999999997
  endloop
endfacet
facet normal 0.38777623984587317 0.9217535396248805 0.0
  outer loop
    vertex 9.597332021568796 29.46722919037066 16.8
    vertex 11.313934706115052 28.745064635848223 0.0
    vertex 9.597332021568796 29.46722919037066 0.0
  endloop
endfacet
facet normal 0.38777623984587317 0.9217535396248805 0.0
  outer loop
    vertex 11.313934706115052 28.745064635848223 0.0
    vertex 9.597332021568796 29.46722919037066 16.8
    vertex 11.313934706115052 28.745064635848223 16.8
  endloop
endfacet
facet normal 1.0 0.0 0.0
  outer loop
    vertex 11.313934706115052 28.745064635848223 0.0
    vertex 11.313934706115052 19.27391221771433 16.8
    vertex 11.313934706115052 19.27391221771433 0.0
  endloop
endfacet
facet normal 1.0 0.0 0.0
  outer loop
    vertex 11.313934706115052 19.27391221771433 16.8
    vertex 11.313934706115052 28.745064635848223 0.0
    vertex 11.313934706115052 28.745064635848223 16.8
  endloop
endfacet
facet normal 0.5589445128101119 -0.8292050600421267 0.0
  outer loop
    vertex 9.390117271868913 18.456233859023445 16.8
    vertex 9.263178011282593 18.370667565974905 0.0
    vertex 9.390117271868913 18.456233859023445 0.0
  endloop
endfacet
facet normal 0.5589445128101119 -0.8292050600421267 0.0
  outer loop
    vertex 9.263178011282593 18.370667565974905 0.0
    vertex 9.390117271868913 18.456233859023445 16.8
    vertex 9.263178011282593 18.370667565974905 16.8
  endloop
endfacet
facet normal 0.48984936262286044 -0.8718070898644823 0.0
  outer loop
    vertex 9.523578284945284 18.531222687343966 16.8
    vertex 9.390117271868913 18.456233859023445 0.0
    vertex 9.523578284945284 18.531222687343966 0.0
  endloop
endfacet
facet normal 0.48984936262286044 -0.8718070898644823 0.0
  outer loop
    vertex 9.390117271868913 18.456233859023445 0.0
    vertex 9.523578284945284 18.531222687343966 16.8
    vertex 9.390117271868913 18.456233859023445 16.8
  endloop
endfacet
facet normal 0.38030296088179744 -0.9248619669683354 0.0
  outer loop
    vertex 11.313934706115052 19.27391221771433 16.8
    vertex 9.6580750421968 18.593023225103813 0.0
    vertex 11.313934706115052 19.27391221771433 0.0
  endloop
endfacet
facet normal 0.38030296088179744 -0.9248619669683354 0.0
  outer loop
    vertex 9.6580750421968 18.593023225103813 0.0
    vertex 11.313934706115052 19.27391221771433 16.8
    vertex 9.6580750421968 18.593023225103813 16.8
  endloop
endfacet
facet normal 0.4175265593612731 -0.9086647193700972 0.0
  outer loop
    vertex 9.6580750421968 18.593023225103813 16.8
    vertex 9.523578284945284 18.531222687343966 0.0
    vertex 9.6580750421968 18.593023225103813 0.0
  endloop
endfacet
facet normal 0.4175265593612731 -0.9086647193700972 0.0
  outer loop
    vertex 9.523578284945284 18.531222687343966 0.0
    vertex 9.6580750421968 18.593023225103813 16.8
    vertex 9.523578284945284 18.531222687343966 16.8
  endloop
endfacet
facet normal -3.4504564474206594e-31 -1.2589623908620329e-30 1.0
  outer loop
    vertex 9.551904898614474 11.090599040630458 24.500000000000004
    vertex 9.502158157524837 12.256062343237764 24.500000000000004
    vertex 9.502158157524805 11.7162200796605 24.500000000000004
  endloop
endfacet
facet normal -3.4504564474206594e-31 -1.2589623908620329e-30 1.0
  outer loop
    vertex 76.95410242294504 34.30117856878815 24.500000000000004
    vertex 76.9525382215091 34.99635079545012 24.500000000000004
    vertex 76.9525382215091 34.36796477134349 24.500000000000004
  endloop
endfacet
facet normal -3.4504564474206594e-31 -1.2589623908620329e-30 1.0
  outer loop
    vertex 76.95380666241239 12.523524739453174 24.500000000000004
    vertex 76.95136368799334 12.461854228798828 24.500000000000004
    vertex 76.9525382215091 12.391064333917164 24.500000000000004
  endloop
endfacet
facet normal -3.4504564474206594e-31 -1.2589623908620329e-30 1.0
  outer loop
    vertex 9.502158157524837 12.256062343237764 24.500000000000004
    vertex 7.528003028784717 17.34129974187996 24.500000000000004
    vertex 7.528003028784717 15.183781959785126 24.500000000000004
  endloop
endfacet
facet normal -3.4504564474206594e-31 -1.2589623908620329e-30 1.0
  outer loop
    vertex 7.528003028784717 17.34129974187996 24.500000000000004
    vertex 9.502158157524837 12.256062343237764 24.500000000000004
    vertex 8.528896104438546 15.489706453272744 24.500000000000004
  endloop
endfacet
facet normal -3.4504564474206594e-31 -1.2589623908620329e-30 1.0
  outer loop
    vertex 7.528003028784717 17.34129974187996 24.500000000000004
    vertex 8.528896104438546 15.489706453272744 24.500000000000004
    vertex 7.528003028784717 30.726423589595907 24.500000000000004
  endloop
endfacet
facet normal -3.4504564474206594e-31 -1.2589623908620329e-30 1.0
  outer loop
    vertex 7.528003028784717 30.726423589595907 24.500000000000004
    vertex 8.528896104438546 15.489706453272744 24.500000000000004
    vertex 7.528003028784717 32.08956085451058 24.500000000000004
  endloop
endfacet
facet normal -3.4504564474206594e-31 -1.2589623908620329e-30 1.0
  outer loop
    vertex 7.528003028784717 32.08956085451058 24.500000000000004
    vertex 8.528896104438546 15.489706453272744 24.500000000000004
    vertex 7.534071637078578 32.268964733539825 24.500000000000004
  endloop
endfacet
facet normal -3.4504564474206594e-31 -1.2589623908620329e-30 1.0
  outer loop
    vertex 7.534071637078578 32.268964733539825 24.500000000000004
    vertex 8.528896104438546 15.489706453272744 24.500000000000004
    vertex 7.554391966087539 32.46859413864596 24.500000000000004
  endloop
endfacet
facet normal -3.4504564474206594e-31 -1.2589623908620329e-30 1.0
  outer loop
    vertex 7.554391966087539 32.46859413864596 24.500000000000004
    vertex 8.528896104438546 15.489706453272744 24.500000000000004
    vertex 7.588155944809874 32.666394060018284 24.500000000000004
  endloop
endfacet
facet normal -3.4504564474206594e-31 -1.2589623908620329e-30 1.0
  outer loop
    vertex 7.588155944809874 32.666394060018284 24.500000000000004
    vertex 8.528896104438546 15.489706453272744 24.500000000000004
    vertex 7.635209214402925 32.86146021539808 24.500000000000004
  endloop
endfacet
facet normal -3.4504564474206594e-31 -1.2589623908620329e-30 1.0
  outer loop
    vertex 7.635209214402925 32.86146021539808 24.500000000000004
    vertex 8.528896104438546 15.489706453272744 24.500000000000004
    vertex 7.695336661348886 33.05290082048961 24.500000000000004
  endloop
endfacet
facet normal -3.4504564474206594e-31 -1.2589623908620329e-30 1.0
  outer loop
    vertex 7.695336661348886 33.05290082048961 24.500000000000004
    vertex 8.528896104438546 15.489706453272744 24.500000000000004
    vertex 7.7682634008896745 33.239840665931915 24.500000000000004
  endloop
endfacet
facet normal -3.4504564474206594e-31 -1.2589623908620329e-30 1.0
  outer loop
    vertex 7.7682634008896745 33.239840665931915 24.500000000000004
    vertex 8.528896104438546 15.489706453272744 24.500000000000004
    vertex 7.853656033718104 33.42142511849514 24.500000000000004
  endloop
endfacet
facet normal -3.4504564474206594e-31 -1.2589623908620329e-30 1.0
  outer loop
    vertex 7.853656033718104 33.42142511849514 24.500000000000004
    vertex 8.528896104438546 15.489706453272744 24.500000000000004
    vertex 7.951124170180024 33.59682402820864 24.500000000000004
  endloop
endfacet
facet normal -3.4504564474206594e-31 -1.2589623908620329e-30 1.0
  outer loop
    vertex 7.951124170180024 33.59682402820864 24.500000000000004
    vertex 8.528896104438546 15.489706453272744 24.500000000000004
    vertex 8.060222215019543 33.765235523559376 24.500000000000004
  endloop
endfacet
facet normal -3.4504564474206594e-31 -1.2589623908620329e-30 1.0
  outer loop
    vertex 8.060222215019543 33.765235523559376 24.500000000000004
    vertex 8.528896104438546 15.489706453272744 24.500000000000004
    vertex 8.180451404507423 33.925889677408954 24.500000000000004
  endloop
endfacet
facet normal -3.4504564474206594e-31 -1.2589623908620329e-30 1.0
  outer loop
    vertex 8.180451404507423 33.925889677408954 24.500000000000004
    vertex 8.528896104438546 15.489706453272744 24.500000000000004
    vertex 8.311262086640504 34.078052026871504 24.500000000000004
  endloop
endfacet
facet normal -3.4504564474206594e-31 -1.2589623908620329e-30 1.0
  outer loop
    vertex 8.311262086640504 34.078052026871504 24.500000000000004
    vertex 8.528896104438546 15.489706453272744 24.500000000000004
    vertex 8.392639523308851 34.16068991651367 24.500000000000004
  endloop
endfacet
facet normal -3.4504564474206594e-31 -1.2589623908620329e-30 1.0
  outer loop
    vertex 8.528896104438546 15.489706453272744 24.500000000000004
    vertex 9.502158157524837 12.256062343237764 24.500000000000004
    vertex 10.503051233178684 12.561986836725353 24.500000000000004
  endloop
endfacet
facet normal -3.4504564474206594e-31 -1.2589623908620329e-30 1.0
  outer loop
    vertex 10.503051233178684 12.561986836725353 24.500000000000004
    vertex 9.502158157524837 12.256062343237764 24.500000000000004
    vertex 9.551904898614474 11.090599040630458 24.500000000000004
  endloop
endfacet
facet normal -3.4504564474206594e-31 -1.2589623908620329e-30 1.0
  outer loop
    vertex 10.503051233178684 12.561986836725353 24.500000000000004
    vertex 9.551904898614474 11.090599040630458 24.500000000000004
    vertex 9.689631412545298 10.445214533711003 24.500000000000004
  endloop
endfacet
facet normal -3.4504564474206594e-31 -1.2589623908620329e-30 1.0
  outer loop
    vertex 10.503051233178684 12.561986836725353 24.500000000000004
    vertex 9.689631412545298 10.445214533711003 24.500000000000004
    vertex 9.910419239262996 9.823328298146567 24.500000000000004
  endloop
endfacet
facet normal -3.4504564474206594e-31 -1.2589623908620329e-30 1.0
  outer loop
    vertex 10.503051233178684 12.561986836725353 24.500000000000004
    vertex 9.910419239262996 9.823328298146567 24.500000000000004
    vertex 10.21049063783838 9.23558097984712 24.500000000000004
  endloop
endfacet
facet normal -3.4504564474206594e-31 -1.2589623908620329e-30 1.0
  outer loop
    vertex 10.503051233178684 12.561986836725353 24.500000000000004
    vertex 10.21049063783838 9.23558097984712 24.500000000000004
    vertex 10.503051233178637 11.755950770482709 24.500000000000004
  endloop
endfacet
facet normal -3.4504564474206594e-31 -1.2589623908620329e-30 1.0
  outer loop
    vertex 10.58471130344638 8.692029098383097 24.500000000000004
    vertex 10.503051233178637 11.755950770482709 24.500000000000004
    vertex 10.21049063783838 9.23558097984712 24.500000000000004
  endloop
endfacet
facet normal -3.4504564474206594e-31 -1.2589623908620329e-30 1.0
  outer loop
    vertex 10.503051233178637 11.755950770482709 24.500000000000004
    vertex 10.58471130344638 8.692029098383097 24.500000000000004
    vertex 10.544448717567139 11.23533099461277 24.500000000000004
  endloop
endfacet
facet normal -3.4504564474206594e-31 -1.2589623908620329e-30 1.0
  outer loop
    vertex 10.544448717567139 11.23533099461277 24.500000000000004
    vertex 10.58471130344638 8.692029098383097 24.500000000000004
    vertex 10.654792570688375 10.718261251062808 24.500000000000004
  endloop
endfacet
facet normal -3.4504564474206594e-31 -1.2589623908620329e-30 1.0
  outer loop
    vertex 10.654792570688375 10.718261251062808 24.500000000000004
    vertex 10.58471130344638 8.692029098383097 24.500000000000004
    vertex 11.026678216744848 8.201972977147381 24.500000000000004
  endloop
endfacet
facet normal -3.4504564474206594e-31 -1.2589623908620329e-30 1.0
  outer loop
    vertex 10.654792570688375 10.718261251062808 24.500000000000004
    vertex 11.026678216744848 8.201972977147381 24.500000000000004
    vertex 10.831683561587417 10.220017873831123 24.500000000000004
  endloop
endfacet
facet normal -3.4504564474206594e-31 -1.2589623908620329e-30 1.0
  outer loop
    vertex 10.831683561587417 10.220017873831123 24.500000000000004
    vertex 11.026678216744848 8.201972977147381 24.500000000000004
    vertex 11.072095036366473 9.749125945241309 24.500000000000004
  endloop
endfacet
facet normal -3.4504564474206594e-31 -1.2589623908620329e-30 1.0
  outer loop
    vertex 11.072095036366473 9.749125945241309 24.500000000000004
    vertex 11.026678216744848 8.201972977147381 24.500000000000004
    vertex 11.528829201310902 7.773797612243535 24.500000000000004
  endloop
endfacet
facet normal -3.4504564474206594e-31 -1.2589623908620329e-30 1.0
  outer loop
    vertex 11.072095036366473 9.749125945241309 24.500000000000004
    vertex 11.528829201310902 7.773797612243535 24.500000000000004
    vertex 11.371913488037452 9.313642556747471 24.500000000000004
  endloop
endfacet
facet normal -3.4504564474206594e-31 -1.2589623908620329e-30 1.0
  outer loop
    vertex 11.371913488037452 9.313642556747471 24.500000000000004
    vertex 11.528829201310902 7.773797612243535 24.500000000000004
    vertex 11.726008939766876 8.921018949865514 24.500000000000004
  endloop
endfacet
facet normal -3.4504564474206594e-31 -1.2589623908620329e-30 1.0
  outer loop
    vertex 11.726008939766876 8.921018949865514 24.500000000000004
    vertex 11.528829201310902 7.773797612243535 24.500000000000004
    vertex 12.082572314576074 7.414829202877726 24.500000000000004
  endloop
endfacet
facet normal -3.4504564474206594e-31 -1.2589623908620329e-30 1.0
  outer loop
    vertex 11.726008939766876 8.921018949865514 24.500000000000004
    vertex 12.082572314576074 7.414829202877726 24.500000000000004
    vertex 12.128322720201854 8.577973023365029 24.500000000000004
  endloop
endfacet
facet normal -3.4504564474206594e-31 -1.2589623908620329e-30 1.0
  outer loop
    vertex 12.128322720201854 8.577973023365029 24.500000000000004
    vertex 12.082572314576074 7.414829202877726 24.500000000000004
    vertex 12.67843285834574 7.131209798059043 24.500000000000004
  endloop
endfacet
facet normal -3.4504564474206594e-31 -1.2589623908620329e-30 1.0
  outer loop
    vertex 12.128322720201854 8.577973023365029 24.500000000000004
    vertex 12.67843285834574 7.131209798059043 24.500000000000004
    vertex 12.57197112901673 8.290374388158737 24.500000000000004
  endloop
endfacet
facet normal -3.4504564474206594e-31 -1.2589623908620329e-30 1.0
  outer loop
    vertex 12.57197112901673 8.290374388158737 24.500000000000004
    vertex 12.67843285834574 7.131209798059043 24.500000000000004
    vertex 13.049363218934019 8.063143936632434 24.500000000000004
  endloop
endfacet
facet normal -3.4504564474206594e-31 -1.2589623908620329e-30 1.0
  outer loop
    vertex 13.049363218934019 8.063143936632434 24.500000000000004
    vertex 12.67843285834574 7.131209798059043 24.500000000000004
    vertex 13.306215493512298 6.927792204438082 24.500000000000004
  endloop
endfacet
facet normal -3.4504564474206594e-31 -1.2589623908620329e-30 1.0
  outer loop
    vertex 13.049363218934019 8.063143936632434 24.500000000000004
    vertex 13.306215493512298 6.927792204438082 24.500000000000004
    vertex 13.55233067893723 7.900169644811897 24.500000000000004
  endloop
endfacet
facet normal -3.4504564474206594e-31 -1.2589623908620329e-30 1.0
  outer loop
    vertex 13.55233067893723 7.900169644811897 24.500000000000004
    vertex 13.306215493512298 6.927792204438082 24.500000000000004
    vertex 13.955178685133806 6.808056953439742 24.500000000000004
  endloop
endfacet
facet normal -3.4504564474206594e-31 -1.2589623908620329e-30 1.0
  outer loop
    vertex 13.55233067893723 7.900169644811897 24.500000000000004
    vertex 13.955178685133806 6.808056953439742 24.500000000000004
    vertex 14.072267596336753 7.804240048015223 24.500000000000004
  endloop
endfacet
facet normal -3.4504564474206594e-31 -1.2589623908620329e-30 1.0
  outer loop
    vertex 14.072267596336753 7.804240048015223 24.500000000000004
    vertex 13.955178685133806 6.808056953439742 24.500000000000004
    vertex 14.564565573254157 6.77661466962139 24.500000000000004
  endloop
endfacet
facet normal -3.4504564474206594e-31 -1.2589623908620329e-30 1.0
  outer loop
    vertex 14.072267596336753 7.804240048015223 24.500000000000004
    vertex 14.564565573254157 6.77661466962139 24.500000000000004
    vertex 14.590369744168427 7.777507745275218 24.500000000000004
  endloop
endfacet
facet normal -3.4504564474206594e-31 -1.2589623908620329e-30 1.0
  outer loop
    vertex 14.590369744168427 7.777507745275218 24.500000000000004
    vertex 14.564565573254157 6.77661466962139 24.500000000000004
    vertex 17.35256239875528 7.377507745275218 24.500000000000004
  endloop
endfacet
facet normal -3.4504564474206594e-31 -1.2589623908620329e-30 1.0
  outer loop
    vertex 17.35256239875528 7.377507745275218 24.500000000000004
    vertex 14.564565573254157 6.77661466962139 24.500000000000004
    vertex 44.679017929669335 6.786175682300824 24.500000000000004
  endloop
endfacet
facet normal -3.4504564474206594e-31 -1.2589623908620329e-30 1.0
  outer loop
    vertex 14.590369744168427 7.777507745275218 24.500000000000004
    vertex 17.35256239875528 7.377507745275218 24.500000000000004
    vertex 16.93256239875528 7.777507745275218 24.500000000000004
  endloop
endfacet
facet normal -3.4504564474206594e-31 -1.2589623908620329e-30 1.0
  outer loop
    vertex 17.35256239875528 7.377507745275218 24.500000000000004
    vertex 44.679017929669335 6.786175682300824 24.500000000000004
    vertex 30.152562398755276 7.37750774527522 24.500000000000004
  endloop
endfacet
facet normal -3.4504564474206594e-31 -1.2589623908620329e-30 1.0
  outer loop
    vertex 30.152562398755276 7.37750774527522 24.500000000000004
    vertex 44.679017929669335 6.786175682300824 24.500000000000004
    vertex 30.542562398755276 7.77750774527522 24.500000000000004
  endloop
endfacet
facet normal -3.4504564474206594e-31 -1.2589623908620329e-30 1.0
  outer loop
    vertex 30.542562398755276 7.77750774527522 24.500000000000004
    vertex 44.679017929669335 6.786175682300824 24.500000000000004
    vertex 44.818753607508846 7.7775077452752415 24.500000000000004
  endloop
endfacet
facet normal -3.4504564474206594e-31 -1.2589623908620329e-30 1.0
  outer loop
    vertex 44.818753607508846 7.7775077452752415 24.500000000000004
    vertex 44.679017929669335 6.786175682300824 24.500000000000004
    vertex 44.73756214473248 6.776614669621397 24.500000000000004
  endloop
endfacet
facet normal -3.4504564474206594e-31 -1.2589623908620329e-30 1.0
  outer loop
    vertex 44.818753607508846 7.7775077452752415 24.500000000000004
    vertex 44.73756214473248 6.776614669621397 24.500000000000004
    vertex 44.76723703195041 6.761206182886907 24.500000000000004
  endloop
endfacet
facet normal -3.4504564474206594e-31 -1.2589623908620329e-30 1.0
  outer loop
    vertex 44.818753607508846 7.7775077452752415 24.500000000000004
    vertex 44.76723703195041 6.761206182886907 24.500000000000004
    vertex 44.80093207920719 6.746611037305704 24.500000000000004
  endloop
endfacet
facet normal -3.4504564474206594e-31 -1.2589623908620329e-30 1.0
  outer loop
    vertex 44.818753607508846 7.7775077452752415 24.500000000000004
    vertex 44.80093207920719 6.746611037305704 24.500000000000004
    vertex 44.833422365559606 6.729500929856819 24.500000000000004
  endloop
endfacet
facet normal -3.4504564474206594e-31 -1.2589623908620329e-30 1.0
  outer loop
    vertex 44.818753607508846 7.7775077452752415 24.500000000000004
    vertex 44.833422365559606 6.729500929856819 24.500000000000004
    vertex 44.859100270099475 7.770918623665437 24.500000000000004
  endloop
endfacet
facet normal -3.4504564474206594e-31 -1.2589623908620329e-30 1.0
  outer loop
    vertex 44.859100270099475 7.770918623665437 24.500000000000004
    vertex 44.833422365559606 6.729500929856819 24.500000000000004
    vertex 44.87445586085606 6.703469908306931 24.500000000000004
  endloop
endfacet
facet normal -3.4504564474206594e-31 -1.2589623908620329e-30 1.0
  outer loop
    vertex 44.859100270099475 7.770918623665437 24.500000000000004
    vertex 44.87445586085606 6.703469908306931 24.500000000000004
    vertex 44.91436031397582 7.759724677512795 24.500000000000004
  endloop
endfacet
facet normal -3.4504564474206594e-31 -1.2589623908620329e-30 1.0
  outer loop
    vertex 44.91436031397582 7.759724677512795 24.500000000000004
    vertex 44.87445586085606 6.703469908306931 24.500000000000004
    vertex 45.54607326622475 6.245312298442952 24.500000000000004
  endloop
endfacet
facet normal -3.4504564474206594e-31 -1.2589623908620329e-30 1.0
  outer loop
    vertex 44.91436031397582 7.759724677512795 24.500000000000004
    vertex 45.54607326622475 6.245312298442952 24.500000000000004
    vertex 44.969155456285044 7.746440504260284 24.500000000000004
  endloop
endfacet
facet normal -3.4504564474206594e-31 -1.2589623908620329e-30 1.0
  outer loop
    vertex 44.969155456285044 7.746440504260284 24.500000000000004
    vertex 45.54607326622475 6.245312298442952 24.500000000000004
    vertex 45.02340666350362 7.731085264274591 24.500000000000004
  endloop
endfacet
facet normal -3.4504564474206594e-31 -1.2589623908620329e-30 1.0
  outer loop
    vertex 45.02340666350362 7.731085264274591 24.500000000000004
    vertex 45.54607326622475 6.245312298442952 24.500000000000004
    vertex 45.07703568665034 7.713681105116052 24.500000000000004
  endloop
endfacet
facet normal -3.4504564474206594e-31 -1.2589623908620329e-30 1.0
  outer loop
    vertex 45.07703568665034 7.713681105116052 24.500000000000004
    vertex 45.54607326622475 6.245312298442952 24.500000000000004
    vertex 45.12996517414853 7.694253129594162 24.500000000000004
  endloop
endfacet
facet normal -3.4504564474206594e-31 -1.2589623908620329e-30 1.0
  outer loop
    vertex 45.12996517414853 7.694253129594162 24.500000000000004
    vertex 45.54607326622475 6.245312298442952 24.500000000000004
    vertex 45.18211878339314 7.6728293595608585 24.500000000000004
  endloop
endfacet
facet normal -3.4504564474206594e-31 -1.2589623908620329e-30 1.0
  outer loop
    vertex 45.18211878339314 7.6728293595608585 24.500000000000004
    vertex 45.54607326622475 6.245312298442952 24.500000000000004
    vertex 45.23342129086414 7.649440695492997 24.500000000000004
  endloop
endfacet
facet normal -3.4504564474206594e-31 -1.2589623908620329e-30 1.0
  outer loop
    vertex 45.23342129086414 7.649440695492997 24.500000000000004
    vertex 45.54607326622475 6.245312298442952 24.500000000000004
    vertex 45.2837987006239 7.624120871923486 24.500000000000004
  endloop
endfacet
facet normal -3.4504564474206594e-31 -1.2589623908620329e-30 1.0
  outer loop
    vertex 45.2837987006239 7.624120871923486 24.500000000000004
    vertex 45.54607326622475 6.245312298442952 24.500000000000004
    vertex 45.33317835104522 7.596906408784369 24.500000000000004
  endloop
endfacet
facet normal -3.4504564474206594e-31 -1.2589623908620329e-30 1.0
  outer loop
    vertex 45.33317835104522 7.596906408784369 24.500000000000004
    vertex 45.54607326622475 6.245312298442952 24.500000000000004
    vertex 45.38148901961484 7.567836558732282 24.500000000000004
  endloop
endfacet
facet normal -3.4504564474206594e-31 -1.2589623908620329e-30 1.0
  outer loop
    vertex 45.38148901961484 7.567836558732282 24.500000000000004
    vertex 45.54607326622475 6.245312298442952 24.500000000000004
    vertex 45.43064356935067 7.53565528775911 24.500000000000004
  endloop
endfacet
facet normal -3.4504564474206594e-31 -1.2589623908620329e-30 1.0
  outer loop
    vertex 45.43064356935067 7.53565528775911 24.500000000000004
    vertex 45.54607326622475 6.245312298442952 24.500000000000004
    vertex 46.114062143503816 7.069447268181741 24.500000000000004
  endloop
endfacet
facet normal -3.4504564474206594e-31 -1.2589623908620329e-30 1.0
  outer loop
    vertex 46.114062143503816 7.069447268181741 24.500000000000004
    vertex 45.54607326622475 6.245312298442952 24.500000000000004
    vertex 45.603991507084146 6.204985920351179 24.500000000000004
  endloop
endfacet
facet normal -3.4504564474206594e-31 -1.2589623908620329e-30 1.0
  outer loop
    vertex 46.114062143503816 7.069447268181741 24.500000000000004
    vertex 45.603991507084146 6.204985920351179 24.500000000000004
    vertex 45.69941843798034 6.146286286125076 24.500000000000004
  endloop
endfacet
facet normal -3.4504564474206594e-31 -1.2589623908620329e-30 1.0
  outer loop
    vertex 46.114062143503816 7.069447268181741 24.500000000000004
    vertex 45.69941843798034 6.146286286125076 24.500000000000004
    vertex 45.79802096770347 6.09309336055445 24.500000000000004
  endloop
endfacet
facet normal -3.4504564474206594e-31 -1.2589623908620329e-30 1.0
  outer loop
    vertex 46.114062143503816 7.069447268181741 24.500000000000004
    vertex 45.79802096770347 6.09309336055445 24.500000000000004
    vertex 45.89948166679699 6.045578386725109 24.500000000000004
  endloop
endfacet
facet normal -3.4504564474206594e-31 -1.2589623908620329e-30 1.0
  outer loop
    vertex 46.114062143503816 7.069447268181741 24.500000000000004
    vertex 45.89948166679699 6.045578386725109 24.500000000000004
    vertex 46.00347390454826 6.003894328788685 24.500000000000004
  endloop
endfacet
facet normal -3.4504564474206594e-31 -1.2589623908620329e-30 1.0
  outer loop
    vertex 46.114062143503816 7.069447268181741 24.500000000000004
    vertex 46.00347390454826 6.003894328788685 24.500000000000004
    vertex 46.109662900504844 5.96817537952801 24.500000000000004
  endloop
endfacet
facet normal -3.4504564474206594e-31 -1.2589623908620329e-30 1.0
  outer loop
    vertex 46.114062143503816 7.069447268181741 24.500000000000004
    vertex 46.109662900504844 5.96817537952801 24.500000000000004
    vertex 46.21770680222792 5.9385365283523495 24.500000000000004
  endloop
endfacet
facet normal -3.4504564474206594e-31 -1.2589623908620329e-30 1.0
  outer loop
    vertex 46.114062143503816 7.069447268181741 24.500000000000004
    vertex 46.21770680222792 5.9385365283523495 24.500000000000004
    vertex 46.15259248419168 7.0426199843497646 24.500000000000004
  endloop
endfacet
facet normal -3.4504564474206594e-31 -1.2589623908620329e-30 1.0
  outer loop
    vertex 46.15259248419168 7.0426199843497646 24.500000000000004
    vertex 46.21770680222792 5.9385365283523495 24.500000000000004
    vertex 46.19962920299424 7.013686452033718 24.500000000000004
  endloop
endfacet
facet normal -3.4504564474206594e-31 -1.2589623908620329e-30 1.0
  outer loop
    vertex 46.19962920299424 7.013686452033718 24.500000000000004
    vertex 46.21770680222792 5.9385365283523495 24.500000000000004
    vertex 46.24823120056711 6.987467221688038 24.500000000000004
  endloop
endfacet
facet normal -3.4504564474206594e-31 -1.2589623908620329e-30 1.0
  outer loop
    vertex 46.24823120056711 6.987467221688038 24.500000000000004
    vertex 46.21770680222792 5.9385365283523495 24.500000000000004
    vertex 46.327257785811796 5.915073191114084 24.500000000000004
  endloop
endfacet
facet normal -3.4504564474206594e-31 -1.2589623908620329e-30 1.0
  outer loop
    vertex 46.24823120056711 6.987467221688038 24.500000000000004
    vertex 46.327257785811796 5.915073191114084 24.500000000000004
    vertex 46.298242013321456 6.9640467004375735 24.500000000000004
  endloop
endfacet
facet normal -3.4504564474206594e-31 -1.2589623908620329e-30 1.0
  outer loop
    vertex 46.298242013321456 6.9640467004375735 24.500000000000004
    vertex 46.327257785811796 5.915073191114084 24.500000000000004
    vertex 46.34950064229351 6.943500285570308 24.500000000000004
  endloop
endfacet
facet normal -3.4504564474206594e-31 -1.2589623908620329e-30 1.0
  outer loop
    vertex 46.34950064229351 6.943500285570308 24.500000000000004
    vertex 46.327257785811796 5.915073191114084 24.500000000000004
    vertex 46.437963175627694 5.8978609029379685 24.500000000000004
  endloop
endfacet
facet normal -3.4504564474206594e-31 -1.2589623908620329e-30 1.0
  outer loop
    vertex 46.34950064229351 6.943500285570308 24.500000000000004
    vertex 46.437963175627694 5.8978609029379685 24.500000000000004
    vertex 46.4018420714459 6.9258941218121555 24.500000000000004
  endloop
endfacet
facet normal -3.4504564474206594e-31 -1.2589623908620329e-30 1.0
  outer loop
    vertex 46.4018420714459 6.9258941218121555 24.500000000000004
    vertex 46.437963175627694 5.8978609029379685 24.500000000000004
    vertex 46.45509779890093 6.91128488838835 24.500000000000004
  endloop
endfacet
facet normal -3.4504564474206594e-31 -1.2589623908620329e-30 1.0
  outer loop
    vertex 46.45509779890093 6.91128488838835 24.500000000000004
    vertex 46.437963175627694 5.8978609029379685 24.500000000000004
    vertex 46.54946657968644 5.886955075052244 24.500000000000004
  endloop
endfacet
facet normal -3.4504564474206594e-31 -1.2589623908620329e-30 1.0
  outer loop
    vertex 46.45509779890093 6.91128488838835 24.500000000000004
    vertex 46.54946657968644 5.886955075052244 24.500000000000004
    vertex 46.5090963793958 6.899719616557005 24.500000000000004
  endloop
endfacet
facet normal -3.4504564474206594e-31 -1.2589623908620329e-30 1.0
  outer loop
    vertex 46.5090963793958 6.899719616557005 24.500000000000004
    vertex 46.54946657968644 5.886955075052244 24.500000000000004
    vertex 46.563663976213505 6.891235538202137 24.500000000000004
  endloop
endfacet
facet normal -3.4504564474206594e-31 -1.2589623908620329e-30 1.0
  outer loop
    vertex 46.563663976213505 6.891235538202137 24.500000000000004
    vertex 46.54946657968644 5.886955075052244 24.500000000000004
    vertex 46.66140903696488 5.882390816404198 24.500000000000004
  endloop
endfacet
facet normal -3.4504564474206594e-31 -1.2589623908620329e-30 1.0
  outer loop
    vertex 46.563663976213505 6.891235538202137 24.500000000000004
    vertex 46.66140903696488 5.882390816404198 24.500000000000004
    vertex 46.61862492081248 6.885859965973709 24.500000000000004
  endloop
endfacet
facet normal -3.4504564474206594e-31 -1.2589623908620329e-30 1.0
  outer loop
    vertex 46.61862492081248 6.885859965973709 24.500000000000004
    vertex 46.66140903696488 5.882390816404198 24.500000000000004
    vertex 46.67380227835317 6.883610205360495 24.500000000000004
  endloop
endfacet
facet normal -3.4504564474206594e-31 -1.2589623908620329e-30 1.0
  outer loop
    vertex 46.67380227835317 6.883610205360495 24.500000000000004
    vertex 46.66140903696488 5.882390816404198 24.500000000000004
    vertex 46.727947806288576 5.883455238354587 24.500000000000004
  endloop
endfacet
facet normal -3.4504564474206594e-31 -1.2589623908620329e-30 1.0
  outer loop
    vertex 46.67380227835317 6.883610205360495 24.500000000000004
    vertex 46.727947806288576 5.883455238354587 24.500000000000004
    vertex 46.71994266567029 6.884348314008417 24.500000000000004
  endloop
endfacet
facet normal -3.4504564474206594e-31 -1.2589623908620329e-30 1.0
  outer loop
    vertex 46.71994266567029 6.884348314008417 24.500000000000004
    vertex 46.727947806288576 5.883455238354587 24.500000000000004
    vertex 70.89789191973179 6.884348314008415 24.500000000000004
  endloop
endfacet
facet normal -3.4504564474206594e-31 -1.2589623908620329e-30 1.0
  outer loop
    vertex 70.89789191973179 6.884348314008415 24.500000000000004
    vertex 46.727947806288576 5.883455238354587 24.500000000000004
    vertex 70.9064642970884 5.883455238354318 24.500000000000004
  endloop
endfacet
facet normal -3.4504564474206594e-31 -1.2589623908620329e-30 1.0
  outer loop
    vertex 70.89789191973179 6.884348314008415 24.500000000000004
    vertex 70.9064642970884 5.883455238354318 24.500000000000004
    vertex 70.97675487534755 6.88569929270366 24.500000000000004
  endloop
endfacet
facet normal -3.4504564474206594e-31 -1.2589623908620329e-30 1.0
  outer loop
    vertex 70.97675487534755 6.88569929270366 24.500000000000004
    vertex 70.9064642970884 5.883455238354318 24.500000000000004
    vertex 71.01104186972867 5.885246726785538 24.500000000000004
  endloop
endfacet
facet normal -3.4504564474206594e-31 -1.2589623908620329e-30 1.0
  outer loop
    vertex 70.97675487534755 6.88569929270366 24.500000000000004
    vertex 71.01104186972867 5.885246726785538 24.500000000000004
    vertex 71.0576597728115 6.889860425220846 24.500000000000004
  endloop
endfacet
facet normal -3.4504564474206594e-31 -1.2589623908620329e-30 1.0
  outer loop
    vertex 71.0576597728115 6.889860425220846 24.500000000000004
    vertex 71.01104186972867 5.885246726785538 24.500000000000004
    vertex 71.12619352575169 5.891169252062808 24.500000000000004
  endloop
endfacet
facet normal -3.4504564474206594e-31 -1.2589623908620329e-30 1.0
  outer loop
    vertex 71.0576597728115 6.889860425220846 24.500000000000004
    vertex 71.12619352575169 5.891169252062808 24.500000000000004
    vertex 71.13837467477411 6.896790220211422 24.500000000000004
  endloop
endfacet
facet normal -3.4504564474206594e-31 -1.2589623908620329e-30 1.0
  outer loop
    vertex 71.13837467477411 6.896790220211422 24.500000000000004
    vertex 71.12619352575169 5.891169252062808 24.500000000000004
    vertex 71.2410747618459 5.901032404901244 24.500000000000004
  endloop
endfacet
facet normal -3.4504564474206594e-31 -1.2589623908620329e-30 1.0
  outer loop
    vertex 71.13837467477411 6.896790220211422 24.500000000000004
    vertex 71.2410747618459 5.901032404901244 24.500000000000004
    vertex 71.21880486221784 6.906480545554089 24.500000000000004
  endloop
endfacet
facet normal -3.4504564474206594e-31 -1.2589623908620329e-30 1.0
  outer loop
    vertex 71.21880486221784 6.906480545554089 24.500000000000004
    vertex 71.2410747618459 5.901032404901244 24.500000000000004
    vertex 71.29885595023711 6.918920029642354 24.500000000000004
  endloop
endfacet
facet normal -3.4504564474206594e-31 -1.2589623908620329e-30 1.0
  outer loop
    vertex 71.29885595023711 6.918920029642354 24.500000000000004
    vertex 71.2410747618459 5.901032404901244 24.500000000000004
    vertex 71.35555076476658 5.914824610881194 24.500000000000004
  endloop
endfacet
facet normal -3.4504564474206594e-31 -1.2589623908620329e-30 1.0
  outer loop
    vertex 71.29885595023711 6.918920029642354 24.500000000000004
    vertex 71.35555076476658 5.914824610881194 24.500000000000004
    vertex 71.37843399880055 6.93409407472926 24.500000000000004
  endloop
endfacet
facet normal -3.4504564474206594e-31 -1.2589623908620329e-30 1.0
  outer loop
    vertex 71.37843399880055 6.93409407472926 24.500000000000004
    vertex 71.35555076476658 5.914824610881194 24.500000000000004
    vertex 71.46948719680985 5.932529684835147 24.500000000000004
  endloop
endfacet
facet normal -3.4504564474206594e-31 -1.2589623908620329e-30 1.0
  outer loop
    vertex 71.37843399880055 6.93409407472926 24.500000000000004
    vertex 71.46948719680985 5.932529684835147 24.500000000000004
    vertex 71.45744562298877 6.951984874057767 24.500000000000004
  endloop
endfacet
facet normal -3.4504564474206594e-31 -1.2589623908620329e-30 1.0
  outer loop
    vertex 71.45744562298877 6.951984874057767 24.500000000000004
    vertex 71.46948719680985 5.932529684835147 24.500000000000004
    vertex 71.53579810258186 6.972571432756991 24.500000000000004
  endloop
endfacet
facet normal -3.4504564474206594e-31 -1.2589623908620329e-30 1.0
  outer loop
    vertex 71.53579810258186 6.972571432756991 24.500000000000004
    vertex 71.46948719680985 5.932529684835147 24.500000000000004
    vertex 71.58275035345925 5.954126849841188 24.500000000000004
  endloop
endfacet
facet normal -3.4504564474206594e-31 -1.2589623908620329e-30 1.0
  outer loop
    vertex 71.53579810258186 6.972571432756991 24.500000000000004
    vertex 71.58275035345925 5.954126849841188 24.500000000000004
    vertex 71.61339949086681 6.995829592479748 24.500000000000004
  endloop
endfacet
facet normal -3.4504564474206594e-31 -1.2589623908620329e-30 1.0
  outer loop
    vertex 71.61339949086681 6.995829592479748 24.500000000000004
    vertex 71.58275035345925 5.954126849841188 24.500000000000004
    vertex 71.6952073202874 5.979590761604626 24.500000000000004
  endloop
endfacet
facet normal -3.4504564474206594e-31 -1.2589623908620329e-30 1.0
  outer loop
    vertex 71.61339949086681 6.995829592479748 24.500000000000004
    vertex 71.6952073202874 5.979590761604626 24.500000000000004
    vertex 71.69015872253748 7.021732059752519 24.500000000000004
  endloop
endfacet
facet normal -3.4504564474206594e-31 -1.2589623908620329e-30 1.0
  outer loop
    vertex 71.69015872253748 7.021732059752519 24.500000000000004
    vertex 71.6952073202874 5.979590761604626 24.500000000000004
    vertex 71.76598572055845 7.050248438003979 24.500000000000004
  endloop
endfacet
facet normal -3.4504564474206594e-31 -1.2589623908620329e-30 1.0
  outer loop
    vertex 71.76598572055845 7.050248438003979 24.500000000000004
    vertex 71.6952073202874 5.979590761604626 24.500000000000004
    vertex 71.80672612893152 6.008891538199609 24.500000000000004
  endloop
endfacet
facet normal -3.4504564474206594e-31 -1.2589623908620329e-30 1.0
  outer loop
    vertex 71.76598572055845 7.050248438003979 24.500000000000004
    vertex 71.80672612893152 6.008891538199609 24.500000000000004
    vertex 71.86058669714456 7.089574142301199 24.500000000000004
  endloop
endfacet
facet normal -3.4504564474206594e-31 -1.2589623908620329e-30 1.0
  outer loop
    vertex 71.86058669714456 7.089574142301199 24.500000000000004
    vertex 71.80672612893152 6.008891538199609 24.500000000000004
    vertex 71.91717591195835 6.041994795135542 24.500000000000004
  endloop
endfacet
facet normal -3.4504564474206594e-31 -1.2589623908620329e-30 1.0
  outer loop
    vertex 71.86058669714456 7.089574142301199 24.500000000000004
    vertex 71.91717591195835 6.041994795135542 24.500000000000004
    vertex 72.61201833335303 7.602928428423835 24.500000000000004
  endloop
endfacet
facet normal -3.4504564474206594e-31 -1.2589623908620329e-30 1.0
  outer loop
    vertex 72.61201833335303 7.602928428423835 24.500000000000004
    vertex 71.91717591195835 6.041994795135542 24.500000000000004
    vertex 72.02642705643773 6.078861685707496 24.500000000000004
  endloop
endfacet
facet normal -3.4504564474206594e-31 -1.2589623908620329e-30 1.0
  outer loop
    vertex 72.61201833335303 7.602928428423835 24.500000000000004
    vertex 72.02642705643773 6.078861685707496 24.500000000000004
    vertex 72.13435135604233 6.1194489465825415 24.500000000000004
  endloop
endfacet
facet normal -3.4504564474206594e-31 -1.2589623908620329e-30 1.0
  outer loop
    vertex 72.61201833335303 7.602928428423835 24.500000000000004
    vertex 72.13435135604233 6.1194489465825415 24.500000000000004
    vertex 72.34002411932428 6.204947284577564 24.500000000000004
  endloop
endfacet
facet normal -3.4504564474206594e-31 -1.2589623908620329e-30 1.0
  outer loop
    vertex 72.61201833335303 7.602928428423835 24.500000000000004
    vertex 72.34002411932428 6.204947284577564 24.500000000000004
    vertex 73.0962190194158 6.782585301042499 24.500000000000004
  endloop
endfacet
facet normal -3.4504564474206594e-31 -1.2589623908620329e-30 1.0
  outer loop
    vertex 72.61201833335303 7.602928428423835 24.500000000000004
    vertex 73.0962190194158 6.782585301042499 24.500000000000004
    vertex 72.65218451822558 7.636415349952888 24.500000000000004
  endloop
endfacet
facet normal -3.4504564474206594e-31 -1.2589623908620329e-30 1.0
  outer loop
    vertex 72.65218451822558 7.636415349952888 24.500000000000004
    vertex 73.0962190194158 6.782585301042499 24.500000000000004
    vertex 72.67945535192318 7.656934553406261 24.500000000000004
  endloop
endfacet
facet normal -3.4504564474206594e-31 -1.2589623908620329e-30 1.0
  outer loop
    vertex 72.67945535192318 7.656934553406261 24.500000000000004
    vertex 73.0962190194158 6.782585301042499 24.500000000000004
    vertex 72.70771591627478 7.676067681311987 24.500000000000004
  endloop
endfacet
facet normal -3.4504564474206594e-31 -1.2589623908620329e-30 1.0
  outer loop
    vertex 72.70771591627478 7.676067681311987 24.500000000000004
    vertex 73.0962190194158 6.782585301042499 24.500000000000004
    vertex 72.73689582841816 7.693767082664623 24.500000000000004
  endloop
endfacet
facet normal -3.4504564474206594e-31 -1.2589623908620329e-30 1.0
  outer loop
    vertex 72.73689582841816 7.693767082664623 24.500000000000004
    vertex 73.0962190194158 6.782585301042499 24.500000000000004
    vertex 72.76692241585747 7.709988677150799 24.500000000000004
  endloop
endfacet
facet normal -3.4504564474206594e-31 -1.2589623908620329e-30 1.0
  outer loop
    vertex 72.76692241585747 7.709988677150799 24.500000000000004
    vertex 73.0962190194158 6.782585301042499 24.500000000000004
    vertex 72.7977208974548 7.724692064931652 24.500000000000004
  endloop
endfacet
facet normal -3.4504564474206594e-31 -1.2589623908620329e-30 1.0
  outer loop
    vertex 72.7977208974548 7.724692064931652 24.500000000000004
    vertex 73.0962190194158 6.782585301042499 24.500000000000004
    vertex 72.82921456967124 7.737840627257881 24.500000000000004
  endloop
endfacet
facet normal -3.4504564474206594e-31 -1.2589623908620329e-30 1.0
  outer loop
    vertex 72.82921456967124 7.737840627257881 24.500000000000004
    vertex 73.0962190194158 6.782585301042499 24.500000000000004
    vertex 72.86132499759805 7.749401617669202 24.500000000000004
  endloop
endfacet
facet normal -3.4504564474206594e-31 -1.2589623908620329e-30 1.0
  outer loop
    vertex 72.86132499759805 7.749401617669202 24.500000000000004
    vertex 73.0962190194158 6.782585301042499 24.500000000000004
    vertex 72.8939722102974 7.759346243548861 24.500000000000004
  endloop
endfacet
facet normal -3.4504564474206594e-31 -1.2589623908620329e-30 1.0
  outer loop
    vertex 72.8939722102974 7.759346243548861 24.500000000000004
    vertex 73.0962190194158 6.782585301042499 24.500000000000004
    vertex 72.92707489997095 7.767649737831942 24.500000000000004
  endloop
endfacet
facet normal -3.4504564474206594e-31 -1.2589623908620329e-30 1.0
  outer loop
    vertex 72.92707489997095 7.767649737831942 24.500000000000004
    vertex 73.0962190194158 6.782585301042499 24.500000000000004
    vertex 72.96055062445565 7.774291420687418 24.500000000000004
  endloop
endfacet
facet normal -3.4504564474206594e-31 -1.2589623908620329e-30 1.0
  outer loop
    vertex 72.96055062445565 7.774291420687418 24.500000000000004
    vertex 73.0962190194158 6.782585301042499 24.500000000000004
    vertex 72.99053628454803 7.778699151346969 24.500000000000004
  endloop
endfacet
facet normal -3.4504564474206594e-31 -1.2589623908620329e-30 1.0
  outer loop
    vertex 72.99053628454803 7.778699151346969 24.500000000000004
    vertex 73.0962190194158 6.782585301042499 24.500000000000004
    vertex 73.48484447375596 7.811097821765588 24.500000000000004
  endloop
endfacet
facet normal -3.4504564474206594e-31 -1.2589623908620329e-30 1.0
  outer loop
    vertex 73.48484447375596 7.811097821765588 24.500000000000004
    vertex 73.0962190194158 6.782585301042499 24.500000000000004
    vertex 73.14636320864136 6.7907548038098335 24.500000000000004
  endloop
endfacet
facet normal -3.4504564474206594e-31 -1.2589623908620329e-30 1.0
  outer loop
    vertex 73.48484447375596 7.811097821765588 24.500000000000004
    vertex 73.14636320864136 6.7907548038098335 24.500000000000004
    vertex 73.17687363108995 6.799222616459966 24.500000000000004
  endloop
endfacet
facet normal -3.4504564474206594e-31 -1.2589623908620329e-30 1.0
  outer loop
    vertex 73.48484447375596 7.811097821765588 24.500000000000004
    vertex 73.17687363108995 6.799222616459966 24.500000000000004
    vertex 73.2161622788291 6.803497116318498 24.500000000000004
  endloop
endfacet
facet normal -3.4504564474206594e-31 -1.2589623908620329e-30 1.0
  outer loop
    vertex 73.48484447375596 7.811097821765588 24.500000000000004
    vertex 73.2161622788291 6.803497116318498 24.500000000000004
    vertex 73.61576755210103 6.816638310975266 24.500000000000004
  endloop
endfacet
facet normal -3.4504564474206594e-31 -1.2589623908620329e-30 1.0
  outer loop
    vertex 73.48484447375596 7.811097821765588 24.500000000000004
    vertex 73.61576755210103 6.816638310975266 24.500000000000004
    vertex 73.99658962793356 7.912890261878123 24.500000000000004
  endloop
endfacet
facet normal -3.4504564474206594e-31 -1.2589623908620329e-30 1.0
  outer loop
    vertex 73.99658962793356 7.912890261878123 24.500000000000004
    vertex 73.61576755210103 6.816638310975266 24.500000000000004
    vertex 74.25619565445452 6.944027380950861 24.500000000000004
  endloop
endfacet
facet normal -3.4504564474206594e-31 -1.2589623908620329e-30 1.0
  outer loop
    vertex 73.99658962793356 7.912890261878123 24.500000000000004
    vertex 74.25619565445452 6.944027380950861 24.500000000000004
    vertex 74.49067015177121 8.08060799991626 24.500000000000004
  endloop
endfacet
facet normal -3.4504564474206594e-31 -1.2589623908620329e-30 1.0
  outer loop
    vertex 74.49067015177121 8.08060799991626 24.500000000000004
    vertex 74.25619565445452 6.944027380950861 24.500000000000004
    vertex 74.87451719537786 7.153919261364253 24.500000000000004
  endloop
endfacet
facet normal -3.4504564474206594e-31 -1.2589623908620329e-30 1.0
  outer loop
    vertex 74.49067015177121 8.08060799991626 24.500000000000004
    vertex 74.87451719537786 7.153919261364253 24.500000000000004
    vertex 74.95863219052106 8.311381338882036 24.500000000000004
  endloop
endfacet
facet normal -3.4504564474206594e-31 -1.2589623908620329e-30 1.0
  outer loop
    vertex 74.95863219052106 8.311381338882036 24.500000000000004
    vertex 74.87451719537786 7.153919261364253 24.500000000000004
    vertex 75.46015252187482 7.442722643948576 24.500000000000004
  endloop
endfacet
facet normal -3.4504564474206594e-31 -1.2589623908620329e-30 1.0
  outer loop
    vertex 74.95863219052106 8.311381338882036 24.500000000000004
    vertex 75.46015252187482 7.442722643948576 24.500000000000004
    vertex 75.3924687839565 8.601261682963269 24.500000000000004
  endloop
endfacet
facet normal -3.4504564474206594e-31 -1.2589623908620329e-30 1.0
  outer loop
    vertex 75.3924687839565 8.601261682963269 24.500000000000004
    vertex 75.46015252187482 7.442722643948576 24.500000000000004
    vertex 75.78475686768161 8.945289099102729 24.500000000000004
  endloop
endfacet
facet normal -3.4504564474206594e-31 -1.2589623908620329e-30 1.0
  outer loop
    vertex 75.78475686768161 8.945289099102729 24.500000000000004
    vertex 75.46015252187482 7.442722643948576 24.500000000000004
    vertex 76.00308125114019 7.805496022756364 24.500000000000004
  endloop
endfacet
facet normal -3.4504564474206594e-31 -1.2589623908620329e-30 1.0
  outer loop
    vertex 75.78475686768161 8.945289099102729 24.500000000000004
    vertex 76.00308125114019 7.805496022756364 24.500000000000004
    vertex 76.12878428382108 9.337577182827863 24.500000000000004
  endloop
endfacet
facet normal -3.4504564474206594e-31 -1.2589623908620329e-30 1.0
  outer loop
    vertex 76.12878428382108 9.337577182827863 24.500000000000004
    vertex 76.00308125114019 7.805496022756364 24.500000000000004
    vertex 76.49401372208791 8.236032244696407 24.500000000000004
  endloop
endfacet
facet normal -3.4504564474206594e-31 -1.2589623908620329e-30 1.0
  outer loop
    vertex 76.12878428382108 9.337577182827863 24.500000000000004
    vertex 76.49401372208791 8.236032244696407 24.500000000000004
    vertex 76.41866462790233 9.771413776263307 24.500000000000004
  endloop
endfacet
facet normal -3.4504564474206594e-31 -1.2589623908620329e-30 1.0
  outer loop
    vertex 76.41866462790233 9.771413776263307 24.500000000000004
    vertex 76.49401372208791 8.236032244696407 24.500000000000004
    vertex 76.64943796686806 10.239375815013108 24.500000000000004
  endloop
endfacet
facet normal -3.4504564474206594e-31 -1.2589623908620329e-30 1.0
  outer loop
    vertex 76.64943796686806 10.239375815013108 24.500000000000004
    vertex 76.49401372208791 8.236032244696407 24.500000000000004
    vertex 76.924549944028 8.726964715644197 24.500000000000004
  endloop
endfacet
facet normal -3.4504564474206594e-31 -1.2589623908620329e-30 1.0
  outer loop
    vertex 76.64943796686806 10.239375815013108 24.500000000000004
    vertex 76.924549944028 8.726964715644197 24.500000000000004
    vertex 76.81715570490624 10.73345633885084 24.500000000000004
  endloop
endfacet
facet normal -3.4504564474206594e-31 -1.2589623908620329e-30 1.0
  outer loop
    vertex 76.81715570490624 10.73345633885084 24.500000000000004
    vertex 76.924549944028 8.726964715644197 24.500000000000004
    vertex 76.91894814501876 11.2452014930284 24.500000000000004
  endloop
endfacet
facet normal -3.4504564474206594e-31 -1.2589623908620329e-30 1.0
  outer loop
    vertex 76.91894814501876 11.2452014930284 24.500000000000004
    vertex 76.924549944028 8.726964715644197 24.500000000000004
    vertex 76.9525382215091 11.757687026254121 24.500000000000004
  endloop
endfacet
facet normal -3.4504564474206594e-31 -1.2589623908620329e-30 1.0
  outer loop
    vertex 76.9525382215091 11.757687026254121 24.500000000000004
    vertex 76.924549944028 8.726964715644197 24.500000000000004
    vertex 77.28732332283577 9.269893444909535 24.500000000000004
  endloop
endfacet
facet normal -3.4504564474206594e-31 -1.2589623908620329e-30 1.0
  outer loop
    vertex 76.9525382215091 11.757687026254121 24.500000000000004
    vertex 77.28732332283577 9.269893444909535 24.500000000000004
    vertex 76.9525382215091 12.391064333917164 24.500000000000004
  endloop
endfacet
facet normal -3.4504564474206594e-31 -1.2589623908620329e-30 1.0
  outer loop
    vertex 76.9525382215091 12.391064333917164 24.500000000000004
    vertex 77.28732332283577 9.269893444909535 24.500000000000004
    vertex 76.95380666241239 12.523524739453174 24.500000000000004
  endloop
endfacet
facet normal -3.4504564474206594e-31 -1.2589623908620329e-30 1.0
  outer loop
    vertex 76.95380666241239 12.523524739453174 24.500000000000004
    vertex 77.28732332283577 9.269893444909535 24.500000000000004
    vertex 76.95970878986307 12.584960762272791 24.500000000000004
  endloop
endfacet
facet normal -3.4504564474206594e-31 -1.2589623908620329e-30 1.0
  outer loop
    vertex 76.95970878986307 12.584960762272791 24.500000000000004
    vertex 77.28732332283577 9.269893444909535 24.500000000000004
    vertex 76.96905144505044 12.645968424106798 24.500000000000004
  endloop
endfacet
facet normal -3.4504564474206594e-31 -1.2589623908620329e-30 1.0
  outer loop
    vertex 76.96905144505044 12.645968424106798 24.500000000000004
    vertex 77.28732332283577 9.269893444909535 24.500000000000004
    vertex 76.98180514543425 12.706355203577797 24.500000000000004
  endloop
endfacet
facet normal -3.4504564474206594e-31 -1.2589623908620329e-30 1.0
  outer loop
    vertex 76.98180514543425 12.706355203577797 24.500000000000004
    vertex 77.28732332283577 9.269893444909535 24.500000000000004
    vertex 76.99792964426716 12.765930538622852 24.500000000000004
  endloop
endfacet
facet normal -3.4504564474206594e-31 -1.2589623908620329e-30 1.0
  outer loop
    vertex 76.99792964426716 12.765930538622852 24.500000000000004
    vertex 77.28732332283577 9.269893444909535 24.500000000000004
    vertex 77.01737405760097 12.824506427847785 24.500000000000004
  endloop
endfacet
facet normal -3.4504564474206594e-31 -1.2589623908620329e-30 1.0
  outer loop
    vertex 77.01737405760097 12.824506427847785 24.500000000000004
    vertex 77.28732332283577 9.269893444909535 24.500000000000004
    vertex 77.04007702486042 12.881898023800453 24.500000000000004
  endloop
endfacet
facet normal -3.4504564474206594e-31 -1.2589623908620329e-30 1.0
  outer loop
    vertex 77.04007702486042 12.881898023800453 24.500000000000004
    vertex 77.28732332283577 9.269893444909535 24.500000000000004
    vertex 77.06596690247844 12.93792421629361 24.500000000000004
  endloop
endfacet
facet normal -3.4504564474206594e-31 -1.2589623908620329e-30 1.0
  outer loop
    vertex 77.06596690247844 12.93792421629361 24.500000000000004
    vertex 77.28732332283577 9.269893444909535 24.500000000000004
    vertex 77.09496198998137 12.992408203932788 24.500000000000004
  endloop
endfacet
facet normal -3.4504564474206594e-31 -1.2589623908620329e-30 1.0
  outer loop
    vertex 77.09496198998137 12.992408203932788 24.500000000000004
    vertex 77.28732332283577 9.269893444909535 24.500000000000004
    vertex 77.12697078781001 13.045178052046321 24.500000000000004
  endloop
endfacet
facet normal -3.4504564474206594e-31 -1.2589623908620329e-30 1.0
  outer loop
    vertex 77.12697078781001 13.045178052046321 24.500000000000004
    vertex 77.28732332283577 9.269893444909535 24.500000000000004
    vertex 77.16387613767267 13.098958193350526 24.500000000000004
  endloop
endfacet
facet normal -3.4504564474206594e-31 -1.2589623908620329e-30 1.0
  outer loop
    vertex 77.16387613767267 13.098958193350526 24.500000000000004
    vertex 77.28732332283577 9.269893444909535 24.500000000000004
    vertex 77.53052358218135 13.60233912047951 24.500000000000004
  endloop
endfacet
facet normal -3.4504564474206594e-31 -1.2589623908620329e-30 1.0
  outer loop
    vertex 77.53052358218135 13.60233912047951 24.500000000000004
    vertex 77.28732332283577 9.269893444909535 24.500000000000004
    vertex 77.57612670542008 9.855528771406485 24.500000000000004
  endloop
endfacet
facet normal -3.4504564474206594e-31 -1.2589623908620329e-30 1.0
  outer loop
    vertex 77.53052358218135 13.60233912047951 24.500000000000004
    vertex 77.57612670542008 9.855528771406485 24.500000000000004
    vertex 77.5931921019441 13.69306085044966 24.500000000000004
  endloop
endfacet
facet normal -3.4504564474206594e-31 -1.2589623908620329e-30 1.0
  outer loop
    vertex 77.5931921019441 13.69306085044966 24.500000000000004
    vertex 77.57612670542008 9.855528771406485 24.500000000000004
    vertex 77.7860185858335 10.473850312329848 24.500000000000004
  endloop
endfacet
facet normal -3.4504564474206594e-31 -1.2589623908620329e-30 1.0
  outer loop
    vertex 77.5931921019441 13.69306085044966 24.500000000000004
    vertex 77.7860185858335 10.473850312329848 24.500000000000004
    vertex 77.65289037481033 13.78945474153957 24.500000000000004
  endloop
endfacet
facet normal -3.4504564474206594e-31 -1.2589623908620329e-30 1.0
  outer loop
    vertex 77.65289037481033 13.78945474153957 24.500000000000004
    vertex 77.7860185858335 10.473850312329848 24.500000000000004
    vertex 77.70769556122514 13.888712273066083 24.500000000000004
  endloop
endfacet
facet normal -3.4504564474206594e-31 -1.2589623908620329e-30 1.0
  outer loop
    vertex 77.70769556122514 13.888712273066083 24.500000000000004
    vertex 77.7860185858335 10.473850312329848 24.500000000000004
    vertex 77.75747063301799 13.990585273663479 24.500000000000004
  endloop
endfacet
facet normal -3.4504564474206594e-31 -1.2589623908620329e-30 1.0
  outer loop
    vertex 77.75747063301799 13.990585273663479 24.500000000000004
    vertex 77.7860185858335 10.473850312329848 24.500000000000004
    vertex 77.80209113870043 14.09481903256805 24.500000000000004
  endloop
endfacet
facet normal -3.4504564474206594e-31 -1.2589623908620329e-30 1.0
  outer loop
    vertex 77.80209113870043 14.09481903256805 24.500000000000004
    vertex 77.7860185858335 10.473850312329848 24.500000000000004
    vertex 77.91340765580908 11.11427841468331 24.500000000000004
  endloop
endfacet
facet normal -3.4504564474206594e-31 -1.2589623908620329e-30 1.0
  outer loop
    vertex 77.80209113870043 14.09481903256805 24.500000000000004
    vertex 77.91340765580908 11.11427841468331 24.500000000000004
    vertex 77.84144551462919 14.201152936464746 24.500000000000004
  endloop
endfacet
facet normal -3.4504564474206594e-31 -1.2589623908620329e-30 1.0
  outer loop
    vertex 77.84144551462919 14.201152936464746 24.500000000000004
    vertex 77.91340765580908 11.11427841468331 24.500000000000004
    vertex 77.87543536394664 14.309321121094571 24.500000000000004
  endloop
endfacet
facet normal -3.4504564474206594e-31 -1.2589623908620329e-30 1.0
  outer loop
    vertex 77.87543536394664 14.309321121094571 24.500000000000004
    vertex 77.91340765580908 11.11427841468331 24.500000000000004
    vertex 77.90397570259962 14.41905313598653 24.500000000000004
  endloop
endfacet
facet normal -3.4504564474206594e-31 -1.2589623908620329e-30 1.0
  outer loop
    vertex 77.90397570259962 14.41905313598653 24.500000000000004
    vertex 77.91340765580908 11.11427841468331 24.500000000000004
    vertex 77.92699517182373 14.53007462066109 24.500000000000004
  endloop
endfacet
facet normal -3.4504564474206594e-31 -1.2589623908620329e-30 1.0
  outer loop
    vertex 77.92699517182373 14.53007462066109 24.500000000000004
    vertex 77.91340765580908 11.11427841468331 24.500000000000004
    vertex 77.95343129716294 11.724921179571512 24.500000000000004
  endloop
endfacet
facet normal -3.4504564474206594e-31 -1.2589623908620329e-30 1.0
  outer loop
    vertex 77.92699517182373 14.53007462066109 24.500000000000004
    vertex 77.95343129716294 11.724921179571512 24.500000000000004
    vertex 77.94443621655962 14.642107990606021 24.500000000000004
  endloop
endfacet
facet normal -3.4504564474206594e-31 -1.2589623908620329e-30 1.0
  outer loop
    vertex 77.94443621655962 14.642107990606021 24.500000000000004
    vertex 77.95343129716294 11.724921179571512 24.500000000000004
    vertex 77.95258558830966 12.450338503428902 24.500000000000004
  endloop
endfacet
facet normal -3.4504564474206594e-31 -1.2589623908620329e-30 1.0
  outer loop
    vertex 77.95258558830966 12.450338503428902 24.500000000000004
    vertex 77.95343129716294 11.724921179571512 24.500000000000004
    vertex 77.95343129716295 12.399367083694525 24.500000000000004
  endloop
endfacet
facet normal -3.4504564474206594e-31 -1.2589623908620329e-30 1.0
  outer loop
    vertex 77.95258558830966 12.450338503428902 24.500000000000004
    vertex 77.95625522935686 14.75487313131547 24.500000000000004
    vertex 77.94443621655962 14.642107990606021 24.500000000000004
  endloop
endfacet
facet normal -3.4504564474206594e-31 -1.2589623908620329e-30 1.0
  outer loop
    vertex 77.95625522935686 14.75487313131547 24.500000000000004
    vertex 77.95258558830966 12.450338503428902 24.500000000000004
    vertex 77.95671335474829 12.47729287282044 24.500000000000004
  endloop
endfacet
facet normal -3.4504564474206594e-31 -1.2589623908620329e-30 1.0
  outer loop
    vertex 77.95625522935686 14.75487313131547 24.500000000000004
    vertex 77.95671335474829 12.47729287282044 24.500000000000004
    vertex 77.9624526308727 14.868638282241152 24.500000000000004
  endloop
endfacet
facet normal -3.4504564474206594e-31 -1.2589623908620329e-30 1.0
  outer loop
    vertex 77.9624526308727 14.868638282241152 24.500000000000004
    vertex 77.95671335474829 12.47729287282044 24.500000000000004
    vertex 77.96815200530229 12.50204633234837 24.500000000000004
  endloop
endfacet
facet normal -3.4504564474206594e-31 -1.2589623908620329e-30 1.0
  outer loop
    vertex 77.9624526308727 14.868638282241152 24.500000000000004
    vertex 77.96815200530229 12.50204633234837 24.500000000000004
    vertex 77.96245263087272 31.994724561679117 24.500000000000004
  endloop
endfacet
facet normal -3.4504564474206594e-31 -1.2589623908620329e-30 1.0
  outer loop
    vertex 77.96245263087272 31.994724561679117 24.500000000000004
    vertex 77.96815200530229 12.50204633234837 24.500000000000004
    vertex 77.96801109675026 34.264381036007705 24.500000000000004
  endloop
endfacet
facet normal -3.4504564474206594e-31 -1.2589623908620329e-30 1.0
  outer loop
    vertex 77.96801109675026 34.264381036007705 24.500000000000004
    vertex 77.96815200530229 12.50204633234837 24.500000000000004
    vertex 77.97895479869796 34.232203806134294 24.500000000000004
  endloop
endfacet
facet normal -3.4504564474206594e-31 -1.2589623908620329e-30 1.0
  outer loop
    vertex 77.97895479869796 34.232203806134294 24.500000000000004
    vertex 77.96815200530229 12.50204633234837 24.500000000000004
    vertex 78.34692706735319 13.023176886025842 24.500000000000004
  endloop
endfacet
facet normal -3.4504564474206594e-31 -1.2589623908620329e-30 1.0
  outer loop
    vertex 77.97895479869796 34.232203806134294 24.500000000000004
    vertex 78.34692706735319 13.023176886025842 24.500000000000004
    vertex 77.99286006725319 34.20119119191008 24.500000000000004
  endloop
endfacet
facet normal -3.4504564474206594e-31 -1.2589623908620329e-30 1.0
  outer loop
    vertex 77.99286006725319 34.20119119191008 24.500000000000004
    vertex 78.34692706735319 13.023176886025842 24.500000000000004
    vertex 78.01175575276608 34.168015535255016 24.500000000000004
  endloop
endfacet
facet normal -3.4504564474206594e-31 -1.2589623908620329e-30 1.0
  outer loop
    vertex 78.01175575276608 34.168015535255016 24.500000000000004
    vertex 78.34692706735319 13.023176886025842 24.500000000000004
    vertex 78.41496017880904 33.55086590355659 24.500000000000004
  endloop
endfacet
facet normal -3.4504564474206594e-31 -1.2589623908620329e-30 1.0
  outer loop
    vertex 78.41496017880904 33.55086590355659 24.500000000000004
    vertex 78.34692706735319 13.023176886025842 24.500000000000004
    vertex 78.4309348084057 13.144790219610544 24.500000000000004
  endloop
endfacet
facet normal -3.4504564474206594e-31 -1.2589623908620329e-30 1.0
  outer loop
    vertex 78.41496017880904 33.55086590355659 24.500000000000004
    vertex 78.4309348084057 13.144790219610544 24.500000000000004
    vertex 78.44246421661211 33.517424479918525 24.500000000000004
  endloop
endfacet
facet normal -3.4504564474206594e-31 -1.2589623908620329e-30 1.0
  outer loop
    vertex 78.44246421661211 33.517424479918525 24.500000000000004
    vertex 78.4309348084057 13.144790219610544 24.500000000000004
    vertex 78.51699226974127 13.28374589047296 24.500000000000004
  endloop
endfacet
facet normal -3.4504564474206594e-31 -1.2589623908620329e-30 1.0
  outer loop
    vertex 78.44246421661211 33.517424479918525 24.500000000000004
    vertex 78.51699226974127 13.28374589047296 24.500000000000004
    vertex 78.53023430112965 33.39664829788468 24.500000000000004
  endloop
endfacet
facet normal -3.4504564474206594e-31 -1.2589623908620329e-30 1.0
  outer loop
    vertex 78.53023430112965 33.39664829788468 24.500000000000004
    vertex 78.51699226974127 13.28374589047296 24.500000000000004
    vertex 78.59599615016259 13.426829614197295 24.500000000000004
  endloop
endfacet
facet normal -3.4504564474206594e-31 -1.2589623908620329e-30 1.0
  outer loop
    vertex 78.53023430112965 33.39664829788468 24.500000000000004
    vertex 78.59599615016259 13.426829614197295 24.500000000000004
    vertex 78.61062300437634 33.270838400526486 24.500000000000004
  endloop
endfacet
facet normal -3.4504564474206594e-31 -1.2589623908620329e-30 1.0
  outer loop
    vertex 78.61062300437634 33.270838400526486 24.500000000000004
    vertex 78.59599615016259 13.426829614197295 24.500000000000004
    vertex 78.66774891805059 13.57368364177841 24.500000000000004
  endloop
endfacet
facet normal -3.4504564474206594e-31 -1.2589623908620329e-30 1.0
  outer loop
    vertex 78.61062300437634 33.270838400526486 24.500000000000004
    vertex 78.66774891805059 13.57368364177841 24.500000000000004
    vertex 78.6833424511872 33.14044531812361 24.500000000000004
  endloop
endfacet
facet normal -3.4504564474206594e-31 -1.2589623908620329e-30 1.0
  outer loop
    vertex 78.6833424511872 33.14044531812361 24.500000000000004
    vertex 78.66774891805059 13.57368364177841 24.500000000000004
    vertex 78.73207117157959 13.723940797406685 24.500000000000004
  endloop
endfacet
facet normal -3.4504564474206594e-31 -1.2589623908620329e-30 1.0
  outer loop
    vertex 78.6833424511872 33.14044531812361 24.500000000000004
    vertex 78.73207117157959 13.723940797406685 24.500000000000004
    vertex 78.74813223031151 33.00593599352497 24.500000000000004
  endloop
endfacet
facet normal -3.4504564474206594e-31 -1.2589623908620329e-30 1.0
  outer loop
    vertex 78.74813223031151 33.00593599352497 24.500000000000004
    vertex 78.73207117157959 13.723940797406685 24.500000000000004
    vertex 78.78880208727064 13.877225396506566 24.500000000000004
  endloop
endfacet
facet normal -3.4504564474206594e-31 -1.2589623908620329e-30 1.0
  outer loop
    vertex 78.74813223031151 33.00593599352497 24.500000000000004
    vertex 78.78880208727064 13.877225396506566 24.500000000000004
    vertex 78.80476032695638 32.8677921100071 24.500000000000004
  endloop
endfacet
facet normal -3.4504564474206594e-31 -1.2589623908620329e-30 1.0
  outer loop
    vertex 78.80476032695638 32.8677921100071 24.500000000000004
    vertex 78.78880208727064 13.877225396506566 24.500000000000004
    vertex 78.8377998220961 14.033154185055853 24.500000000000004
  endloop
endfacet
facet normal -3.4504564474206594e-31 -1.2589623908620329e-30 1.0
  outer loop
    vertex 78.80476032695638 32.8677921100071 24.500000000000004
    vertex 78.8377998220961 14.033154185055853 24.500000000000004
    vertex 78.85302395364026 32.72650836634837 24.500000000000004
  endloop
endfacet
facet normal -3.4504564474206594e-31 -1.2589623908620329e-30 1.0
  outer loop
    vertex 78.85302395364026 32.72650836634837 24.500000000000004
    vertex 78.8377998220961 14.033154185055853 24.500000000000004
    vertex 78.87894186812544 14.191337297823653 24.500000000000004
  endloop
endfacet
facet normal -3.4504564474206594e-31 -1.2589623908620329e-30 1.0
  outer loop
    vertex 78.85302395364026 32.72650836634837 24.500000000000004
    vertex 78.87894186812544 14.191337297823653 24.500000000000004
    vertex 78.89275027638386 32.58259070529081 24.500000000000004
  endloop
endfacet
facet normal -3.4504564474206594e-31 -1.2589623908620329e-30 1.0
  outer loop
    vertex 78.89275027638386 32.58259070529081 24.500000000000004
    vertex 78.87894186812544 14.191337297823653 24.500000000000004
    vertex 78.91212535882975 14.351379233144197 24.500000000000004
  endloop
endfacet
facet normal -3.4504564474206594e-31 -1.2589623908620329e-30 1.0
  outer loop
    vertex 78.89275027638386 32.58259070529081 24.500000000000004
    vertex 78.91212535882975 14.351379233144197 24.500000000000004
    vertex 78.92379703363474 32.43655450174135 24.500000000000004
  endloop
endfacet
facet normal -3.4504564474206594e-31 -1.2589623908620329e-30 1.0
  outer loop
    vertex 78.92379703363474 32.43655450174135 24.500000000000004
    vertex 78.91212535882975 14.351379233144197 24.500000000000004
    vertex 78.93726732627617 14.512879841778608 24.500000000000004
  endloop
endfacet
facet normal -3.4504564474206594e-31 -1.2589623908620329e-30 1.0
  outer loop
    vertex 78.92379703363474 32.43655450174135 24.500000000000004
    vertex 78.93726732627617 14.512879841778608 24.500000000000004
    vertex 78.9460530457122 32.28892271719128 24.500000000000004
  endloop
endfacet
facet normal -3.4504564474206594e-31 -1.2589623908620329e-30 1.0
  outer loop
    vertex 78.9460530457122 32.28892271719128 24.500000000000004
    vertex 78.93726732627617 14.512879841778608 24.500000000000004
    vertex 78.95430490857109 14.6754353274015 24.500000000000004
  endloop
endfacet
facet normal -3.4504564474206594e-31 -1.2589623908620329e-30 1.0
  outer loop
    vertex 78.9460530457122 32.28892271719128 24.500000000000004
    vertex 78.95430490857109 14.6754353274015 24.500000000000004
    vertex 78.95943861294593 32.14022402697254 24.500000000000004
  endloop
endfacet
facet normal -3.4504564474206594e-31 -1.2589623908620329e-30 1.0
  outer loop
    vertex 78.95943861294593 32.14022402697254 24.500000000000004
    vertex 78.95430490857109 14.6754353274015 24.500000000000004
    vertex 78.96334570652654 14.841396455022428 24.500000000000004
  endloop
endfacet
facet normal -3.4504564474206594e-31 -1.2589623908620329e-30 1.0
  outer loop
    vertex 78.95943861294593 32.14022402697254 24.500000000000004
    vertex 78.96334570652654 14.841396455022428 24.500000000000004
    vertex 78.96334570652652 32.00970172328859 24.500000000000004
  endloop
endfacet
facet normal -3.4504564474206594e-31 -1.2589623908620329e-30 1.0
  outer loop
    vertex 77.95989012830194 32.08032879199382 24.500000000000004
    vertex 77.95343129716294 34.37968413615987 24.500000000000004
    vertex 77.95187690604526 32.169346734468384 24.500000000000004
  endloop
endfacet
facet normal -3.4504564474206594e-31 -1.2589623908620329e-30 1.0
  outer loop
    vertex 77.95343129716294 34.37968413615987 24.500000000000004
    vertex 77.95989012830194 32.08032879199382 24.500000000000004
    vertex 77.95536536492342 34.331093202803736 24.500000000000004
  endloop
endfacet
facet normal -3.4504564474206594e-31 -1.2589623908620329e-30 1.0
  outer loop
    vertex 77.95536536492342 34.331093202803736 24.500000000000004
    vertex 77.95989012830194 32.08032879199382 24.500000000000004
    vertex 77.96012490584106 34.29744078082776 24.500000000000004
  endloop
endfacet
facet normal -3.4504564474206594e-31 -1.2589623908620329e-30 1.0
  outer loop
    vertex 77.96012490584106 34.29744078082776 24.500000000000004
    vertex 77.95989012830194 32.08032879199382 24.500000000000004
    vertex 77.96245263087272 31.994724561679117 24.500000000000004
  endloop
endfacet
facet normal -3.4504564474206594e-31 -1.2589623908620329e-30 1.0
  outer loop
    vertex 77.96012490584106 34.29744078082776 24.500000000000004
    vertex 77.96245263087272 31.994724561679117 24.500000000000004
    vertex 77.96801109675026 34.264381036007705 24.500000000000004
  endloop
endfacet
facet normal -3.4504564474206594e-31 -1.2589623908620329e-30 1.0
  outer loop
    vertex 8.392639523308851 34.16068991651367 24.500000000000004
    vertex 8.640093782890613 32.720685215648075 24.500000000000004
    vertex 9.538421513433656 35.49387009653987 24.500000000000004
  endloop
endfacet
facet normal -3.4504564474206594e-31 -1.2589623908620329e-30 1.0
  outer loop
    vertex 8.640093782890613 32.720685215648075 24.500000000000004
    vertex 8.392639523308851 34.16068991651367 24.500000000000004
    vertex 8.600256467674383 32.59384663996281 24.500000000000004
  endloop
endfacet
facet normal -3.4504564474206594e-31 -1.2589623908620329e-30 1.0
  outer loop
    vertex 8.600256467674383 32.59384663996281 24.500000000000004
    vertex 8.392639523308851 34.16068991651367 24.500000000000004
    vertex 8.56908142153584 32.464605963456634 24.500000000000004
  endloop
endfacet
facet normal -3.4504564474206594e-31 -1.2589623908620329e-30 1.0
  outer loop
    vertex 8.56908142153584 32.464605963456634 24.500000000000004
    vertex 8.392639523308851 34.16068991651367 24.500000000000004
    vertex 8.546711167489882 32.33355403596438 24.500000000000004
  endloop
endfacet
facet normal -3.4504564474206594e-31 -1.2589623908620329e-30 1.0
  outer loop
    vertex 8.546711167489882 32.33355403596438 24.500000000000004
    vertex 8.392639523308851 34.16068991651367 24.500000000000004
    vertex 8.533247975667432 32.20128998782027 24.500000000000004
  endloop
endfacet
facet normal -3.4504564474206594e-31 -1.2589623908620329e-30 1.0
  outer loop
    vertex 8.533247975667432 32.20128998782027 24.500000000000004
    vertex 8.392639523308851 34.16068991651367 24.500000000000004
    vertex 8.528896104438546 32.07263733111677 24.500000000000004
  endloop
endfacet
facet normal -3.4504564474206594e-31 -1.2589623908620329e-30 1.0
  outer loop
    vertex 8.528896104438546 32.07263733111677 24.500000000000004
    vertex 8.392639523308851 34.16068991651367 24.500000000000004
    vertex 8.528896104438546 15.489706453272744 24.500000000000004
  endloop
endfacet
facet normal -3.4504564474206594e-31 -1.2589623908620329e-30 1.0
  outer loop
    vertex 8.528896104438546 32.07263733111677 24.500000000000004
    vertex 8.528896104438546 15.489706453272744 24.500000000000004
    vertex 8.528896104438546 17.21709509649457 24.500000000000004
  endloop
endfacet
facet normal -3.4504564474206594e-31 -1.2589623908620329e-30 1.0
  outer loop
    vertex 8.528896104438546 32.07263733111677 24.500000000000004
    vertex 8.528896104438546 17.21709509649457 24.500000000000004
    vertex 8.528896104438546 30.83629314157635 24.500000000000004
  endloop
endfacet
facet normal -3.4504564474206594e-31 -1.2589623908620329e-30 1.0
  outer loop
    vertex 9.538421513433656 35.49387009653987 24.500000000000004
    vertex 8.640093782890613 32.720685215648075 24.500000000000004
    vertex 8.688411242858454 32.844541822366395 24.500000000000004
  endloop
endfacet
facet normal -3.4504564474206594e-31 -1.2589623908620329e-30 1.0
  outer loop
    vertex 9.538421513433656 35.49387009653987 24.500000000000004
    vertex 8.688411242858454 32.844541822366395 24.500000000000004
    vertex 8.744987954558638 32.96485022464446 24.500000000000004
  endloop
endfacet
facet normal -3.4504564474206594e-31 -1.2589623908620329e-30 1.0
  outer loop
    vertex 9.538421513433656 35.49387009653987 24.500000000000004
    vertex 8.744987954558638 32.96485022464446 24.500000000000004
    vertex 8.809565266135884 33.081060408341806 24.500000000000004
  endloop
endfacet
facet normal -3.4504564474206594e-31 -1.2589623908620329e-30 1.0
  outer loop
    vertex 9.538421513433656 35.49387009653987 24.500000000000004
    vertex 8.809565266135884 33.081060408341806 24.500000000000004
    vertex 8.881847949377912 33.19264109515118 24.500000000000004
  endloop
endfacet
facet normal -3.4504564474206594e-31 -1.2589623908620329e-30 1.0
  outer loop
    vertex 9.538421513433656 35.49387009653987 24.500000000000004
    vertex 8.881847949377912 33.19264109515118 24.500000000000004
    vertex 8.961505549410832 33.29908217144462 24.500000000000004
  endloop
endfacet
facet normal -3.4504564474206594e-31 -1.2589623908620329e-30 1.0
  outer loop
    vertex 9.538421513433656 35.49387009653987 24.500000000000004
    vertex 8.961505549410832 33.29908217144462 24.500000000000004
    vertex 9.048173895440389 33.39989702036095 24.500000000000004
  endloop
endfacet
facet normal -3.4504564474206594e-31 -1.2589623908620329e-30 1.0
  outer loop
    vertex 9.538421513433656 35.49387009653987 24.500000000000004
    vertex 9.048173895440389 33.39989702036095 24.500000000000004
    vertex 9.129600493678536 33.48258483303518 24.500000000000004
  endloop
endfacet
facet normal -3.4504564474206594e-31 -1.2589623908620329e-30 1.0
  outer loop
    vertex 9.538421513433656 35.49387009653987 24.500000000000004
    vertex 9.129600493678536 33.48258483303518 24.500000000000004
    vertex 10.510287382818994 35.089089745216235 24.500000000000004
  endloop
endfacet
facet normal -3.4504564474206594e-31 -1.2589623908620329e-30 1.0
  outer loop
    vertex 9.538421513433656 35.49387009653987 24.500000000000004
    vertex 10.510287382818994 35.089089745216235 24.500000000000004
    vertex 9.551904898614406 35.663438781073765 24.500000000000004
  endloop
endfacet
facet normal -3.4504564474206594e-31 -1.2589623908620329e-30 1.0
  outer loop
    vertex 9.551904898614406 35.663438781073765 24.500000000000004
    vertex 10.510287382818994 35.089089745216235 24.500000000000004
    vertex 9.689631412545253 36.308823287993306 24.500000000000004
  endloop
endfacet
facet normal -3.4504564474206594e-31 -1.2589623908620329e-30 1.0
  outer loop
    vertex 9.689631412545253 36.308823287993306 24.500000000000004
    vertex 10.510287382818994 35.089089745216235 24.500000000000004
    vertex 9.910419239262902 36.93070952355764 24.500000000000004
  endloop
endfacet
facet normal -3.4504564474206594e-31 -1.2589623908620329e-30 1.0
  outer loop
    vertex 9.910419239262902 36.93070952355764 24.500000000000004
    vertex 10.510287382818994 35.089089745216235 24.500000000000004
    vertex 10.210490637838276 37.51845684185708 24.500000000000004
  endloop
endfacet
facet normal -3.4504564474206594e-31 -1.2589623908620329e-30 1.0
  outer loop
    vertex 10.210490637838276 37.51845684185708 24.500000000000004
    vertex 10.510287382818994 35.089089745216235 24.500000000000004
    vertex 10.584711303446326 38.06200872332115 24.500000000000004
  endloop
endfacet
facet normal -3.4504564474206594e-31 -1.2589623908620329e-30 1.0
  outer loop
    vertex 10.584711303446326 38.06200872332115 24.500000000000004
    vertex 10.510287382818994 35.089089745216235 24.500000000000004
    vertex 10.544448717567072 35.518706827091464 24.500000000000004
  endloop
endfacet
facet normal -3.4504564474206594e-31 -1.2589623908620329e-30 1.0
  outer loop
    vertex 10.584711303446326 38.06200872332115 24.500000000000004
    vertex 10.544448717567072 35.518706827091464 24.500000000000004
    vertex 10.654792570688327 36.03577657064149 24.500000000000004
  endloop
endfacet
facet normal -3.4504564474206594e-31 -1.2589623908620329e-30 1.0
  outer loop
    vertex 10.584711303446326 38.06200872332115 24.500000000000004
    vertex 10.654792570688327 36.03577657064149 24.500000000000004
    vertex 11.026678216744795 38.5520648445569 24.500000000000004
  endloop
endfacet
facet normal -3.4504564474206594e-31 -1.2589623908620329e-30 1.0
  outer loop
    vertex 11.026678216744795 38.5520648445569 24.500000000000004
    vertex 10.654792570688327 36.03577657064149 24.500000000000004
    vertex 10.831683561587333 36.53401994787309 24.500000000000004
  endloop
endfacet
facet normal -3.4504564474206594e-31 -1.2589623908620329e-30 1.0
  outer loop
    vertex 11.026678216744795 38.5520648445569 24.500000000000004
    vertex 10.831683561587333 36.53401994787309 24.500000000000004
    vertex 11.072095036366383 37.00491187646291 24.500000000000004
  endloop
endfacet
facet normal -3.4504564474206594e-31 -1.2589623908620329e-30 1.0
  outer loop
    vertex 11.026678216744795 38.5520648445569 24.500000000000004
    vertex 11.072095036366383 37.00491187646291 24.500000000000004
    vertex 11.528829201310883 38.98024020946069 24.500000000000004
  endloop
endfacet
facet normal -3.4504564474206594e-31 -1.2589623908620329e-30 1.0
  outer loop
    vertex 11.528829201310883 38.98024020946069 24.500000000000004
    vertex 11.072095036366383 37.00491187646291 24.500000000000004
    vertex 11.371913488037404 37.440395264956784 24.500000000000004
  endloop
endfacet
facet normal -3.4504564474206594e-31 -1.2589623908620329e-30 1.0
  outer loop
    vertex 11.528829201310883 38.98024020946069 24.500000000000004
    vertex 11.371913488037404 37.440395264956784 24.500000000000004
    vertex 11.726008939766812 37.83301887183875 24.500000000000004
  endloop
endfacet
facet normal -3.4504564474206594e-31 -1.2589623908620329e-30 1.0
  outer loop
    vertex 11.528829201310883 38.98024020946069 24.500000000000004
    vertex 11.726008939766812 37.83301887183875 24.500000000000004
    vertex 12.082572314575993 39.339208618826525 24.500000000000004
  endloop
endfacet
facet normal -3.4504564474206594e-31 -1.2589623908620329e-30 1.0
  outer loop
    vertex 12.082572314575993 39.339208618826525 24.500000000000004
    vertex 11.726008939766812 37.83301887183875 24.500000000000004
    vertex 12.128322720201828 38.176064798339205 24.500000000000004
  endloop
endfacet
facet normal -3.4504564474206594e-31 -1.2589623908620329e-30 1.0
  outer loop
    vertex 12.082572314575993 39.339208618826525 24.500000000000004
    vertex 12.128322720201828 38.176064798339205 24.500000000000004
    vertex 12.678432858345719 39.622828023645226 24.500000000000004
  endloop
endfacet
facet normal -3.4504564474206594e-31 -1.2589623908620329e-30 1.0
  outer loop
    vertex 12.678432858345719 39.622828023645226 24.500000000000004
    vertex 12.128322720201828 38.176064798339205 24.500000000000004
    vertex 12.571971129016669 38.46366343354553 24.500000000000004
  endloop
endfacet
facet normal -3.4504564474206594e-31 -1.2589623908620329e-30 1.0
  outer loop
    vertex 12.678432858345719 39.622828023645226 24.500000000000004
    vertex 12.571971129016669 38.46366343354553 24.500000000000004
    vertex 13.049363218933983 38.69089388507183 24.500000000000004
  endloop
endfacet
facet normal -3.4504564474206594e-31 -1.2589623908620329e-30 1.0
  outer loop
    vertex 12.678432858345719 39.622828023645226 24.500000000000004
    vertex 13.049363218933983 38.69089388507183 24.500000000000004
    vertex 13.306215493512267 39.82624561726616 24.500000000000004
  endloop
endfacet
facet normal -3.4504564474206594e-31 -1.2589623908620329e-30 1.0
  outer loop
    vertex 13.306215493512267 39.82624561726616 24.500000000000004
    vertex 13.049363218933983 38.69089388507183 24.500000000000004
    vertex 13.552330678937176 38.85386817689234 24.500000000000004
  endloop
endfacet
facet normal -3.4504564474206594e-31 -1.2589623908620329e-30 1.0
  outer loop
    vertex 13.306215493512267 39.82624561726616 24.500000000000004
    vertex 13.552330678937176 38.85386817689234 24.500000000000004
    vertex 13.95517868513363 39.94598086826451 24.500000000000004
  endloop
endfacet
facet normal -3.4504564474206594e-31 -1.2589623908620329e-30 1.0
  outer loop
    vertex 13.95517868513363 39.94598086826451 24.500000000000004
    vertex 13.552330678937176 38.85386817689234 24.500000000000004
    vertex 14.07226759633663 38.949797773689035 24.500000000000004
  endloop
endfacet
facet normal -3.4504564474206594e-31 -1.2589623908620329e-30 1.0
  outer loop
    vertex 13.95517868513363 39.94598086826451 24.500000000000004
    vertex 14.07226759633663 38.949797773689035 24.500000000000004
    vertex 14.564565573258147 39.97742315208308 24.500000000000004
  endloop
endfacet
facet normal -3.4504564474206594e-31 -1.2589623908620329e-30 1.0
  outer loop
    vertex 14.564565573258147 39.97742315208308 24.500000000000004
    vertex 14.07226759633663 38.949797773689035 24.500000000000004
    vertex 14.590369744169445 38.9765300764291 24.500000000000004
  endloop
endfacet
facet normal -3.4504564474206594e-31 -1.2589623908620329e-30 1.0
  outer loop
    vertex 14.564565573258147 39.97742315208308 24.500000000000004
    vertex 14.590369744169445 38.9765300764291 24.500000000000004
    vertex 73.00512478721284 39.97742315208283 24.500000000000004
  endloop
endfacet
facet normal -3.4504564474206594e-31 -1.2589623908620329e-30 1.0
  outer loop
    vertex 73.00512478721284 39.97742315208283 24.500000000000004
    vertex 14.590369744169445 38.9765300764291 24.500000000000004
    vertex 72.97235894053011 38.976530076429 24.500000000000004
  endloop
endfacet
facet normal -3.4504564474206594e-31 -1.2589623908620329e-30 1.0
  outer loop
    vertex 73.00512478721284 39.97742315208283 24.500000000000004
    vertex 72.97235894053011 38.976530076429 24.500000000000004
    vertex 73.48484447375596 38.942939999938666 24.500000000000004
  endloop
endfacet
facet normal -3.4504564474206594e-31 -1.2589623908620329e-30 1.0
  outer loop
    vertex 73.00512478721284 39.97742315208283 24.500000000000004
    vertex 73.48484447375596 38.942939999938666 24.500000000000004
    vertex 73.61576755210102 39.93739951072899 24.500000000000004
  endloop
endfacet
facet normal -3.4504564474206594e-31 -1.2589623908620329e-30 1.0
  outer loop
    vertex 73.61576755210102 39.93739951072899 24.500000000000004
    vertex 73.48484447375596 38.942939999938666 24.500000000000004
    vertex 73.99658962793356 38.841147559826126 24.500000000000004
  endloop
endfacet
facet normal -3.4504564474206594e-31 -1.2589623908620329e-30 1.0
  outer loop
    vertex 73.61576755210102 39.93739951072899 24.500000000000004
    vertex 73.99658962793356 38.841147559826126 24.500000000000004
    vertex 74.25619565445453 39.81001044075339 24.500000000000004
  endloop
endfacet
facet normal -3.4504564474206594e-31 -1.2589623908620329e-30 1.0
  outer loop
    vertex 74.25619565445453 39.81001044075339 24.500000000000004
    vertex 73.99658962793356 38.841147559826126 24.500000000000004
    vertex 74.49067015177125 38.673429821787984 24.500000000000004
  endloop
endfacet
facet normal -3.4504564474206594e-31 -1.2589623908620329e-30 1.0
  outer loop
    vertex 74.25619565445453 39.81001044075339 24.500000000000004
    vertex 74.49067015177125 38.673429821787984 24.500000000000004
    vertex 74.8745171953779 39.60011856033999 24.500000000000004
  endloop
endfacet
facet normal -3.4504564474206594e-31 -1.2589623908620329e-30 1.0
  outer loop
    vertex 74.8745171953779 39.60011856033999 24.500000000000004
    vertex 74.49067015177125 38.673429821787984 24.500000000000004
    vertex 74.95863219052104 38.44265648282223 24.500000000000004
  endloop
endfacet
facet normal -3.4504564474206594e-31 -1.2589623908620329e-30 1.0
  outer loop
    vertex 74.8745171953779 39.60011856033999 24.500000000000004
    vertex 74.95863219052104 38.44265648282223 24.500000000000004
    vertex 75.4601525218748 39.31131517775568 24.500000000000004
  endloop
endfacet
facet normal -3.4504564474206594e-31 -1.2589623908620329e-30 1.0
  outer loop
    vertex 75.4601525218748 39.31131517775568 24.500000000000004
    vertex 74.95863219052104 38.44265648282223 24.500000000000004
    vertex 75.39246878395646 38.15277613874101 24.500000000000004
  endloop
endfacet
facet normal -3.4504564474206594e-31 -1.2589623908620329e-30 1.0
  outer loop
    vertex 75.4601525218748 39.31131517775568 24.500000000000004
    vertex 75.39246878395646 38.15277613874101 24.500000000000004
    vertex 75.78475686768162 37.808748722601514 24.500000000000004
  endloop
endfacet
facet normal -3.4504564474206594e-31 -1.2589623908620329e-30 1.0
  outer loop
    vertex 75.4601525218748 39.31131517775568 24.500000000000004
    vertex 75.78475686768162 37.808748722601514 24.500000000000004
    vertex 76.00308125114012 38.948541798947936 24.500000000000004
  endloop
endfacet
facet normal -3.4504564474206594e-31 -1.2589623908620329e-30 1.0
  outer loop
    vertex 76.00308125114012 38.948541798947936 24.500000000000004
    vertex 75.78475686768162 37.808748722601514 24.500000000000004
    vertex 76.12878428382109 37.416460638876366 24.500000000000004
  endloop
endfacet
facet normal -3.4504564474206594e-31 -1.2589623908620329e-30 1.0
  outer loop
    vertex 76.00308125114012 38.948541798947936 24.500000000000004
    vertex 76.12878428382109 37.416460638876366 24.500000000000004
    vertex 76.49401372208797 38.518005577007784 24.500000000000004
  endloop
endfacet
facet normal -3.4504564474206594e-31 -1.2589623908620329e-30 1.0
  outer loop
    vertex 76.49401372208797 38.518005577007784 24.500000000000004
    vertex 76.12878428382109 37.416460638876366 24.500000000000004
    vertex 76.41866462790232 36.98262404544096 24.500000000000004
  endloop
endfacet
facet normal -3.4504564474206594e-31 -1.2589623908620329e-30 1.0
  outer loop
    vertex 76.49401372208797 38.518005577007784 24.500000000000004
    vertex 76.41866462790232 36.98262404544096 24.500000000000004
    vertex 76.64943796686806 36.514662006691154 24.500000000000004
  endloop
endfacet
facet normal -3.4504564474206594e-31 -1.2589623908620329e-30 1.0
  outer loop
    vertex 76.49401372208797 38.518005577007784 24.500000000000004
    vertex 76.64943796686806 36.514662006691154 24.500000000000004
    vertex 76.924549944028 38.027073106060044 24.500000000000004
  endloop
endfacet
facet normal -3.4504564474206594e-31 -1.2589623908620329e-30 1.0
  outer loop
    vertex 76.924549944028 38.027073106060044 24.500000000000004
    vertex 76.64943796686806 36.514662006691154 24.500000000000004
    vertex 76.81715570490624 36.02058148285342 24.500000000000004
  endloop
endfacet
facet normal -3.4504564474206594e-31 -1.2589623908620329e-30 1.0
  outer loop
    vertex 76.924549944028 38.027073106060044 24.500000000000004
    vertex 76.81715570490624 36.02058148285342 24.500000000000004
    vertex 76.91894814501876 35.50883632867585 24.500000000000004
  endloop
endfacet
facet normal -3.4504564474206594e-31 -1.2589623908620329e-30 1.0
  outer loop
    vertex 76.924549944028 38.027073106060044 24.500000000000004
    vertex 76.91894814501876 35.50883632867585 24.500000000000004
    vertex 76.9525382215091 34.99635079545012 24.500000000000004
  endloop
endfacet
facet normal -3.4504564474206594e-31 -1.2589623908620329e-30 1.0
  outer loop
    vertex 76.924549944028 38.027073106060044 24.500000000000004
    vertex 76.9525382215091 34.99635079545012 24.500000000000004
    vertex 77.28732332283579 37.48414437679469 24.500000000000004
  endloop
endfacet
facet normal -3.4504564474206594e-31 -1.2589623908620329e-30 1.0
  outer loop
    vertex 77.28732332283579 37.48414437679469 24.500000000000004
    vertex 76.9525382215091 34.99635079545012 24.500000000000004
    vertex 76.95410242294504 34.30117856878815 24.500000000000004
  endloop
endfacet
facet normal -3.4504564474206594e-31 -1.2589623908620329e-30 1.0
  outer loop
    vertex 77.28732332283579 37.48414437679469 24.500000000000004
    vertex 76.95410242294504 34.30117856878815 24.500000000000004
    vertex 76.9585864732343 34.237453923175075 24.500000000000004
  endloop
endfacet
facet normal -3.4504564474206594e-31 -1.2589623908620329e-30 1.0
  outer loop
    vertex 77.28732332283579 37.48414437679469 24.500000000000004
    vertex 76.9585864732343 34.237453923175075 24.500000000000004
    vertex 76.96604896357229 34.17400907780992 24.500000000000004
  endloop
endfacet
facet normal -3.4504564474206594e-31 -1.2589623908620329e-30 1.0
  outer loop
    vertex 77.28732332283579 37.48414437679469 24.500000000000004
    vertex 76.96604896357229 34.17400907780992 24.500000000000004
    vertex 76.97647352890407 34.110983165653955 24.500000000000004
  endloop
endfacet
facet normal -3.4504564474206594e-31 -1.2589623908620329e-30 1.0
  outer loop
    vertex 77.28732332283579 37.48414437679469 24.500000000000004
    vertex 76.97647352890407 34.110983165653955 24.500000000000004
    vertex 76.98983730841823 34.04851440095833 24.500000000000004
  endloop
endfacet
facet normal -3.4504564474206594e-31 -1.2589623908620329e-30 1.0
  outer loop
    vertex 77.28732332283579 37.48414437679469 24.500000000000004
    vertex 76.98983730841823 34.04851440095833 24.500000000000004
    vertex 77.00611099567982 33.98673977616506 24.500000000000004
  endloop
endfacet
facet normal -3.4504564474206594e-31 -1.2589623908620329e-30 1.0
  outer loop
    vertex 77.28732332283579 37.48414437679469 24.500000000000004
    vertex 77.00611099567982 33.98673977616506 24.500000000000004
    vertex 77.02525890289928 33.925794761482884 24.500000000000004
  endloop
endfacet
facet normal -3.4504564474206594e-31 -1.2589623908620329e-30 1.0
  outer loop
    vertex 77.28732332283579 37.48414437679469 24.500000000000004
    vertex 77.02525890289928 33.925794761482884 24.500000000000004
    vertex 77.04723903919397 33.86581300780792 24.500000000000004
  endloop
endfacet
facet normal -3.4504564474206594e-31 -1.2589623908620329e-30 1.0
  outer loop
    vertex 77.28732332283579 37.48414437679469 24.500000000000004
    vertex 77.04723903919397 33.86581300780792 24.500000000000004
    vertex 77.07200320267397 33.806926053627826 24.500000000000004
  endloop
endfacet
facet normal -3.4504564474206594e-31 -1.2589623908620329e-30 1.0
  outer loop
    vertex 77.28732332283579 37.48414437679469 24.500000000000004
    vertex 77.07200320267397 33.806926053627826 24.500000000000004
    vertex 77.099497086147 33.74926303656305 24.500000000000004
  endloop
endfacet
facet normal -3.4504564474206594e-31 -1.2589623908620329e-30 1.0
  outer loop
    vertex 77.28732332283579 37.48414437679469 24.500000000000004
    vertex 77.099497086147 33.74926303656305 24.500000000000004
    vertex 77.12966039621344 33.69295041016949 24.500000000000004
  endloop
endfacet
facet normal -3.4504564474206594e-31 -1.2589623908620329e-30 1.0
  outer loop
    vertex 77.28732332283579 37.48414437679469 24.500000000000004
    vertex 77.12966039621344 33.69295041016949 24.500000000000004
    vertex 77.16285615742461 33.637393396883624 24.500000000000004
  endloop
endfacet
facet normal -3.4504564474206594e-31 -1.2589623908620329e-30 1.0
  outer loop
    vertex 77.28732332283579 37.48414437679469 24.500000000000004
    vertex 77.16285615742461 33.637393396883624 24.500000000000004
    vertex 77.60706726278093 32.95747843970559 24.500000000000004
  endloop
endfacet
facet normal -3.4504564474206594e-31 -1.2589623908620329e-30 1.0
  outer loop
    vertex 77.28732332283579 37.48414437679469 24.500000000000004
    vertex 77.60706726278093 32.95747843970559 24.500000000000004
    vertex 77.57612670542005 36.89850905029785 24.500000000000004
  endloop
endfacet
facet normal -3.4504564474206594e-31 -1.2589623908620329e-30 1.0
  outer loop
    vertex 77.57612670542005 36.89850905029785 24.500000000000004
    vertex 77.60706726278093 32.95747843970559 24.500000000000004
    vertex 77.7860185858335 36.28018750937434 24.500000000000004
  endloop
endfacet
facet normal -3.4504564474206594e-31 -1.2589623908620329e-30 1.0
  outer loop
    vertex 77.7860185858335 36.28018750937434 24.500000000000004
    vertex 77.60706726278093 32.95747843970559 24.500000000000004
    vertex 77.65040524308885 32.90478494904532 24.500000000000004
  endloop
endfacet
facet normal -3.4504564474206594e-31 -1.2589623908620329e-30 1.0
  outer loop
    vertex 77.7860185858335 36.28018750937434 24.500000000000004
    vertex 77.65040524308885 32.90478494904532 24.500000000000004
    vertex 77.70294849228007 32.83248271686849 24.500000000000004
  endloop
endfacet
facet normal -3.4504564474206594e-31 -1.2589623908620329e-30 1.0
  outer loop
    vertex 77.7860185858335 36.28018750937434 24.500000000000004
    vertex 77.70294849228007 32.83248271686849 24.500000000000004
    vertex 77.75107290380447 32.75716706890078 24.500000000000004
  endloop
endfacet
facet normal -3.4504564474206594e-31 -1.2589623908620329e-30 1.0
  outer loop
    vertex 77.7860185858335 36.28018750937434 24.500000000000004
    vertex 77.75107290380447 32.75716706890078 24.500000000000004
    vertex 77.79460614221745 32.679107713493245 24.500000000000004
  endloop
endfacet
facet normal -3.4504564474206594e-31 -1.2589623908620329e-30 1.0
  outer loop
    vertex 77.7860185858335 36.28018750937434 24.500000000000004
    vertex 77.79460614221745 32.679107713493245 24.500000000000004
    vertex 77.91340765580908 35.63975940702097 24.500000000000004
  endloop
endfacet
facet normal -3.4504564474206594e-31 -1.2589623908620329e-30 1.0
  outer loop
    vertex 77.91340765580908 35.63975940702097 24.500000000000004
    vertex 77.79460614221745 32.679107713493245 24.500000000000004
    vertex 77.83339231324925 32.59858418432294 24.500000000000004
  endloop
endfacet
facet normal -3.4504564474206594e-31 -1.2589623908620329e-30 1.0
  outer loop
    vertex 77.91340765580908 35.63975940702097 24.500000000000004
    vertex 77.83339231324925 32.59858418432294 24.500000000000004
    vertex 77.86729252206862 32.51588483937152 24.500000000000004
  endloop
endfacet
facet normal -3.4504564474206594e-31 -1.2589623908620329e-30 1.0
  outer loop
    vertex 77.91340765580908 35.63975940702097 24.500000000000004
    vertex 77.86729252206862 32.51588483937152 24.500000000000004
    vertex 77.8961853706703 32.43130582830497 24.500000000000004
  endloop
endfacet
facet normal -3.4504564474206594e-31 -1.2589623908620329e-30 1.0
  outer loop
    vertex 77.91340765580908 35.63975940702097 24.500000000000004
    vertex 77.8961853706703 32.43130582830497 24.500000000000004
    vertex 77.91996739260686 32.345150031947476 24.500000000000004
  endloop
endfacet
facet normal -3.4504564474206594e-31 -1.2589623908620329e-30 1.0
  outer loop
    vertex 77.91340765580908 35.63975940702097 24.500000000000004
    vertex 77.91996739260686 32.345150031947476 24.500000000000004
    vertex 77.95343129716294 35.029116642132685 24.500000000000004
  endloop
endfacet
facet normal -3.4504564474206594e-31 -1.2589623908620329e-30 1.0
  outer loop
    vertex 77.95343129716294 35.029116642132685 24.500000000000004
    vertex 77.91996739260686 32.345150031947476 24.500000000000004
    vertex 77.93855342350541 32.257725977655895 24.500000000000004
  endloop
endfacet
facet normal -3.4504564474206594e-31 -1.2589623908620329e-30 1.0
  outer loop
    vertex 77.95343129716294 35.029116642132685 24.500000000000004
    vertex 77.93855342350541 32.257725977655895 24.500000000000004
    vertex 77.95187690604526 32.169346734468384 24.500000000000004
  endloop
endfacet
facet normal -3.4504564474206594e-31 -1.2589623908620329e-30 1.0
  outer loop
    vertex 77.95343129716294 35.029116642132685 24.500000000000004
    vertex 77.95187690604526 32.169346734468384 24.500000000000004
    vertex 77.95343129716294 34.37968413615987 24.500000000000004
  endloop
endfacet
facet normal 0.0 0.0 -1.0
  outer loop
    vertex 9.502158157524837 12.256062343237764 -2.1999999999999997
    vertex 9.551904898614474 11.090599040630458 -2.1999999999999997
    vertex 9.502158157524805 11.7162200796605 -2.1999999999999997
  endloop
endfacet
facet normal 0.0 0.0 -1.0
  outer loop
    vertex 9.551904898614474 11.090599040630458 -2.1999999999999997
    vertex 9.502158157524837 12.256062343237764 -2.1999999999999997
    vertex 9.538421513433656 35.49387009653987 -2.1999999999999997
  endloop
endfacet
facet normal 0.0 0.0 -1.0
  outer loop
    vertex 9.551904898614474 11.090599040630458 -2.1999999999999997
    vertex 9.538421513433656 35.49387009653987 -2.1999999999999997
    vertex 9.551904898614406 35.663438781073765 -2.1999999999999997
  endloop
endfacet
facet normal 0.0 0.0 -1.0
  outer loop
    vertex 9.551904898614474 11.090599040630458 -2.1999999999999997
    vertex 9.551904898614406 35.663438781073765 -2.1999999999999997
    vertex 9.689631412545253 36.308823287993306 -2.1999999999999997
  endloop
endfacet
facet normal 0.0 0.0 -1.0
  outer loop
    vertex 9.551904898614474 11.090599040630458 -2.1999999999999997
    vertex 9.689631412545253 36.308823287993306 -2.1999999999999997
    vertex 9.689631412545298 10.445214533711003 -2.1999999999999997
  endloop
endfacet
facet normal 0.0 0.0 -1.0
  outer loop
    vertex 9.689631412545298 10.445214533711003 -2.1999999999999997
    vertex 9.689631412545253 36.308823287993306 -2.1999999999999997
    vertex 9.910419239262902 36.93070952355764 -2.1999999999999997
  endloop
endfacet
facet normal 0.0 0.0 -1.0
  outer loop
    vertex 9.689631412545298 10.445214533711003 -2.1999999999999997
    vertex 9.910419239262902 36.93070952355764 -2.1999999999999997
    vertex 9.910419239262996 9.823328298146567 -2.1999999999999997
  endloop
endfacet
facet normal 0.0 0.0 -1.0
  outer loop
    vertex 9.910419239262996 9.823328298146567 -2.1999999999999997
    vertex 9.910419239262902 36.93070952355764 -2.1999999999999997
    vertex 10.210490637838276 37.51845684185708 -2.1999999999999997
  endloop
endfacet
facet normal 0.0 0.0 -1.0
  outer loop
    vertex 9.910419239262996 9.823328298146567 -2.1999999999999997
    vertex 10.210490637838276 37.51845684185708 -2.1999999999999997
    vertex 10.21049063783838 9.23558097984712 -2.1999999999999997
  endloop
endfacet
facet normal 0.0 0.0 -1.0
  outer loop
    vertex 10.21049063783838 9.23558097984712 -2.1999999999999997
    vertex 10.210490637838276 37.51845684185708 -2.1999999999999997
    vertex 10.584711303446326 38.06200872332115 -2.1999999999999997
  endloop
endfacet
facet normal 0.0 0.0 -1.0
  outer loop
    vertex 10.21049063783838 9.23558097984712 -2.1999999999999997
    vertex 10.584711303446326 38.06200872332115 -2.1999999999999997
    vertex 10.58471130344638 8.692029098383097 -2.1999999999999997
  endloop
endfacet
facet normal 0.0 0.0 -1.0
  outer loop
    vertex 10.58471130344638 8.692029098383097 -2.1999999999999997
    vertex 10.584711303446326 38.06200872332115 -2.1999999999999997
    vertex 11.026678216744795 38.5520648445569 -2.1999999999999997
  endloop
endfacet
facet normal 0.0 0.0 -1.0
  outer loop
    vertex 10.58471130344638 8.692029098383097 -2.1999999999999997
    vertex 11.026678216744795 38.5520648445569 -2.1999999999999997
    vertex 11.026678216744848 8.201972977147381 -2.1999999999999997
  endloop
endfacet
facet normal 0.0 0.0 -1.0
  outer loop
    vertex 11.026678216744848 8.201972977147381 -2.1999999999999997
    vertex 11.026678216744795 38.5520648445569 -2.1999999999999997
    vertex 11.528829201310883 38.98024020946069 -2.1999999999999997
  endloop
endfacet
facet normal 0.0 0.0 -1.0
  outer loop
    vertex 11.026678216744848 8.201972977147381 -2.1999999999999997
    vertex 11.528829201310883 38.98024020946069 -2.1999999999999997
    vertex 11.528829201310902 7.773797612243535 -2.1999999999999997
  endloop
endfacet
facet normal 0.0 0.0 -1.0
  outer loop
    vertex 11.528829201310902 7.773797612243535 -2.1999999999999997
    vertex 11.528829201310883 38.98024020946069 -2.1999999999999997
    vertex 11.968993708079964 34.988182645628854 -2.1999999999999997
  endloop
endfacet
facet normal 0.0 0.0 -1.0
  outer loop
    vertex 11.968993708079964 34.988182645628854 -2.1999999999999997
    vertex 11.528829201310883 38.98024020946069 -2.1999999999999997
    vertex 12.082572314575993 39.339208618826525 -2.1999999999999997
  endloop
endfacet
facet normal 0.0 0.0 -1.0
  outer loop
    vertex 11.968993708079964 34.988182645628854 -2.1999999999999997
    vertex 12.082572314575993 39.339208618826525 -2.1999999999999997
    vertex 12.062697685785025 35.699935019660785 -2.1999999999999997
  endloop
endfacet
facet normal 0.0 0.0 -1.0
  outer loop
    vertex 12.062697685785025 35.699935019660785 -2.1999999999999997
    vertex 12.082572314575993 39.339208618826525 -2.1999999999999997
    vertex 12.337423847672758 36.363182645628854 -2.1999999999999997
  endloop
endfacet
facet normal 0.0 0.0 -1.0
  outer loop
    vertex 12.337423847672758 36.363182645628854 -2.1999999999999997
    vertex 12.082572314575993 39.339208618826525 -2.1999999999999997
    vertex 12.678432858345719 39.622828023645226 -2.1999999999999997
  endloop
endfacet
facet normal 0.0 0.0 -1.0
  outer loop
    vertex 12.337423847672758 36.363182645628854 -2.1999999999999997
    vertex 12.678432858345719 39.622828023645226 -2.1999999999999997
    vertex 12.774450059816958 36.93272629389186 -2.1999999999999997
  endloop
endfacet
facet normal 0.0 0.0 -1.0
  outer loop
    vertex 12.774450059816958 36.93272629389186 -2.1999999999999997
    vertex 12.678432858345719 39.622828023645226 -2.1999999999999997
    vertex 13.306215493512267 39.82624561726616 -2.1999999999999997
  endloop
endfacet
facet normal 0.0 0.0 -1.0
  outer loop
    vertex 12.774450059816958 36.93272629389186 -2.1999999999999997
    vertex 13.306215493512267 39.82624561726616 -2.1999999999999997
    vertex 13.343993708079967 37.369752506036065 -2.1999999999999997
  endloop
endfacet
facet normal 0.0 0.0 -1.0
  outer loop
    vertex 13.343993708079967 37.369752506036065 -2.1999999999999997
    vertex 13.306215493512267 39.82624561726616 -2.1999999999999997
    vertex 13.95517868513363 39.94598086826451 -2.1999999999999997
  endloop
endfacet
facet normal 0.0 0.0 -1.0
  outer loop
    vertex 13.343993708079967 37.369752506036065 -2.1999999999999997
    vertex 13.95517868513363 39.94598086826451 -2.1999999999999997
    vertex 14.007241334048032 37.64447866792379 -2.1999999999999997
  endloop
endfacet
facet normal 0.0 0.0 -1.0
  outer loop
    vertex 14.007241334048032 37.64447866792379 -2.1999999999999997
    vertex 13.95517868513363 39.94598086826451 -2.1999999999999997
    vertex 14.564565573258147 39.97742315208308 -2.1999999999999997
  endloop
endfacet
facet normal 0.0 0.0 -1.0
  outer loop
    vertex 14.007241334048032 37.64447866792379 -2.1999999999999997
    vertex 14.564565573258147 39.97742315208308 -2.1999999999999997
    vertex 14.718993708079964 37.738182645628854 -2.1999999999999997
  endloop
endfacet
facet normal 0.0 0.0 -1.0
  outer loop
    vertex 14.718993708079964 37.738182645628854 -2.1999999999999997
    vertex 14.564565573258147 39.97742315208308 -2.1999999999999997
    vertex 73.00512478721284 39.97742315208283 -2.1999999999999997
  endloop
endfacet
facet normal 0.0 0.0 -1.0
  outer loop
    vertex 14.718993708079964 37.738182645628854 -2.1999999999999997
    vertex 73.00512478721284 39.97742315208283 -2.1999999999999997
    vertex 72.88868765491155 37.73818264562885 -2.1999999999999997
  endloop
endfacet
facet normal 0.0 0.0 -1.0
  outer loop
    vertex 72.88868765491155 37.73818264562885 -2.1999999999999997
    vertex 73.00512478721284 39.97742315208283 -2.1999999999999997
    vertex 73.60044002894348 37.644478667923785 -2.1999999999999997
  endloop
endfacet
facet normal 0.0 0.0 -1.0
  outer loop
    vertex 73.60044002894348 37.644478667923785 -2.1999999999999997
    vertex 73.00512478721284 39.97742315208283 -2.1999999999999997
    vertex 73.61576755210102 39.93739951072899 -2.1999999999999997
  endloop
endfacet
facet normal 0.0 0.0 -1.0
  outer loop
    vertex 73.60044002894348 37.644478667923785 -2.1999999999999997
    vertex 73.61576755210102 39.93739951072899 -2.1999999999999997
    vertex 74.26368765491155 37.36975250603606 -2.1999999999999997
  endloop
endfacet
facet normal 0.0 0.0 -1.0
  outer loop
    vertex 74.26368765491155 37.36975250603606 -2.1999999999999997
    vertex 73.61576755210102 39.93739951072899 -2.1999999999999997
    vertex 74.25619565445453 39.81001044075339 -2.1999999999999997
  endloop
endfacet
facet normal 0.0 0.0 -1.0
  outer loop
    vertex 74.26368765491155 37.36975250603606 -2.1999999999999997
    vertex 74.25619565445453 39.81001044075339 -2.1999999999999997
    vertex 74.8745171953779 39.60011856033999 -2.1999999999999997
  endloop
endfacet
facet normal 0.0 0.0 -1.0
  outer loop
    vertex 74.26368765491155 37.36975250603606 -2.1999999999999997
    vertex 74.8745171953779 39.60011856033999 -2.1999999999999997
    vertex 74.83323130317456 36.932726293891854 -2.1999999999999997
  endloop
endfacet
facet normal 0.0 0.0 -1.0
  outer loop
    vertex 74.83323130317456 36.932726293891854 -2.1999999999999997
    vertex 74.8745171953779 39.60011856033999 -2.1999999999999997
    vertex 75.27025751531876 36.363182645628854 -2.1999999999999997
  endloop
endfacet
facet normal 0.0 0.0 -1.0
  outer loop
    vertex 75.27025751531876 36.363182645628854 -2.1999999999999997
    vertex 74.8745171953779 39.60011856033999 -2.1999999999999997
    vertex 75.4601525218748 39.31131517775568 -2.1999999999999997
  endloop
endfacet
facet normal 0.0 0.0 -1.0
  outer loop
    vertex 75.27025751531876 36.363182645628854 -2.1999999999999997
    vertex 75.4601525218748 39.31131517775568 -2.1999999999999997
    vertex 75.54498367720649 35.699935019660785 -2.1999999999999997
  endloop
endfacet
facet normal 0.0 0.0 -1.0
  outer loop
    vertex 75.54498367720649 35.699935019660785 -2.1999999999999997
    vertex 75.4601525218748 39.31131517775568 -2.1999999999999997
    vertex 76.00308125114012 38.948541798947936 -2.1999999999999997
  endloop
endfacet
facet normal 0.0 0.0 -1.0
  outer loop
    vertex 75.54498367720649 35.699935019660785 -2.1999999999999997
    vertex 76.00308125114012 38.948541798947936 -2.1999999999999997
    vertex 75.63868765491155 34.988182645628854 -2.1999999999999997
  endloop
endfacet
facet normal 0.0 0.0 -1.0
  outer loop
    vertex 75.63868765491155 34.988182645628854 -2.1999999999999997
    vertex 76.00308125114012 38.948541798947936 -2.1999999999999997
    vertex 75.63868765491155 11.9258551760754 -2.1999999999999997
  endloop
endfacet
facet normal 0.0 0.0 -1.0
  outer loop
    vertex 7.534071637078578 32.268964733539825 -2.1999999999999997
    vertex 7.528003028784717 30.726423589595907 -2.1999999999999997
    vertex 7.528003028784717 32.08956085451058 -2.1999999999999997
  endloop
endfacet
facet normal 0.0 0.0 -1.0
  outer loop
    vertex 7.528003028784717 30.726423589595907 -2.1999999999999997
    vertex 7.534071637078578 32.268964733539825 -2.1999999999999997
    vertex 7.528003028784717 17.34129974187996 -2.1999999999999997
  endloop
endfacet
facet normal 0.0 0.0 -1.0
  outer loop
    vertex 7.528003028784717 17.34129974187996 -2.1999999999999997
    vertex 7.534071637078578 32.268964733539825 -2.1999999999999997
    vertex 7.528003028784717 15.183781959785126 -2.1999999999999997
  endloop
endfacet
facet normal 0.0 0.0 -1.0
  outer loop
    vertex 7.528003028784717 15.183781959785126 -2.1999999999999997
    vertex 7.534071637078578 32.268964733539825 -2.1999999999999997
    vertex 9.502158157524837 12.256062343237764 -2.1999999999999997
  endloop
endfacet
facet normal 0.0 0.0 -1.0
  outer loop
    vertex 9.502158157524837 12.256062343237764 -2.1999999999999997
    vertex 7.534071637078578 32.268964733539825 -2.1999999999999997
    vertex 7.554391966087539 32.46859413864596 -2.1999999999999997
  endloop
endfacet
facet normal 0.0 0.0 -1.0
  outer loop
    vertex 9.502158157524837 12.256062343237764 -2.1999999999999997
    vertex 7.554391966087539 32.46859413864596 -2.1999999999999997
    vertex 7.588155944809874 32.666394060018284 -2.1999999999999997
  endloop
endfacet
facet normal 0.0 0.0 -1.0
  outer loop
    vertex 9.502158157524837 12.256062343237764 -2.1999999999999997
    vertex 7.588155944809874 32.666394060018284 -2.1999999999999997
    vertex 7.635209214402925 32.86146021539808 -2.1999999999999997
  endloop
endfacet
facet normal 0.0 0.0 -1.0
  outer loop
    vertex 9.502158157524837 12.256062343237764 -2.1999999999999997
    vertex 7.635209214402925 32.86146021539808 -2.1999999999999997
    vertex 7.695336661348886 33.05290082048961 -2.1999999999999997
  endloop
endfacet
facet normal 0.0 0.0 -1.0
  outer loop
    vertex 9.502158157524837 12.256062343237764 -2.1999999999999997
    vertex 7.695336661348886 33.05290082048961 -2.1999999999999997
    vertex 7.7682634008896745 33.239840665931915 -2.1999999999999997
  endloop
endfacet
facet normal 0.0 0.0 -1.0
  outer loop
    vertex 9.502158157524837 12.256062343237764 -2.1999999999999997
    vertex 7.7682634008896745 33.239840665931915 -2.1999999999999997
    vertex 7.853656033718104 33.42142511849514 -2.1999999999999997
  endloop
endfacet
facet normal 0.0 0.0 -1.0
  outer loop
    vertex 9.502158157524837 12.256062343237764 -2.1999999999999997
    vertex 7.853656033718104 33.42142511849514 -2.1999999999999997
    vertex 7.951124170180024 33.59682402820864 -2.1999999999999997
  endloop
endfacet
facet normal 0.0 0.0 -1.0
  outer loop
    vertex 9.502158157524837 12.256062343237764 -2.1999999999999997
    vertex 7.951124170180024 33.59682402820864 -2.1999999999999997
    vertex 8.060222215019543 33.765235523559376 -2.1999999999999997
  endloop
endfacet
facet normal 0.0 0.0 -1.0
  outer loop
    vertex 9.502158157524837 12.256062343237764 -2.1999999999999997
    vertex 8.060222215019543 33.765235523559376 -2.1999999999999997
    vertex 8.180451404507423 33.925889677408954 -2.1999999999999997
  endloop
endfacet
facet normal 0.0 0.0 -1.0
  outer loop
    vertex 9.502158157524837 12.256062343237764 -2.1999999999999997
    vertex 8.180451404507423 33.925889677408954 -2.1999999999999997
    vertex 8.311262086640504 34.078052026871504 -2.1999999999999997
  endloop
endfacet
facet normal 0.0 0.0 -1.0
  outer loop
    vertex 9.502158157524837 12.256062343237764 -2.1999999999999997
    vertex 8.311262086640504 34.078052026871504 -2.1999999999999997
    vertex 8.392639523308851 34.16068991651367 -2.1999999999999997
  endloop
endfacet
facet normal 0.0 0.0 -1.0
  outer loop
    vertex 9.502158157524837 12.256062343237764 -2.1999999999999997
    vertex 8.392639523308851 34.16068991651367 -2.1999999999999997
    vertex 9.538421513433656 35.49387009653987 -2.1999999999999997
  endloop
endfacet
facet normal 0.0 0.0 -1.0
  outer loop
    vertex 11.528829201310902 7.773797612243535 -2.1999999999999997
    vertex 11.968993708079964 11.9258551760754 -2.1999999999999997
    vertex 12.082572314576074 7.414829202877726 -2.1999999999999997
  endloop
endfacet
facet normal 0.0 0.0 -1.0
  outer loop
    vertex 11.968993708079964 11.9258551760754 -2.1999999999999997
    vertex 11.528829201310902 7.773797612243535 -2.1999999999999997
    vertex 11.968993708079964 34.988182645628854 -2.1999999999999997
  endloop
endfacet
facet normal 0.0 0.0 -1.0
  outer loop
    vertex 12.082572314576074 7.414829202877726 -2.1999999999999997
    vertex 11.968993708079964 11.9258551760754 -2.1999999999999997
    vertex 12.062697685785025 11.214102802043469 -2.1999999999999997
  endloop
endfacet
facet normal 0.0 0.0 -1.0
  outer loop
    vertex 12.082572314576074 7.414829202877726 -2.1999999999999997
    vertex 12.062697685785025 11.214102802043469 -2.1999999999999997
    vertex 12.337423847672758 10.5508551760754 -2.1999999999999997
  endloop
endfacet
facet normal 0.0 0.0 -1.0
  outer loop
    vertex 12.082572314576074 7.414829202877726 -2.1999999999999997
    vertex 12.337423847672758 10.5508551760754 -2.1999999999999997
    vertex 12.67843285834574 7.131209798059043 -2.1999999999999997
  endloop
endfacet
facet normal 0.0 0.0 -1.0
  outer loop
    vertex 12.67843285834574 7.131209798059043 -2.1999999999999997
    vertex 12.337423847672758 10.5508551760754 -2.1999999999999997
    vertex 12.774450059816958 9.981311527812395 -2.1999999999999997
  endloop
endfacet
facet normal 0.0 0.0 -1.0
  outer loop
    vertex 12.67843285834574 7.131209798059043 -2.1999999999999997
    vertex 12.774450059816958 9.981311527812395 -2.1999999999999997
    vertex 13.306215493512298 6.927792204438082 -2.1999999999999997
  endloop
endfacet
facet normal 0.0 0.0 -1.0
  outer loop
    vertex 13.306215493512298 6.927792204438082 -2.1999999999999997
    vertex 12.774450059816958 9.981311527812395 -2.1999999999999997
    vertex 13.343993708079964 9.544285315668194 -2.1999999999999997
  endloop
endfacet
facet normal 0.0 0.0 -1.0
  outer loop
    vertex 13.306215493512298 6.927792204438082 -2.1999999999999997
    vertex 13.343993708079964 9.544285315668194 -2.1999999999999997
    vertex 13.955178685133806 6.808056953439742 -2.1999999999999997
  endloop
endfacet
facet normal 0.0 0.0 -1.0
  outer loop
    vertex 13.955178685133806 6.808056953439742 -2.1999999999999997
    vertex 13.343993708079964 9.544285315668194 -2.1999999999999997
    vertex 14.007241334048032 9.269559153780463 -2.1999999999999997
  endloop
endfacet
facet normal 0.0 0.0 -1.0
  outer loop
    vertex 13.955178685133806 6.808056953439742 -2.1999999999999997
    vertex 14.007241334048032 9.269559153780463 -2.1999999999999997
    vertex 14.564565573254157 6.77661466962139 -2.1999999999999997
  endloop
endfacet
facet normal 0.0 0.0 -1.0
  outer loop
    vertex 14.564565573254157 6.77661466962139 -2.1999999999999997
    vertex 14.007241334048032 9.269559153780463 -2.1999999999999997
    vertex 14.718993708079964 9.1758551760754 -2.1999999999999997
  endloop
endfacet
facet normal 0.0 0.0 -1.0
  outer loop
    vertex 14.564565573254157 6.77661466962139 -2.1999999999999997
    vertex 14.718993708079964 9.1758551760754 -2.1999999999999997
    vertex 44.679017929669335 6.786175682300824 -2.1999999999999997
  endloop
endfacet
facet normal 0.0 0.0 -1.0
  outer loop
    vertex 44.679017929669335 6.786175682300824 -2.1999999999999997
    vertex 14.718993708079964 9.1758551760754 -2.1999999999999997
    vertex 72.88868765491155 9.175855176075405 -2.1999999999999997
  endloop
endfacet
facet normal 0.0 0.0 -1.0
  outer loop
    vertex 44.679017929669335 6.786175682300824 -2.1999999999999997
    vertex 72.88868765491155 9.175855176075405 -2.1999999999999997
    vertex 44.73756214473248 6.776614669621397 -2.1999999999999997
  endloop
endfacet
facet normal 0.0 0.0 -1.0
  outer loop
    vertex 44.73756214473248 6.776614669621397 -2.1999999999999997
    vertex 72.88868765491155 9.175855176075405 -2.1999999999999997
    vertex 44.76723703195041 6.761206182886907 -2.1999999999999997
  endloop
endfacet
facet normal 0.0 0.0 -1.0
  outer loop
    vertex 44.76723703195041 6.761206182886907 -2.1999999999999997
    vertex 72.88868765491155 9.175855176075405 -2.1999999999999997
    vertex 44.80093207920719 6.746611037305704 -2.1999999999999997
  endloop
endfacet
facet normal 0.0 0.0 -1.0
  outer loop
    vertex 44.80093207920719 6.746611037305704 -2.1999999999999997
    vertex 72.88868765491155 9.175855176075405 -2.1999999999999997
    vertex 44.833422365559606 6.729500929856819 -2.1999999999999997
  endloop
endfacet
facet normal 0.0 0.0 -1.0
  outer loop
    vertex 44.833422365559606 6.729500929856819 -2.1999999999999997
    vertex 72.88868765491155 9.175855176075405 -2.1999999999999997
    vertex 44.87445586085606 6.703469908306931 -2.1999999999999997
  endloop
endfacet
facet normal 0.0 0.0 -1.0
  outer loop
    vertex 44.87445586085606 6.703469908306931 -2.1999999999999997
    vertex 72.88868765491155 9.175855176075405 -2.1999999999999997
    vertex 45.54607326622475 6.245312298442952 -2.1999999999999997
  endloop
endfacet
facet normal 0.0 0.0 -1.0
  outer loop
    vertex 45.54607326622475 6.245312298442952 -2.1999999999999997
    vertex 72.88868765491155 9.175855176075405 -2.1999999999999997
    vertex 45.603991507084146 6.204985920351179 -2.1999999999999997
  endloop
endfacet
facet normal 0.0 0.0 -1.0
  outer loop
    vertex 45.603991507084146 6.204985920351179 -2.1999999999999997
    vertex 72.88868765491155 9.175855176075405 -2.1999999999999997
    vertex 45.69941843798034 6.146286286125076 -2.1999999999999997
  endloop
endfacet
facet normal 0.0 0.0 -1.0
  outer loop
    vertex 45.69941843798034 6.146286286125076 -2.1999999999999997
    vertex 72.88868765491155 9.175855176075405 -2.1999999999999997
    vertex 45.79802096770347 6.09309336055445 -2.1999999999999997
  endloop
endfacet
facet normal 0.0 0.0 -1.0
  outer loop
    vertex 45.79802096770347 6.09309336055445 -2.1999999999999997
    vertex 72.88868765491155 9.175855176075405 -2.1999999999999997
    vertex 45.89948166679699 6.045578386725109 -2.1999999999999997
  endloop
endfacet
facet normal 0.0 0.0 -1.0
  outer loop
    vertex 45.89948166679699 6.045578386725109 -2.1999999999999997
    vertex 72.88868765491155 9.175855176075405 -2.1999999999999997
    vertex 46.00347390454826 6.003894328788685 -2.1999999999999997
  endloop
endfacet
facet normal 0.0 0.0 -1.0
  outer loop
    vertex 46.00347390454826 6.003894328788685 -2.1999999999999997
    vertex 72.88868765491155 9.175855176075405 -2.1999999999999997
    vertex 46.109662900504844 5.96817537952801 -2.1999999999999997
  endloop
endfacet
facet normal 0.0 0.0 -1.0
  outer loop
    vertex 46.109662900504844 5.96817537952801 -2.1999999999999997
    vertex 72.88868765491155 9.175855176075405 -2.1999999999999997
    vertex 46.21770680222792 5.9385365283523495 -2.1999999999999997
  endloop
endfacet
facet normal 0.0 0.0 -1.0
  outer loop
    vertex 46.21770680222792 5.9385365283523495 -2.1999999999999997
    vertex 72.88868765491155 9.175855176075405 -2.1999999999999997
    vertex 46.327257785811796 5.915073191114084 -2.1999999999999997
  endloop
endfacet
facet normal 0.0 0.0 -1.0
  outer loop
    vertex 46.327257785811796 5.915073191114084 -2.1999999999999997
    vertex 72.88868765491155 9.175855176075405 -2.1999999999999997
    vertex 46.437963175627694 5.8978609029379685 -2.1999999999999997
  endloop
endfacet
facet normal 0.0 0.0 -1.0
  outer loop
    vertex 46.437963175627694 5.8978609029379685 -2.1999999999999997
    vertex 72.88868765491155 9.175855176075405 -2.1999999999999997
    vertex 46.54946657968644 5.886955075052244 -2.1999999999999997
  endloop
endfacet
facet normal 0.0 0.0 -1.0
  outer loop
    vertex 46.54946657968644 5.886955075052244 -2.1999999999999997
    vertex 72.88868765491155 9.175855176075405 -2.1999999999999997
    vertex 46.66140903696488 5.882390816404198 -2.1999999999999997
  endloop
endfacet
facet normal 0.0 0.0 -1.0
  outer loop
    vertex 46.66140903696488 5.882390816404198 -2.1999999999999997
    vertex 72.88868765491155 9.175855176075405 -2.1999999999999997
    vertex 46.727947806288576 5.883455238354587 -2.1999999999999997
  endloop
endfacet
facet normal 0.0 0.0 -1.0
  outer loop
    vertex 46.727947806288576 5.883455238354587 -2.1999999999999997
    vertex 72.88868765491155 9.175855176075405 -2.1999999999999997
    vertex 70.9064642970884 5.883455238354318 -2.1999999999999997
  endloop
endfacet
facet normal 0.0 0.0 -1.0
  outer loop
    vertex 70.9064642970884 5.883455238354318 -2.1999999999999997
    vertex 72.88868765491155 9.175855176075405 -2.1999999999999997
    vertex 71.01104186972867 5.885246726785538 -2.1999999999999997
  endloop
endfacet
facet normal 0.0 0.0 -1.0
  outer loop
    vertex 71.01104186972867 5.885246726785538 -2.1999999999999997
    vertex 72.88868765491155 9.175855176075405 -2.1999999999999997
    vertex 71.12619352575169 5.891169252062808 -2.1999999999999997
  endloop
endfacet
facet normal 0.0 0.0 -1.0
  outer loop
    vertex 71.12619352575169 5.891169252062808 -2.1999999999999997
    vertex 72.88868765491155 9.175855176075405 -2.1999999999999997
    vertex 71.2410747618459 5.901032404901244 -2.1999999999999997
  endloop
endfacet
facet normal 0.0 0.0 -1.0
  outer loop
    vertex 71.2410747618459 5.901032404901244 -2.1999999999999997
    vertex 72.88868765491155 9.175855176075405 -2.1999999999999997
    vertex 71.35555076476658 5.914824610881194 -2.1999999999999997
  endloop
endfacet
facet normal 0.0 0.0 -1.0
  outer loop
    vertex 71.35555076476658 5.914824610881194 -2.1999999999999997
    vertex 72.88868765491155 9.175855176075405 -2.1999999999999997
    vertex 71.46948719680985 5.932529684835147 -2.1999999999999997
  endloop
endfacet
facet normal 0.0 0.0 -1.0
  outer loop
    vertex 71.46948719680985 5.932529684835147 -2.1999999999999997
    vertex 72.88868765491155 9.175855176075405 -2.1999999999999997
    vertex 71.58275035345925 5.954126849841188 -2.1999999999999997
  endloop
endfacet
facet normal 0.0 0.0 -1.0
  outer loop
    vertex 71.58275035345925 5.954126849841188 -2.1999999999999997
    vertex 72.88868765491155 9.175855176075405 -2.1999999999999997
    vertex 71.6952073202874 5.979590761604626 -2.1999999999999997
  endloop
endfacet
facet normal 0.0 0.0 -1.0
  outer loop
    vertex 71.6952073202874 5.979590761604626 -2.1999999999999997
    vertex 72.88868765491155 9.175855176075405 -2.1999999999999997
    vertex 71.80672612893152 6.008891538199609 -2.1999999999999997
  endloop
endfacet
facet normal 0.0 0.0 -1.0
  outer loop
    vertex 71.80672612893152 6.008891538199609 -2.1999999999999997
    vertex 72.88868765491155 9.175855176075405 -2.1999999999999997
    vertex 71.91717591195835 6.041994795135542 -2.1999999999999997
  endloop
endfacet
facet normal 0.0 0.0 -1.0
  outer loop
    vertex 71.91717591195835 6.041994795135542 -2.1999999999999997
    vertex 72.88868765491155 9.175855176075405 -2.1999999999999997
    vertex 72.02642705643773 6.078861685707496 -2.1999999999999997
  endloop
endfacet
facet normal 0.0 0.0 -1.0
  outer loop
    vertex 72.02642705643773 6.078861685707496 -2.1999999999999997
    vertex 72.88868765491155 9.175855176075405 -2.1999999999999997
    vertex 72.13435135604233 6.1194489465825415 -2.1999999999999997
  endloop
endfacet
facet normal 0.0 0.0 -1.0
  outer loop
    vertex 72.13435135604233 6.1194489465825415 -2.1999999999999997
    vertex 72.88868765491155 9.175855176075405 -2.1999999999999997
    vertex 72.34002411932428 6.204947284577564 -2.1999999999999997
  endloop
endfacet
facet normal 0.0 0.0 -1.0
  outer loop
    vertex 72.34002411932428 6.204947284577564 -2.1999999999999997
    vertex 72.88868765491155 9.175855176075405 -2.1999999999999997
    vertex 73.0962190194158 6.782585301042499 -2.1999999999999997
  endloop
endfacet
facet normal 0.0 0.0 -1.0
  outer loop
    vertex 73.0962190194158 6.782585301042499 -2.1999999999999997
    vertex 72.88868765491155 9.175855176075405 -2.1999999999999997
    vertex 73.60044002894348 9.269559153780467 -2.1999999999999997
  endloop
endfacet
facet normal 0.0 0.0 -1.0
  outer loop
    vertex 73.0962190194158 6.782585301042499 -2.1999999999999997
    vertex 73.60044002894348 9.269559153780467 -2.1999999999999997
    vertex 73.14636320864136 6.7907548038098335 -2.1999999999999997
  endloop
endfacet
facet normal 0.0 0.0 -1.0
  outer loop
    vertex 73.14636320864136 6.7907548038098335 -2.1999999999999997
    vertex 73.60044002894348 9.269559153780467 -2.1999999999999997
    vertex 73.17687363108995 6.799222616459966 -2.1999999999999997
  endloop
endfacet
facet normal 0.0 0.0 -1.0
  outer loop
    vertex 73.17687363108995 6.799222616459966 -2.1999999999999997
    vertex 73.60044002894348 9.269559153780467 -2.1999999999999997
    vertex 73.2161622788291 6.803497116318498 -2.1999999999999997
  endloop
endfacet
facet normal 0.0 0.0 -1.0
  outer loop
    vertex 73.2161622788291 6.803497116318498 -2.1999999999999997
    vertex 73.60044002894348 9.269559153780467 -2.1999999999999997
    vertex 73.61576755210103 6.816638310975266 -2.1999999999999997
  endloop
endfacet
facet normal 0.0 0.0 -1.0
  outer loop
    vertex 73.61576755210103 6.816638310975266 -2.1999999999999997
    vertex 73.60044002894348 9.269559153780467 -2.1999999999999997
    vertex 74.26368765491155 9.544285315668198 -2.1999999999999997
  endloop
endfacet
facet normal 0.0 0.0 -1.0
  outer loop
    vertex 73.61576755210103 6.816638310975266 -2.1999999999999997
    vertex 74.26368765491155 9.544285315668198 -2.1999999999999997
    vertex 74.25619565445452 6.944027380950861 -2.1999999999999997
  endloop
endfacet
facet normal 0.0 0.0 -1.0
  outer loop
    vertex 74.25619565445452 6.944027380950861 -2.1999999999999997
    vertex 74.26368765491155 9.544285315668198 -2.1999999999999997
    vertex 74.87451719537786 7.153919261364253 -2.1999999999999997
  endloop
endfacet
facet normal 0.0 0.0 -1.0
  outer loop
    vertex 74.87451719537786 7.153919261364253 -2.1999999999999997
    vertex 74.26368765491155 9.544285315668198 -2.1999999999999997
    vertex 74.83323130317456 9.981311527812398 -2.1999999999999997
  endloop
endfacet
facet normal 0.0 0.0 -1.0
  outer loop
    vertex 74.87451719537786 7.153919261364253 -2.1999999999999997
    vertex 74.83323130317456 9.981311527812398 -2.1999999999999997
    vertex 75.27025751531876 10.550855176075402 -2.1999999999999997
  endloop
endfacet
facet normal 0.0 0.0 -1.0
  outer loop
    vertex 74.87451719537786 7.153919261364253 -2.1999999999999997
    vertex 75.27025751531876 10.550855176075402 -2.1999999999999997
    vertex 75.46015252187482 7.442722643948576 -2.1999999999999997
  endloop
endfacet
facet normal 0.0 0.0 -1.0
  outer loop
    vertex 75.46015252187482 7.442722643948576 -2.1999999999999997
    vertex 75.27025751531876 10.550855176075402 -2.1999999999999997
    vertex 75.54498367720649 11.214102802043467 -2.1999999999999997
  endloop
endfacet
facet normal 0.0 0.0 -1.0
  outer loop
    vertex 75.46015252187482 7.442722643948576 -2.1999999999999997
    vertex 75.54498367720649 11.214102802043467 -2.1999999999999997
    vertex 76.00308125114019 7.805496022756364 -2.1999999999999997
  endloop
endfacet
facet normal 0.0 0.0 -1.0
  outer loop
    vertex 76.00308125114019 7.805496022756364 -2.1999999999999997
    vertex 75.54498367720649 11.214102802043467 -2.1999999999999997
    vertex 75.63868765491155 11.9258551760754 -2.1999999999999997
  endloop
endfacet
facet normal 0.0 0.0 -1.0
  outer loop
    vertex 76.00308125114019 7.805496022756364 -2.1999999999999997
    vertex 75.63868765491155 11.9258551760754 -2.1999999999999997
    vertex 76.00308125114012 38.948541798947936 -2.1999999999999997
  endloop
endfacet
facet normal 0.0 0.0 -1.0
  outer loop
    vertex 76.00308125114019 7.805496022756364 -2.1999999999999997
    vertex 76.00308125114012 38.948541798947936 -2.1999999999999997
    vertex 76.49401372208797 38.518005577007784 -2.1999999999999997
  endloop
endfacet
facet normal 0.0 0.0 -1.0
  outer loop
    vertex 76.00308125114019 7.805496022756364 -2.1999999999999997
    vertex 76.49401372208797 38.518005577007784 -2.1999999999999997
    vertex 76.49401372208791 8.236032244696407 -2.1999999999999997
  endloop
endfacet
facet normal 0.0 0.0 -1.0
  outer loop
    vertex 76.49401372208791 8.236032244696407 -2.1999999999999997
    vertex 76.49401372208797 38.518005577007784 -2.1999999999999997
    vertex 76.924549944028 8.726964715644197 -2.1999999999999997
  endloop
endfacet
facet normal 0.0 0.0 -1.0
  outer loop
    vertex 76.924549944028 8.726964715644197 -2.1999999999999997
    vertex 76.49401372208797 38.518005577007784 -2.1999999999999997
    vertex 76.924549944028 38.027073106060044 -2.1999999999999997
  endloop
endfacet
facet normal 0.0 0.0 -1.0
  outer loop
    vertex 76.924549944028 8.726964715644197 -2.1999999999999997
    vertex 76.924549944028 38.027073106060044 -2.1999999999999997
    vertex 77.28732332283579 37.48414437679469 -2.1999999999999997
  endloop
endfacet
facet normal 0.0 0.0 -1.0
  outer loop
    vertex 76.924549944028 8.726964715644197 -2.1999999999999997
    vertex 77.28732332283579 37.48414437679469 -2.1999999999999997
    vertex 77.28732332283577 9.269893444909535 -2.1999999999999997
  endloop
endfacet
facet normal 0.0 0.0 -1.0
  outer loop
    vertex 77.28732332283577 9.269893444909535 -2.1999999999999997
    vertex 77.28732332283579 37.48414437679469 -2.1999999999999997
    vertex 77.57612670542008 9.855528771406485 -2.1999999999999997
  endloop
endfacet
facet normal 0.0 0.0 -1.0
  outer loop
    vertex 77.57612670542008 9.855528771406485 -2.1999999999999997
    vertex 77.28732332283579 37.48414437679469 -2.1999999999999997
    vertex 77.57612670542005 36.89850905029785 -2.1999999999999997
  endloop
endfacet
facet normal 0.0 0.0 -1.0
  outer loop
    vertex 77.57612670542008 9.855528771406485 -2.1999999999999997
    vertex 77.57612670542005 36.89850905029785 -2.1999999999999997
    vertex 77.7860185858335 36.28018750937434 -2.1999999999999997
  endloop
endfacet
facet normal 0.0 0.0 -1.0
  outer loop
    vertex 77.57612670542008 9.855528771406485 -2.1999999999999997
    vertex 77.7860185858335 36.28018750937434 -2.1999999999999997
    vertex 77.7860185858335 10.473850312329848 -2.1999999999999997
  endloop
endfacet
facet normal 0.0 0.0 -1.0
  outer loop
    vertex 77.7860185858335 10.473850312329848 -2.1999999999999997
    vertex 77.7860185858335 36.28018750937434 -2.1999999999999997
    vertex 77.91340765580908 35.63975940702097 -2.1999999999999997
  endloop
endfacet
facet normal 0.0 0.0 -1.0
  outer loop
    vertex 77.7860185858335 10.473850312329848 -2.1999999999999997
    vertex 77.91340765580908 35.63975940702097 -2.1999999999999997
    vertex 77.91340765580908 11.11427841468331 -2.1999999999999997
  endloop
endfacet
facet normal 0.0 0.0 -1.0
  outer loop
    vertex 77.91340765580908 11.11427841468331 -2.1999999999999997
    vertex 77.91340765580908 35.63975940702097 -2.1999999999999997
    vertex 77.95343129716294 35.029116642132685 -2.1999999999999997
  endloop
endfacet
facet normal 0.0 0.0 -1.0
  outer loop
    vertex 77.91340765580908 11.11427841468331 -2.1999999999999997
    vertex 77.95343129716294 35.029116642132685 -2.1999999999999997
    vertex 77.95258558830966 12.450338503428902 -2.1999999999999997
  endloop
endfacet
facet normal 0.0 0.0 -1.0
  outer loop
    vertex 77.95258558830966 12.450338503428902 -2.1999999999999997
    vertex 77.95343129716294 35.029116642132685 -2.1999999999999997
    vertex 77.95343129716294 34.37968413615987 -2.1999999999999997
  endloop
endfacet
facet normal 0.0 0.0 -1.0
  outer loop
    vertex 77.95258558830966 12.450338503428902 -2.1999999999999997
    vertex 77.95343129716294 34.37968413615987 -2.1999999999999997
    vertex 77.95671335474829 12.47729287282044 -2.1999999999999997
  endloop
endfacet
facet normal 0.0 0.0 -1.0
  outer loop
    vertex 77.95671335474829 12.47729287282044 -2.1999999999999997
    vertex 77.95343129716294 34.37968413615987 -2.1999999999999997
    vertex 77.95536536492342 34.331093202803736 -2.1999999999999997
  endloop
endfacet
facet normal 0.0 0.0 -1.0
  outer loop
    vertex 77.95671335474829 12.47729287282044 -2.1999999999999997
    vertex 77.95536536492342 34.331093202803736 -2.1999999999999997
    vertex 77.96012490584106 34.29744078082776 -2.1999999999999997
  endloop
endfacet
facet normal 0.0 0.0 -1.0
  outer loop
    vertex 77.95671335474829 12.47729287282044 -2.1999999999999997
    vertex 77.96012490584106 34.29744078082776 -2.1999999999999997
    vertex 77.96815200530229 12.50204633234837 -2.1999999999999997
  endloop
endfacet
facet normal 0.0 0.0 -1.0
  outer loop
    vertex 77.96815200530229 12.50204633234837 -2.1999999999999997
    vertex 77.96012490584106 34.29744078082776 -2.1999999999999997
    vertex 77.96801109675026 34.264381036007705 -2.1999999999999997
  endloop
endfacet
facet normal 0.0 0.0 -1.0
  outer loop
    vertex 77.96815200530229 12.50204633234837 -2.1999999999999997
    vertex 77.96801109675026 34.264381036007705 -2.1999999999999997
    vertex 77.97895479869796 34.232203806134294 -2.1999999999999997
  endloop
endfacet
facet normal 0.0 0.0 -1.0
  outer loop
    vertex 77.96815200530229 12.50204633234837 -2.1999999999999997
    vertex 77.97895479869796 34.232203806134294 -2.1999999999999997
    vertex 78.34692706735319 13.023176886025842 -2.1999999999999997
  endloop
endfacet
facet normal 0.0 0.0 -1.0
  outer loop
    vertex 78.34692706735319 13.023176886025842 -2.1999999999999997
    vertex 77.97895479869796 34.232203806134294 -2.1999999999999997
    vertex 77.99286006725319 34.20119119191008 -2.1999999999999997
  endloop
endfacet
facet normal 0.0 0.0 -1.0
  outer loop
    vertex 78.34692706735319 13.023176886025842 -2.1999999999999997
    vertex 77.99286006725319 34.20119119191008 -2.1999999999999997
    vertex 78.01175575276608 34.168015535255016 -2.1999999999999997
  endloop
endfacet
facet normal 0.0 0.0 -1.0
  outer loop
    vertex 78.34692706735319 13.023176886025842 -2.1999999999999997
    vertex 78.01175575276608 34.168015535255016 -2.1999999999999997
    vertex 78.41496017880904 33.55086590355659 -2.1999999999999997
  endloop
endfacet
facet normal 0.0 0.0 -1.0
  outer loop
    vertex 78.34692706735319 13.023176886025842 -2.1999999999999997
    vertex 78.41496017880904 33.55086590355659 -2.1999999999999997
    vertex 78.4309348084057 13.144790219610544 -2.1999999999999997
  endloop
endfacet
facet normal 0.0 0.0 -1.0
  outer loop
    vertex 78.4309348084057 13.144790219610544 -2.1999999999999997
    vertex 78.41496017880904 33.55086590355659 -2.1999999999999997
    vertex 78.44246421661211 33.517424479918525 -2.1999999999999997
  endloop
endfacet
facet normal 0.0 0.0 -1.0
  outer loop
    vertex 78.4309348084057 13.144790219610544 -2.1999999999999997
    vertex 78.44246421661211 33.517424479918525 -2.1999999999999997
    vertex 78.51699226974127 13.28374589047296 -2.1999999999999997
  endloop
endfacet
facet normal 0.0 0.0 -1.0
  outer loop
    vertex 78.51699226974127 13.28374589047296 -2.1999999999999997
    vertex 78.44246421661211 33.517424479918525 -2.1999999999999997
    vertex 78.53023430112965 33.39664829788468 -2.1999999999999997
  endloop
endfacet
facet normal 0.0 0.0 -1.0
  outer loop
    vertex 78.51699226974127 13.28374589047296 -2.1999999999999997
    vertex 78.53023430112965 33.39664829788468 -2.1999999999999997
    vertex 78.59599615016259 13.426829614197295 -2.1999999999999997
  endloop
endfacet
facet normal 0.0 0.0 -1.0
  outer loop
    vertex 78.59599615016259 13.426829614197295 -2.1999999999999997
    vertex 78.53023430112965 33.39664829788468 -2.1999999999999997
    vertex 78.61062300437634 33.270838400526486 -2.1999999999999997
  endloop
endfacet
facet normal 0.0 0.0 -1.0
  outer loop
    vertex 78.59599615016259 13.426829614197295 -2.1999999999999997
    vertex 78.61062300437634 33.270838400526486 -2.1999999999999997
    vertex 78.66774891805059 13.57368364177841 -2.1999999999999997
  endloop
endfacet
facet normal 0.0 0.0 -1.0
  outer loop
    vertex 78.66774891805059 13.57368364177841 -2.1999999999999997
    vertex 78.61062300437634 33.270838400526486 -2.1999999999999997
    vertex 78.6833424511872 33.14044531812361 -2.1999999999999997
  endloop
endfacet
facet normal 0.0 0.0 -1.0
  outer loop
    vertex 78.66774891805059 13.57368364177841 -2.1999999999999997
    vertex 78.6833424511872 33.14044531812361 -2.1999999999999997
    vertex 78.73207117157959 13.723940797406685 -2.1999999999999997
  endloop
endfacet
facet normal 0.0 0.0 -1.0
  outer loop
    vertex 78.73207117157959 13.723940797406685 -2.1999999999999997
    vertex 78.6833424511872 33.14044531812361 -2.1999999999999997
    vertex 78.74813223031151 33.00593599352497 -2.1999999999999997
  endloop
endfacet
facet normal 0.0 0.0 -1.0
  outer loop
    vertex 78.73207117157959 13.723940797406685 -2.1999999999999997
    vertex 78.74813223031151 33.00593599352497 -2.1999999999999997
    vertex 78.78880208727064 13.877225396506566 -2.1999999999999997
  endloop
endfacet
facet normal 0.0 0.0 -1.0
  outer loop
    vertex 78.78880208727064 13.877225396506566 -2.1999999999999997
    vertex 78.74813223031151 33.00593599352497 -2.1999999999999997
    vertex 78.80476032695638 32.8677921100071 -2.1999999999999997
  endloop
endfacet
facet normal 0.0 0.0 -1.0
  outer loop
    vertex 78.78880208727064 13.877225396506566 -2.1999999999999997
    vertex 78.80476032695638 32.8677921100071 -2.1999999999999997
    vertex 78.8377998220961 14.033154185055853 -2.1999999999999997
  endloop
endfacet
facet normal 0.0 0.0 -1.0
  outer loop
    vertex 78.8377998220961 14.033154185055853 -2.1999999999999997
    vertex 78.80476032695638 32.8677921100071 -2.1999999999999997
    vertex 78.85302395364026 32.72650836634837 -2.1999999999999997
  endloop
endfacet
facet normal 0.0 0.0 -1.0
  outer loop
    vertex 78.8377998220961 14.033154185055853 -2.1999999999999997
    vertex 78.85302395364026 32.72650836634837 -2.1999999999999997
    vertex 78.87894186812544 14.191337297823653 -2.1999999999999997
  endloop
endfacet
facet normal 0.0 0.0 -1.0
  outer loop
    vertex 78.87894186812544 14.191337297823653 -2.1999999999999997
    vertex 78.85302395364026 32.72650836634837 -2.1999999999999997
    vertex 78.89275027638386 32.58259070529081 -2.1999999999999997
  endloop
endfacet
facet normal 0.0 0.0 -1.0
  outer loop
    vertex 78.87894186812544 14.191337297823653 -2.1999999999999997
    vertex 78.89275027638386 32.58259070529081 -2.1999999999999997
    vertex 78.91212535882975 14.351379233144197 -2.1999999999999997
  endloop
endfacet
facet normal 0.0 0.0 -1.0
  outer loop
    vertex 78.91212535882975 14.351379233144197 -2.1999999999999997
    vertex 78.89275027638386 32.58259070529081 -2.1999999999999997
    vertex 78.92379703363474 32.43655450174135 -2.1999999999999997
  endloop
endfacet
facet normal 0.0 0.0 -1.0
  outer loop
    vertex 78.91212535882975 14.351379233144197 -2.1999999999999997
    vertex 78.92379703363474 32.43655450174135 -2.1999999999999997
    vertex 78.93726732627617 14.512879841778608 -2.1999999999999997
  endloop
endfacet
facet normal 0.0 0.0 -1.0
  outer loop
    vertex 78.93726732627617 14.512879841778608 -2.1999999999999997
    vertex 78.92379703363474 32.43655450174135 -2.1999999999999997
    vertex 78.9460530457122 32.28892271719128 -2.1999999999999997
  endloop
endfacet
facet normal 0.0 0.0 -1.0
  outer loop
    vertex 78.93726732627617 14.512879841778608 -2.1999999999999997
    vertex 78.9460530457122 32.28892271719128 -2.1999999999999997
    vertex 78.95430490857109 14.6754353274015 -2.1999999999999997
  endloop
endfacet
facet normal 0.0 0.0 -1.0
  outer loop
    vertex 78.95430490857109 14.6754353274015 -2.1999999999999997
    vertex 78.9460530457122 32.28892271719128 -2.1999999999999997
    vertex 78.95943861294593 32.14022402697254 -2.1999999999999997
  endloop
endfacet
facet normal 0.0 0.0 -1.0
  outer loop
    vertex 78.95430490857109 14.6754353274015 -2.1999999999999997
    vertex 78.95943861294593 32.14022402697254 -2.1999999999999997
    vertex 78.96334570652654 14.841396455022428 -2.1999999999999997
  endloop
endfacet
facet normal 0.0 0.0 -1.0
  outer loop
    vertex 78.96334570652654 14.841396455022428 -2.1999999999999997
    vertex 78.95943861294593 32.14022402697254 -2.1999999999999997
    vertex 78.96334570652652 32.00970172328859 -2.1999999999999997
  endloop
endfacet
facet normal 0.0 0.0 -1.0
  outer loop
    vertex 77.95258558830966 12.450338503428902 -2.1999999999999997
    vertex 77.95343129716294 11.724921179571512 -2.1999999999999997
    vertex 77.91340765580908 11.11427841468331 -2.1999999999999997
  endloop
endfacet
facet normal 0.0 0.0 -1.0
  outer loop
    vertex 77.95343129716294 11.724921179571512 -2.1999999999999997
    vertex 77.95258558830966 12.450338503428902 -2.1999999999999997
    vertex 77.95343129716295 12.399367083694525 -2.1999999999999997
  endloop
endfacet
facet normal -1.0 0.0 0.0
  outer loop
    vertex 7.528003028784717 30.726423589595907 24.500000000000004
    vertex 7.528003028784717 17.34129974187996 -2.1999999999999997
    vertex 7.528003028784717 17.34129974187996 24.500000000000004
  endloop
endfacet
facet normal -1.0 0.0 0.0
  outer loop
    vertex 7.528003028784717 17.34129974187996 -2.1999999999999997
    vertex 7.528003028784717 30.726423589595907 24.500000000000004
    vertex 7.528003028784717 30.726423589595907 -2.1999999999999997
  endloop
endfacet
facet normal 0.0 0.0 1.0
  outer loop
    vertex 8.57140459432672 17.385733187569944 16.8
    vertex 8.528896104438546 30.83629314157635 16.8
    vertex 8.528896104438546 17.21709509649457 16.8
  endloop
endfacet
facet normal 0.0 0.0 1.0
  outer loop
    vertex 8.528896104438546 30.83629314157635 16.8
    vertex 8.57140459432672 17.385733187569944 16.8
    vertex 8.56506648384479 30.673525354373698 16.8
  endloop
endfacet
facet normal 0.0 0.0 1.0
  outer loop
    vertex 8.56506648384479 30.673525354373698 16.8
    vertex 8.57140459432672 17.385733187569944 16.8
    vertex 8.609305934104382 30.53067670866551 16.8
  endloop
endfacet
facet normal 0.0 0.0 1.0
  outer loop
    vertex 8.609305934104382 30.53067670866551 16.8
    vertex 8.57140459432672 17.385733187569944 16.8
    vertex 8.620738624230059 17.530651508971225 16.8
  endloop
endfacet
facet normal 0.0 0.0 1.0
  outer loop
    vertex 8.609305934104382 30.53067670866551 16.8
    vertex 8.620738624230059 17.530651508971225 16.8
    vertex 8.665049948904503 30.391912630626887 16.8
  endloop
endfacet
facet normal 0.0 0.0 1.0
  outer loop
    vertex 8.665049948904503 30.391912630626887 16.8
    vertex 8.620738624230059 17.530651508971225 16.8
    vertex 8.681663898485372 17.67109109506141 16.8
  endloop
endfacet
facet normal 0.0 0.0 1.0
  outer loop
    vertex 8.665049948904503 30.391912630626887 16.8
    vertex 8.681663898485372 17.67109109506141 16.8
    vertex 8.731927018799654 30.2581579220661 16.8
  endloop
endfacet
facet normal 0.0 0.0 1.0
  outer loop
    vertex 8.731927018799654 30.2581579220661 16.8
    vertex 8.681663898485372 17.67109109506141 16.8
    vertex 8.753778976029842 17.80612657919437 16.8
  endloop
endfacet
facet normal 0.0 0.0 1.0
  outer loop
    vertex 8.731927018799654 30.2581579220661 16.8
    vertex 8.753778976029842 17.80612657919437 16.8
    vertex 8.8094914374079 30.13030399953764 16.8
  endloop
endfacet
facet normal 0.0 0.0 1.0
  outer loop
    vertex 8.8094914374079 30.13030399953764 16.8
    vertex 8.753778976029842 17.80612657919437 16.8
    vertex 8.836608685372996 17.934868202744777 16.8
  endloop
endfacet
facet normal 0.0 0.0 1.0
  outer loop
    vertex 8.8094914374079 30.13030399953764 16.8
    vertex 8.836608685372996 17.934868202744777 16.8
    vertex 8.897226271848622 30.009202953441417 16.8
  endloop
endfacet
facet normal 0.0 0.0 1.0
  outer loop
    vertex 8.897226271848622 30.009202953441417 16.8
    vertex 8.836608685372996 17.934868202744777 16.8
    vertex 8.92960725553624 18.056467677792398 16.8
  endloop
endfacet
facet normal 0.0 0.0 1.0
  outer loop
    vertex 8.897226271848622 30.009202953441417 16.8
    vertex 8.92960725553624 18.056467677792398 16.8
    vertex 8.99454680787386 29.895661869213306 16.8
  endloop
endfacet
facet normal 0.0 0.0 1.0
  outer loop
    vertex 8.99454680787386 29.895661869213306 16.8
    vertex 8.92960725553624 18.056467677792398 16.8
    vertex 9.032161912177516 18.17012377655293 16.8
  endloop
endfacet
facet normal 0.0 0.0 1.0
  outer loop
    vertex 8.99454680787386 29.895661869213306 16.8
    vertex 9.032161912177516 18.17012377655293 16.8
    vertex 9.100804446732703 29.79043744845415 16.8
  endloop
endfacet
facet normal 0.0 0.0 1.0
  outer loop
    vertex 9.100804446732703 29.79043744845415 16.8
    vertex 9.032161912177516 18.17012377655293 16.8
    vertex 9.143596915205968 18.275087610726032 16.8
  endloop
endfacet
facet normal 0.0 0.0 1.0
  outer loop
    vertex 9.100804446732703 29.79043744845415 16.8
    vertex 9.143596915205968 18.275087610726032 16.8
    vertex 9.215291027797747 29.694230965845236 16.8
  endloop
endfacet
facet normal 0.0 0.0 1.0
  outer loop
    vertex 9.215291027797747 29.694230965845236 16.8
    vertex 9.143596915205968 18.275087610726032 16.8
    vertex 9.263178011282593 18.370667565974905 16.8
  endloop
endfacet
facet normal 0.0 0.0 1.0
  outer loop
    vertex 9.215291027797747 29.694230965845236 16.8
    vertex 9.263178011282593 18.370667565974905 16.8
    vertex 9.337243548145743 29.607683595459388 16.8
  endloop
endfacet
facet normal 0.0 0.0 1.0
  outer loop
    vertex 9.337243548145743 29.607683595459388 16.8
    vertex 9.263178011282593 18.370667565974905 16.8
    vertex 9.390117271868913 18.456233859023445 16.8
  endloop
endfacet
facet normal 0.0 0.0 1.0
  outer loop
    vertex 9.337243548145743 29.607683595459388 16.8
    vertex 9.390117271868913 18.456233859023445 16.8
    vertex 9.465849247637916 29.531372137616643 16.8
  endloop
endfacet
facet normal 0.0 0.0 1.0
  outer loop
    vertex 9.465849247637916 29.531372137616643 16.8
    vertex 9.390117271868913 18.456233859023445 16.8
    vertex 9.523578284945284 18.531222687343966 16.8
  endloop
endfacet
facet normal 0.0 0.0 1.0
  outer loop
    vertex 9.465849247637916 29.531372137616643 16.8
    vertex 9.523578284945284 18.531222687343966 16.8
    vertex 9.597332021568796 29.46722919037066 16.8
  endloop
endfacet
facet normal 0.0 0.0 1.0
  outer loop
    vertex 9.597332021568796 29.46722919037066 16.8
    vertex 9.523578284945284 18.531222687343966 16.8
    vertex 9.6580750421968 18.593023225103813 16.8
  endloop
endfacet
facet normal 0.0 0.0 1.0
  outer loop
    vertex 9.597332021568796 29.46722919037066 16.8
    vertex 9.6580750421968 18.593023225103813 16.8
    vertex 11.313934706115052 28.745064635848223 16.8
  endloop
endfacet
facet normal 0.0 0.0 1.0
  outer loop
    vertex 11.313934706115052 28.745064635848223 16.8
    vertex 9.6580750421968 18.593023225103813 16.8
    vertex 11.313934706115052 19.27391221771433 16.8
  endloop
endfacet
facet normal 0.2674296864300553 -0.9635773777003704 0.0
  outer loop
    vertex 73.17687363108995 6.799222616459966 24.500000000000004
    vertex 73.14636320864136 6.7907548038098335 -2.1999999999999997
    vertex 73.17687363108995 6.799222616459966 -2.1999999999999997
  endloop
endfacet
facet normal 0.2674296864300553 -0.9635773777003704 0.0
  outer loop
    vertex 73.14636320864136 6.7907548038098335 -2.1999999999999997
    vertex 73.17687363108995 6.799222616459966 24.500000000000004
    vertex 73.14636320864136 6.7907548038098335 24.500000000000004
  endloop
endfacet
facet normal 0.5787488758380409 0.815505817708374 0.0
  outer loop
    vertex 9.215291027797747 29.694230965845236 16.8
    vertex 9.337243548145743 29.607683595459388 0.0
    vertex 9.215291027797747 29.694230965845236 0.0
  endloop
endfacet
facet normal 0.5787488758380409 0.815505817708374 0.0
  outer loop
    vertex 9.337243548145743 29.607683595459388 0.0
    vertex 9.215291027797747 29.694230965845236 16.8
    vertex 9.337243548145743 29.607683595459388 16.8
  endloop
endfacet
facet normal -5.5077470362263644e-17 1.0 9.399888275159654e-17
  outer loop
    vertex 17.35256239875528 7.377507745275218 24.500000000000004
    vertex 30.152562398755276 7.37750774527522 17.0
    vertex 17.35256239875528 7.37750774527522 17.0
  endloop
endfacet
facet normal -5.5077470362263644e-17 1.0 9.399888275159654e-17
  outer loop
    vertex 30.152562398755276 7.37750774527522 17.0
    vertex 17.35256239875528 7.377507745275218 24.500000000000004
    vertex 30.152562398755276 7.37750774527522 24.500000000000004
  endloop
endfacet
facet normal 0.43845128828919844 0.898754954254797 0.0
  outer loop
    vertex 9.465849247637916 29.531372137616643 16.8
    vertex 9.597332021568796 29.46722919037066 0.0
    vertex 9.465849247637916 29.531372137616643 0.0
  endloop
endfacet
facet normal 0.43845128828919844 0.898754954254797 0.0
  outer loop
    vertex 9.597332021568796 29.46722919037066 0.0
    vertex 9.465849247637916 29.531372137616643 16.8
    vertex 9.597332021568796 29.46722919037066 16.8
  endloop
endfacet
facet normal 0.510300546892778 0.8599961347825533 0.0
  outer loop
    vertex 9.337243548145743 29.607683595459388 16.8
    vertex 9.465849247637916 29.531372137616643 0.0
    vertex 9.337243548145743 29.607683595459388 0.0
  endloop
endfacet
facet normal 0.510300546892778 0.8599961347825533 0.0
  outer loop
    vertex 9.465849247637916 29.531372137616643 0.0
    vertex 9.337243548145743 29.607683595459388 16.8
    vertex 9.465849247637916 29.531372137616643 16.8
  endloop
endfacet
facet normal 0.16080014552072075 -0.9869869873511581 0.0
  outer loop
    vertex 73.14636320864136 6.7907548038098335 24.500000000000004
    vertex 73.0962190194158 6.782585301042499 -2.1999999999999997
    vertex 73.14636320864136 6.7907548038098335 -2.1999999999999997
  endloop
endfacet
facet normal 0.16080014552072075 -0.9869869873511581 0.0
  outer loop
    vertex 73.0962190194158 6.782585301042499 -2.1999999999999997
    vertex 73.14636320864136 6.7907548038098335 24.500000000000004
    vertex 73.0962190194158 6.782585301042499 24.500000000000004
  endloop
endfacet
facet normal 0.03286767094285913 -0.9994597121479145 0.0
  outer loop
    vertex 73.61576755210103 6.816638310975266 24.500000000000004
    vertex 73.2161622788291 6.803497116318498 -2.1999999999999997
    vertex 73.61576755210103 6.816638310975266 -2.1999999999999997
  endloop
endfacet
facet normal 0.03286767094285913 -0.9994597121479145 0.0
  outer loop
    vertex 73.2161622788291 6.803497116318498 -2.1999999999999997
    vertex 73.61576755210103 6.816638310975266 24.500000000000004
    vertex 73.2161622788291 6.803497116318498 24.500000000000004
  endloop
endfacet
facet normal 0.10815907838996887 -0.994133599553819 0.0
  outer loop
    vertex 73.2161622788291 6.803497116318498 24.500000000000004
    vertex 73.17687363108995 6.799222616459966 -2.1999999999999997
    vertex 73.2161622788291 6.803497116318498 -2.1999999999999997
  endloop
endfacet
facet normal 0.10815907838996887 -0.994133599553819 0.0
  outer loop
    vertex 73.17687363108995 6.799222616459966 -2.1999999999999997
    vertex 73.2161622788291 6.803497116318498 24.500000000000004
    vertex 73.17687363108995 6.799222616459966 24.500000000000004
  endloop
endfacet
facet normal -0.424106530477014 -0.9056123071197464 -2.0548781347628086e-16
  outer loop
    vertex 45.89948166679701 6.0455783867251 6.0
    vertex 45.79802096770347 6.09309336055445 -2.1999999999999997
    vertex 45.89948166679699 6.045578386725109 -2.1999999999999997
  endloop
endfacet
facet normal -0.424106530477014 -0.9056123071197464 -2.0548781347628086e-16
  outer loop
    vertex 45.79802096770347 6.09309336055445 -2.1999999999999997
    vertex 45.89948166679701 6.0455783867251 6.0
    vertex 45.798020967703486 6.093093360554441 6.0
  endloop
endfacet
facet normal -0.424106530477014 -0.9056123071197464 1.935951712288419e-16
  outer loop
    vertex 45.89948166679699 6.045578386725109 24.500000000000004
    vertex 45.798020967703486 6.093093360554441 13.199999999999998
    vertex 45.89948166679701 6.0455783867251 13.199999999999998
  endloop
endfacet
facet normal -0.424106530477014 -0.9056123071197464 1.935951712288419e-16
  outer loop
    vertex 45.798020967703486 6.093093360554441 13.199999999999998
    vertex 45.89948166679699 6.045578386725109 24.500000000000004
    vertex 45.79802096770347 6.09309336055445 24.500000000000004
  endloop
endfacet
facet normal -1.1137149720585637e-14 -1.0 3.552682637182865e-20
  outer loop
    vertex 70.9064642970884 5.883455238354318 24.500000000000004
    vertex 46.727947806288576 5.883455238354587 -2.1999999999999997
    vertex 70.9064642970884 5.883455238354318 -2.1999999999999997
  endloop
endfacet
facet normal -1.1137149720585637e-14 -1.0 3.552682637182865e-20
  outer loop
    vertex 46.727947806288576 5.883455238354587 -2.1999999999999997
    vertex 70.9064642970884 5.883455238354318 24.500000000000004
    vertex 49.31294146529583 5.883455238354558 6.0
  endloop
endfacet
facet normal -1.1137149720585637e-14 -1.0 3.552682637182865e-20
  outer loop
    vertex 49.31294146529583 5.883455238354558 6.0
    vertex 70.9064642970884 5.883455238354318 24.500000000000004
    vertex 49.31294146529583 5.883455238354558 13.199999999999998
  endloop
endfacet
facet normal -1.1137149720585637e-14 -1.0 3.552682637182865e-20
  outer loop
    vertex 49.31294146529583 5.883455238354558 13.199999999999998
    vertex 70.9064642970884 5.883455238354318 24.500000000000004
    vertex 46.72794780628858 5.883455238354587 13.199999999999998
  endloop
endfacet
facet normal -1.1137149720585637e-14 -1.0 3.552682637182865e-20
  outer loop
    vertex 46.72794780628858 5.883455238354587 13.199999999999998
    vertex 70.9064642970884 5.883455238354318 24.500000000000004
    vertex 46.727947806288576 5.883455238354587 24.500000000000004
  endloop
endfacet
facet normal -1.1137149720585637e-14 -1.0 3.552682637182865e-20
  outer loop
    vertex 46.72794780628858 5.883455238354587 6.0
    vertex 46.727947806288576 5.883455238354587 -2.1999999999999997
    vertex 49.31294146529583 5.883455238354558 6.0
  endloop
endfacet
facet normal -0.5635355162186645 -0.8260918362749772 3.5254004628496103e-16
  outer loop
    vertex 45.54607326622476 6.245312298442953 6.0
    vertex 44.87445586085606 6.703469908306931 -2.1999999999999997
    vertex 45.54607326622475 6.245312298442952 -2.1999999999999997
  endloop
endfacet
facet normal -0.5635355162186645 -0.8260918362749772 3.5254004628496103e-16
  outer loop
    vertex 44.87445586085606 6.703469908306931 -2.1999999999999997
    vertex 45.54607326622476 6.245312298442953 6.0
    vertex 44.87445586085606 6.703469908306929 6.0
  endloop
endfacet
facet normal -0.26454882169516 -0.9643722937432944 2.0716423581751154e-16
  outer loop
    vertex 46.21770680222792 5.938536528352351 6.0
    vertex 46.109662900504844 5.96817537952801 -2.1999999999999997
    vertex 46.21770680222792 5.9385365283523495 -2.1999999999999997
  endloop
endfacet
facet normal -0.26454882169516 -0.9643722937432944 2.0716423581751154e-16
  outer loop
    vertex 46.109662900504844 5.96817537952801 -2.1999999999999997
    vertex 46.21770680222792 5.938536528352351 6.0
    vertex 46.109662900504844 5.968175379528011 6.0
  endloop
endfacet
facet normal -0.26454882169515986 -0.9643722937432944 -1.9528813366020251e-16
  outer loop
    vertex 46.21770680222792 5.9385365283523495 24.500000000000004
    vertex 46.109662900504844 5.968175379528011 13.199999999999998
    vertex 46.21770680222792 5.938536528352351 13.199999999999998
  endloop
endfacet
facet normal -0.26454882169515986 -0.9643722937432944 -1.9528813366020251e-16
  outer loop
    vertex 46.109662900504844 5.968175379528011 13.199999999999998
    vertex 46.21770680222792 5.9385365283523495 24.500000000000004
    vertex 46.109662900504844 5.96817537952801 24.500000000000004
  endloop
endfacet
facet normal 0.00031748916050024315 -0.9999999496003152 6.790421670080812e-18
  outer loop
    vertex 44.679017929669335 6.786175682300824 24.500000000000004
    vertex 34.81294146529583 6.783043309808851 13.199999999999998
    vertex 44.679017929669335 6.786175682300825 13.199999999999998
  endloop
endfacet
facet normal 0.00031748916050024315 -0.9999999496003152 6.790421670080812e-18
  outer loop
    vertex 44.679017929669335 6.786175682300825 6.0
    vertex 14.564565573254157 6.77661466962139 -2.1999999999999997
    vertex 44.679017929669335 6.786175682300824 -2.1999999999999997
  endloop
endfacet
facet normal 0.00031748916050024315 -0.9999999496003152 6.790421670080812e-18
  outer loop
    vertex 14.564565573254157 6.77661466962139 -2.1999999999999997
    vertex 44.679017929669335 6.786175682300825 6.0
    vertex 34.812941465295836 6.78304330980885 6.0
  endloop
endfacet
facet normal 0.00031748916050024315 -0.9999999496003152 6.790421670080812e-18
  outer loop
    vertex 14.564565573254157 6.77661466962139 -2.1999999999999997
    vertex 34.812941465295836 6.78304330980885 6.0
    vertex 14.564565573254157 6.77661466962139 24.500000000000004
  endloop
endfacet
facet normal 0.00031748916050024315 -0.9999999496003152 6.790421670080812e-18
  outer loop
    vertex 14.564565573254157 6.77661466962139 24.500000000000004
    vertex 34.812941465295836 6.78304330980885 6.0
    vertex 34.81294146529583 6.783043309808851 13.199999999999998
  endloop
endfacet
facet normal 0.00031748916050024315 -0.9999999496003152 6.790421670080812e-18
  outer loop
    vertex 14.564565573254157 6.77661466962139 24.500000000000004
    vertex 34.81294146529583 6.783043309808851 13.199999999999998
    vertex 44.679017929669335 6.786175682300824 24.500000000000004
  endloop
endfacet
facet normal -0.20942776029452664 -0.9778241218225384 -9.61215421446331e-17
  outer loop
    vertex 46.327257785811796 5.915073191114084 24.500000000000004
    vertex 46.21770680222792 5.938536528352351 13.199999999999998
    vertex 46.32725778581181 5.9150731911140815 13.199999999999998
  endloop
endfacet
facet normal -0.20942776029452664 -0.9778241218225384 -9.61215421446331e-17
  outer loop
    vertex 46.21770680222792 5.938536528352351 13.199999999999998
    vertex 46.327257785811796 5.915073191114084 24.500000000000004
    vertex 46.21770680222792 5.9385365283523495 24.500000000000004
  endloop
endfacet
facet normal -0.2094277602945266 -0.9778241218225384 1.0192062232218257e-16
  outer loop
    vertex 46.32725778581181 5.9150731911140815 6.0
    vertex 46.21770680222792 5.9385365283523495 -2.1999999999999997
    vertex 46.327257785811796 5.915073191114084 -2.1999999999999997
  endloop
endfacet
facet normal -0.2094277602945266 -0.9778241218225384 1.0192062232218257e-16
  outer loop
    vertex 46.21770680222792 5.9385365283523495 -2.1999999999999997
    vertex 46.32725778581181 5.9150731911140815 6.0
    vertex 46.21770680222792 5.938536528352351 6.0
  endloop
endfacet
facet normal -0.5635355162186644 -0.8260918362749771 -3.3304356150969945e-16
  outer loop
    vertex 45.54607326622475 6.245312298442952 24.500000000000004
    vertex 44.87445586085606 6.703469908306929 13.199999999999998
    vertex 45.54607326622476 6.245312298442953 13.199999999999998
  endloop
endfacet
facet normal -0.5635355162186644 -0.8260918362749771 -3.3304356150969945e-16
  outer loop
    vertex 44.87445586085606 6.703469908306929 13.199999999999998
    vertex 45.54607326622475 6.245312298442952 24.500000000000004
    vertex 44.87445586085606 6.703469908306931 24.500000000000004
  endloop
endfacet
facet normal -0.5239379548291565 -0.8517564320211741 2.871630868755113e-18
  outer loop
    vertex 45.69941843798034 6.146286286125076 24.500000000000004
    vertex 45.60399150708415 6.204985920351178 13.199999999999998
    vertex 45.69941843798034 6.146286286125074 13.199999999999998
  endloop
endfacet
facet normal -0.5239379548291565 -0.8517564320211741 2.871630868755113e-18
  outer loop
    vertex 45.60399150708415 6.204985920351178 13.199999999999998
    vertex 45.69941843798034 6.146286286125076 24.500000000000004
    vertex 45.603991507084146 6.204985920351179 24.500000000000004
  endloop
endfacet
facet normal -0.5239379548291566 -0.8517564320211741 -2.836019230261181e-18
  outer loop
    vertex 45.69941843798034 6.146286286125074 6.0
    vertex 45.603991507084146 6.204985920351179 -2.1999999999999997
    vertex 45.69941843798034 6.146286286125076 -2.1999999999999997
  endloop
endfacet
facet normal -0.5239379548291566 -0.8517564320211741 -2.836019230261181e-18
  outer loop
    vertex 45.603991507084146 6.204985920351179 -2.1999999999999997
    vertex 45.69941843798034 6.146286286125074 6.0
    vertex 45.60399150708415 6.204985920351178 6.0
  endloop
endfacet
facet normal -0.4747864786939054 -0.8801010167301491 2.625565471292845e-16
  outer loop
    vertex 45.79802096770347 6.09309336055445 24.500000000000004
    vertex 45.69941843798034 6.146286286125074 13.199999999999998
    vertex 45.798020967703486 6.093093360554441 13.199999999999998
  endloop
endfacet
facet normal -0.4747864786939054 -0.8801010167301491 2.625565471292845e-16
  outer loop
    vertex 45.69941843798034 6.146286286125074 13.199999999999998
    vertex 45.79802096770347 6.09309336055445 24.500000000000004
    vertex 45.69941843798034 6.146286286125076 24.500000000000004
  endloop
endfacet
facet normal -0.4747864786939054 -0.8801010167301491 -2.789331706440941e-16
  outer loop
    vertex 45.798020967703486 6.093093360554441 6.0
    vertex 45.69941843798034 6.146286286125076 -2.1999999999999997
    vertex 45.79802096770347 6.09309336055445 -2.1999999999999997
  endloop
endfacet
facet normal -0.4747864786939054 -0.8801010167301491 -2.789331706440941e-16
  outer loop
    vertex 45.69941843798034 6.146286286125076 -2.1999999999999997
    vertex 45.798020967703486 6.093093360554441 6.0
    vertex 45.69941843798034 6.146286286125074 6.0
  endloop
endfacet
facet normal -0.3720612632789065 -0.9282081751241499 -8.655748405971741e-17
  outer loop
    vertex 46.00347390454826 6.003894328788683 6.0
    vertex 45.89948166679699 6.045578386725109 -2.1999999999999997
    vertex 46.00347390454826 6.003894328788685 -2.1999999999999997
  endloop
endfacet
facet normal -0.3720612632789065 -0.9282081751241499 -8.655748405971741e-17
  outer loop
    vertex 45.89948166679699 6.045578386725109 -2.1999999999999997
    vertex 46.00347390454826 6.003894328788683 6.0
    vertex 45.89948166679701 6.0455783867251 6.0
  endloop
endfacet
facet normal -0.37206126327890654 -0.9282081751241497 8.181158839553236e-17
  outer loop
    vertex 46.00347390454826 6.003894328788685 24.500000000000004
    vertex 45.89948166679701 6.0455783867251 13.199999999999998
    vertex 46.00347390454826 6.003894328788683 13.199999999999998
  endloop
endfacet
facet normal -0.37206126327890654 -0.9282081751241497 8.181158839553236e-17
  outer loop
    vertex 45.89948166679701 6.0455783867251 13.199999999999998
    vertex 46.00347390454826 6.003894328788685 24.500000000000004
    vertex 45.89948166679699 6.045578386725109 24.500000000000004
  endloop
endfacet
facet normal -0.09734263651715998 -0.9952509287189278 4.3856363377835535e-17
  outer loop
    vertex 46.54946657968644 5.886955075052244 24.500000000000004
    vertex 46.437963175627715 5.897860902937966 13.199999999999998
    vertex 46.549466579686445 5.886955075052243 13.199999999999998
  endloop
endfacet
facet normal -0.09734263651715998 -0.9952509287189278 4.3856363377835535e-17
  outer loop
    vertex 46.437963175627715 5.897860902937966 13.199999999999998
    vertex 46.54946657968644 5.886955075052244 24.500000000000004
    vertex 46.437963175627694 5.8978609029379685 24.500000000000004
  endloop
endfacet
facet normal -0.09734263651715999 -0.9952509287189278 -4.658893022331167e-17
  outer loop
    vertex 46.549466579686445 5.886955075052243 6.0
    vertex 46.437963175627694 5.8978609029379685 -2.1999999999999997
    vertex 46.54946657968644 5.886955075052244 -2.1999999999999997
  endloop
endfacet
facet normal -0.09734263651715999 -0.9952509287189278 -4.658893022331167e-17
  outer loop
    vertex 46.437963175627694 5.8978609029379685 -2.1999999999999997
    vertex 46.549466579686445 5.886955075052243 6.0
    vertex 46.437963175627715 5.897860902937966 6.0
  endloop
endfacet
facet normal -0.04073940788382842 -0.9991698057113592 -1.4943682363206948e-17
  outer loop
    vertex 46.66140903696488 5.882390816404198 6.0
    vertex 46.54946657968644 5.886955075052244 -2.1999999999999997
    vertex 46.66140903696488 5.882390816404198 -2.1999999999999997
  endloop
endfacet
facet normal -0.04073940788382842 -0.9991698057113592 -1.4943682363206948e-17
  outer loop
    vertex 46.54946657968644 5.886955075052244 -2.1999999999999997
    vertex 46.66140903696488 5.882390816404198 6.0
    vertex 46.549466579686445 5.886955075052243 6.0
  endloop
endfacet
facet normal -0.040739407883828425 -0.9991698057113592 1.4073457082033947e-17
  outer loop
    vertex 46.66140903696488 5.882390816404198 24.500000000000004
    vertex 46.549466579686445 5.886955075052243 13.199999999999998
    vertex 46.66140903696488 5.882390816404198 13.199999999999998
  endloop
endfacet
facet normal -0.040739407883828425 -0.9991698057113592 1.4073457082033947e-17
  outer loop
    vertex 46.549466579686445 5.886955075052243 13.199999999999998
    vertex 46.66140903696488 5.882390816404198 24.500000000000004
    vertex 46.54946657968644 5.886955075052244 24.500000000000004
  endloop
endfacet
facet normal -0.3188182255478953 -0.9478158782477173 -6.498553172665488e-17
  outer loop
    vertex 46.109662900504844 5.96817537952801 24.500000000000004
    vertex 46.00347390454826 6.003894328788683 13.199999999999998
    vertex 46.109662900504844 5.968175379528011 13.199999999999998
  endloop
endfacet
facet normal -0.3188182255478953 -0.9478158782477173 -6.498553172665488e-17
  outer loop
    vertex 46.00347390454826 6.003894328788683 13.199999999999998
    vertex 46.109662900504844 5.96817537952801 24.500000000000004
    vertex 46.00347390454826 6.003894328788685 24.500000000000004
  endloop
endfacet
facet normal -0.3188182255478953 -0.9478158782477173 6.8941416207301e-17
  outer loop
    vertex 46.109662900504844 5.968175379528011 6.0
    vertex 46.00347390454826 6.003894328788685 -2.1999999999999997
    vertex 46.109662900504844 5.96817537952801 -2.1999999999999997
  endloop
endfacet
facet normal -0.3188182255478953 -0.9478158782477173 6.8941416207301e-17
  outer loop
    vertex 46.00347390454826 6.003894328788685 -2.1999999999999997
    vertex 46.109662900504844 5.968175379528011 6.0
    vertex 46.00347390454826 6.003894328788683 6.0
  endloop
endfacet
facet normal -0.1536324916469809 -0.9881280572427545 -7.553131309531561e-17
  outer loop
    vertex 46.437963175627715 5.897860902937966 6.0
    vertex 46.327257785811796 5.915073191114084 -2.1999999999999997
    vertex 46.437963175627694 5.8978609029379685 -2.1999999999999997
  endloop
endfacet
facet normal -0.1536324916469809 -0.9881280572427545 -7.553131309531561e-17
  outer loop
    vertex 46.327257785811796 5.915073191114084 -2.1999999999999997
    vertex 46.437963175627715 5.897860902937966 6.0
    vertex 46.32725778581181 5.9150731911140815 6.0
  endloop
endfacet
facet normal -0.1536324916469809 -0.9881280572427545 7.133584210999293e-17
  outer loop
    vertex 46.437963175627694 5.8978609029379685 24.500000000000004
    vertex 46.32725778581181 5.9150731911140815 13.199999999999998
    vertex 46.437963175627715 5.897860902937966 13.199999999999998
  endloop
endfacet
facet normal -0.1536324916469809 -0.9881280572427545 7.133584210999293e-17
  outer loop
    vertex 46.32725778581181 5.9150731911140815 13.199999999999998
    vertex 46.437963175627694 5.8978609029379685 24.500000000000004
    vertex 46.327257785811796 5.915073191114084 24.500000000000004
  endloop
endfacet
facet normal -7.217216117232293e-16 1.0 1.364882969661229e-16
  outer loop
    vertex 14.590369744168427 7.777507745275218 0.0
    vertex 34.81294146529583 7.777507745275232 6.0
    vertex 44.818753607508846 7.7775077452752415 0.0
  endloop
endfacet
facet normal -7.217216117232293e-16 1.0 1.364882969661229e-16
  outer loop
    vertex 34.81294146529583 7.777507745275232 6.0
    vertex 14.590369744168427 7.777507745275218 0.0
    vertex 16.93256239875528 7.777507745275218 17.0
  endloop
endfacet
facet normal -7.217216117232293e-16 1.0 1.364882969661229e-16
  outer loop
    vertex 16.93256239875528 7.777507745275218 17.0
    vertex 14.590369744168427 7.777507745275218 0.0
    vertex 14.590369744168427 7.777507745275218 24.500000000000004
  endloop
endfacet
facet normal -7.217216117232293e-16 1.0 1.364882969661229e-16
  outer loop
    vertex 34.81294146529583 7.777507745275232 6.0
    vertex 16.93256239875528 7.777507745275218 17.0
    vertex 34.81294146529583 7.777507745275232 13.199999999999998
  endloop
endfacet
facet normal -7.217216117232293e-16 1.0 1.364882969661229e-16
  outer loop
    vertex 34.81294146529583 7.777507745275232 13.199999999999998
    vertex 16.93256239875528 7.777507745275218 17.0
    vertex 44.81875360750884 7.77750774527524 13.199999999999998
  endloop
endfacet
facet normal -7.217216117232293e-16 1.0 1.364882969661229e-16
  outer loop
    vertex 16.93256239875528 7.777507745275218 17.0
    vertex 14.590369744168427 7.777507745275218 24.500000000000004
    vertex 16.93256239875528 7.777507745275218 24.500000000000004
  endloop
endfacet
facet normal -7.217216117232293e-16 1.0 1.364882969661229e-16
  outer loop
    vertex 44.81875360750884 7.77750774527524 13.199999999999998
    vertex 30.542562398755276 7.77750774527522 17.0
    vertex 44.818753607508846 7.7775077452752415 24.500000000000004
  endloop
endfacet
facet normal -7.217216117232293e-16 1.0 1.364882969661229e-16
  outer loop
    vertex 30.542562398755276 7.77750774527522 17.0
    vertex 44.81875360750884 7.77750774527524 13.199999999999998
    vertex 16.93256239875528 7.777507745275218 17.0
  endloop
endfacet
facet normal -7.217216117232293e-16 1.0 1.364882969661229e-16
  outer loop
    vertex 44.818753607508846 7.7775077452752415 24.500000000000004
    vertex 30.542562398755276 7.77750774527522 17.0
    vertex 30.542562398755276 7.77750774527522 24.500000000000004
  endloop
endfacet
facet normal -7.217216117232293e-16 1.0 1.364882969661229e-16
  outer loop
    vertex 44.81875360750884 7.77750774527524 6.0
    vertex 44.818753607508846 7.7775077452752415 0.0
    vertex 34.81294146529583 7.777507745275232 6.0
  endloop
endfacet
facet normal 5.981032167609487e-17 1.0 3.0680576305807385e-19
  outer loop
    vertex 46.71994266567029 6.884348314008417 24.500000000000004
    vertex 49.31294146529583 6.884348314008417 13.199999999999998
    vertex 46.71994266567029 6.884348314008417 13.199999999999998
  endloop
endfacet
facet normal 5.981032167609487e-17 1.0 3.0680576305807385e-19
  outer loop
    vertex 46.71994266567029 6.884348314008417 6.0
    vertex 70.89789191973179 6.884348314008415 0.0
    vertex 46.71994266567029 6.884348314008417 0.0
  endloop
endfacet
facet normal 5.981032167609487e-17 1.0 3.0680576305807385e-19
  outer loop
    vertex 70.89789191973179 6.884348314008415 0.0
    vertex 46.71994266567029 6.884348314008417 6.0
    vertex 49.31294146529583 6.884348314008417 6.0
  endloop
endfacet
facet normal 5.981032167609487e-17 1.0 3.0680576305807385e-19
  outer loop
    vertex 70.89789191973179 6.884348314008415 0.0
    vertex 49.31294146529583 6.884348314008417 6.0
    vertex 70.89789191973179 6.884348314008415 24.500000000000004
  endloop
endfacet
facet normal 5.981032167609487e-17 1.0 3.0680576305807385e-19
  outer loop
    vertex 70.89789191973179 6.884348314008415 24.500000000000004
    vertex 49.31294146529583 6.884348314008417 6.0
    vertex 49.31294146529583 6.884348314008417 13.199999999999998
  endloop
endfacet
facet normal 5.981032167609487e-17 1.0 3.0680576305807385e-19
  outer loop
    vertex 70.89789191973179 6.884348314008415 24.500000000000004
    vertex 49.31294146529583 6.884348314008417 13.199999999999998
    vertex 46.71994266567029 6.884348314008417 24.500000000000004
  endloop
endfacet
facet normal 0.5635355162186361 0.8260918362749963 -1.698477186602806e-16
  outer loop
    vertex 45.43064356935067 7.53565528775911 24.500000000000004
    vertex 46.11406214350383 7.069447268181735 13.199999999999998
    vertex 45.43064356935067 7.535655287759105 13.199999999999998
  endloop
endfacet
facet normal 0.5635355162186361 0.8260918362749963 -1.698477186602806e-16
  outer loop
    vertex 46.11406214350383 7.069447268181735 13.199999999999998
    vertex 45.43064356935067 7.53565528775911 24.500000000000004
    vertex 46.114062143503816 7.069447268181741 24.500000000000004
  endloop
endfacet
facet normal 0.5635355162186361 0.8260918362749965 2.4910239255172414e-16
  outer loop
    vertex 45.43064356935067 7.535655287759105 6.0
    vertex 46.114062143503816 7.069447268181741 0.0
    vertex 45.43064356935067 7.53565528775911 0.0
  endloop
endfacet
facet normal 0.5635355162186361 0.8260918362749965 2.4910239255172414e-16
  outer loop
    vertex 46.114062143503816 7.069447268181741 0.0
    vertex 45.43064356935067 7.535655287759105 6.0
    vertex 46.11406214350383 7.069447268181735 6.0
  endloop
endfacet
facet normal 1.3578538040880096e-17 9.247151111459797e-17 1.0
  outer loop
    vertex 34.812941465295836 6.78304330980885 6.0
    vertex 44.81875360750884 7.77750774527524 6.0
    vertex 34.81294146529583 7.777507745275232 6.0
  endloop
endfacet
facet normal 1.3578538040880096e-17 9.247151111459797e-17 1.0
  outer loop
    vertex 44.81875360750884 7.77750774527524 6.0
    vertex 34.812941465295836 6.78304330980885 6.0
    vertex 44.679017929669335 6.786175682300825 6.0
  endloop
endfacet
facet normal 1.3578538040880096e-17 9.247151111459797e-17 1.0
  outer loop
    vertex 44.81875360750884 7.77750774527524 6.0
    vertex 44.679017929669335 6.786175682300825 6.0
    vertex 44.73756214473248 6.776614669621398 6.0
  endloop
endfacet
facet normal 1.3578538040880096e-17 9.247151111459797e-17 1.0
  outer loop
    vertex 44.81875360750884 7.77750774527524 6.0
    vertex 44.73756214473248 6.776614669621398 6.0
    vertex 44.76723703195041 6.761206182886907 6.0
  endloop
endfacet
facet normal 1.3578538040880096e-17 9.247151111459797e-17 1.0
  outer loop
    vertex 44.81875360750884 7.77750774527524 6.0
    vertex 44.76723703195041 6.761206182886907 6.0
    vertex 44.8009320792072 6.746611037305704 6.0
  endloop
endfacet
facet normal 1.3578538040880096e-17 9.247151111459797e-17 1.0
  outer loop
    vertex 44.81875360750884 7.77750774527524 6.0
    vertex 44.8009320792072 6.746611037305704 6.0
    vertex 44.83342236555962 6.7295009298568145 6.0
  endloop
endfacet
facet normal 1.3578538040880096e-17 9.247151111459797e-17 1.0
  outer loop
    vertex 44.81875360750884 7.77750774527524 6.0
    vertex 44.83342236555962 6.7295009298568145 6.0
    vertex 44.859100270099475 7.770918623665436 6.0
  endloop
endfacet
facet normal 1.3578538040880096e-17 9.247151111459797e-17 1.0
  outer loop
    vertex 44.859100270099475 7.770918623665436 6.0
    vertex 44.83342236555962 6.7295009298568145 6.0
    vertex 44.87445586085606 6.703469908306929 6.0
  endloop
endfacet
facet normal 1.3578538040880096e-17 9.247151111459797e-17 1.0
  outer loop
    vertex 44.859100270099475 7.770918623665436 6.0
    vertex 44.87445586085606 6.703469908306929 6.0
    vertex 44.91436031397582 7.759724677512795 6.0
  endloop
endfacet
facet normal 1.3578538040880096e-17 9.247151111459797e-17 1.0
  outer loop
    vertex 44.91436031397582 7.759724677512795 6.0
    vertex 44.87445586085606 6.703469908306929 6.0
    vertex 45.54607326622476 6.245312298442953 6.0
  endloop
endfacet
facet normal 1.3578538040880096e-17 9.247151111459797e-17 1.0
  outer loop
    vertex 44.91436031397582 7.759724677512795 6.0
    vertex 45.54607326622476 6.245312298442953 6.0
    vertex 44.96915545628505 7.746440504260285 5.999999999999999
  endloop
endfacet
facet normal 1.3578538040880096e-17 9.247151111459797e-17 1.0
  outer loop
    vertex 44.96915545628505 7.746440504260285 5.999999999999999
    vertex 45.54607326622476 6.245312298442953 6.0
    vertex 45.02340666350362 7.731085264274594 6.0
  endloop
endfacet
facet normal 1.3578538040880096e-17 9.247151111459797e-17 1.0
  outer loop
    vertex 45.02340666350362 7.731085264274594 6.0
    vertex 45.54607326622476 6.245312298442953 6.0
    vertex 45.07703568665033 7.713681105116055 6.0
  endloop
endfacet
facet normal 1.3578538040880096e-17 9.247151111459797e-17 1.0
  outer loop
    vertex 45.07703568665033 7.713681105116055 6.0
    vertex 45.54607326622476 6.245312298442953 6.0
    vertex 45.12996517414854 7.694253129594155 6.0
  endloop
endfacet
facet normal 1.3578538040880096e-17 9.247151111459797e-17 1.0
  outer loop
    vertex 45.12996517414854 7.694253129594155 6.0
    vertex 45.54607326622476 6.245312298442953 6.0
    vertex 45.18211878339316 7.672829359560851 6.0
  endloop
endfacet
facet normal 1.3578538040880096e-17 9.247151111459797e-17 1.0
  outer loop
    vertex 45.18211878339316 7.672829359560851 6.0
    vertex 45.54607326622476 6.245312298442953 6.0
    vertex 45.23342129086415 7.649440695492995 6.0
  endloop
endfacet
facet normal 1.3578538040880096e-17 9.247151111459797e-17 1.0
  outer loop
    vertex 45.23342129086415 7.649440695492995 6.0
    vertex 45.54607326622476 6.245312298442953 6.0
    vertex 45.2837987006239 7.624120871923481 6.0
  endloop
endfacet
facet normal 1.3578538040880096e-17 9.247151111459797e-17 1.0
  outer loop
    vertex 45.2837987006239 7.624120871923481 6.0
    vertex 45.54607326622476 6.245312298442953 6.0
    vertex 45.33317835104522 7.596906408784369 6.0
  endloop
endfacet
facet normal 1.3578538040880096e-17 9.247151111459797e-17 1.0
  outer loop
    vertex 45.33317835104522 7.596906408784369 6.0
    vertex 45.54607326622476 6.245312298442953 6.0
    vertex 45.38148901961485 7.567836558732279 6.0
  endloop
endfacet
facet normal 1.3578538040880096e-17 9.247151111459797e-17 1.0
  outer loop
    vertex 45.38148901961485 7.567836558732279 6.0
    vertex 45.54607326622476 6.245312298442953 6.0
    vertex 45.43064356935067 7.535655287759105 6.0
  endloop
endfacet
facet normal 1.3578538040880096e-17 9.247151111459797e-17 1.0
  outer loop
    vertex 45.43064356935067 7.535655287759105 6.0
    vertex 45.54607326622476 6.245312298442953 6.0
    vertex 46.11406214350383 7.069447268181735 6.0
  endloop
endfacet
facet normal 1.3578538040880096e-17 9.247151111459797e-17 1.0
  outer loop
    vertex 46.11406214350383 7.069447268181735 6.0
    vertex 45.54607326622476 6.245312298442953 6.0
    vertex 45.60399150708415 6.204985920351178 6.0
  endloop
endfacet
facet normal 1.3578538040880096e-17 9.247151111459797e-17 1.0
  outer loop
    vertex 46.11406214350383 7.069447268181735 6.0
    vertex 45.60399150708415 6.204985920351178 6.0
    vertex 45.69941843798034 6.146286286125074 6.0
  endloop
endfacet
facet normal 1.3578538040880096e-17 9.247151111459797e-17 1.0
  outer loop
    vertex 46.11406214350383 7.069447268181735 6.0
    vertex 45.69941843798034 6.146286286125074 6.0
    vertex 45.798020967703486 6.093093360554441 6.0
  endloop
endfacet
facet normal 1.3578538040880096e-17 9.247151111459797e-17 1.0
  outer loop
    vertex 46.11406214350383 7.069447268181735 6.0
    vertex 45.798020967703486 6.093093360554441 6.0
    vertex 45.89948166679701 6.0455783867251 6.0
  endloop
endfacet
facet normal 1.3578538040880096e-17 9.247151111459797e-17 1.0
  outer loop
    vertex 46.11406214350383 7.069447268181735 6.0
    vertex 45.89948166679701 6.0455783867251 6.0
    vertex 46.00347390454826 6.003894328788683 6.0
  endloop
endfacet
facet normal 1.3578538040880096e-17 9.247151111459797e-17 1.0
  outer loop
    vertex 46.11406214350383 7.069447268181735 6.0
    vertex 46.00347390454826 6.003894328788683 6.0
    vertex 46.109662900504844 5.968175379528011 6.0
  endloop
endfacet
facet normal 1.3578538040880096e-17 9.247151111459797e-17 1.0
  outer loop
    vertex 46.11406214350383 7.069447268181735 6.0
    vertex 46.109662900504844 5.968175379528011 6.0
    vertex 46.21770680222792 5.938536528352351 6.0
  endloop
endfacet
facet normal 1.3578538040880096e-17 9.247151111459797e-17 1.0
  outer loop
    vertex 46.11406214350383 7.069447268181735 6.0
    vertex 46.21770680222792 5.938536528352351 6.0
    vertex 46.152592484191686 7.0426199843497574 6.0
  endloop
endfacet
facet normal 1.3578538040880096e-17 9.247151111459797e-17 1.0
  outer loop
    vertex 46.152592484191686 7.0426199843497574 6.0
    vertex 46.21770680222792 5.938536528352351 6.0
    vertex 46.199629202994245 7.0136864520337125 6.0
  endloop
endfacet
facet normal 1.3578538040880096e-17 9.247151111459797e-17 1.0
  outer loop
    vertex 46.199629202994245 7.0136864520337125 6.0
    vertex 46.21770680222792 5.938536528352351 6.0
    vertex 46.24823120056713 6.987467221688024 5.999999999999999
  endloop
endfacet
facet normal 1.3578538040880096e-17 9.247151111459797e-17 1.0
  outer loop
    vertex 46.24823120056713 6.987467221688024 5.999999999999999
    vertex 46.21770680222792 5.938536528352351 6.0
    vertex 46.32725778581181 5.9150731911140815 6.0
  endloop
endfacet
facet normal 1.3578538040880096e-17 9.247151111459797e-17 1.0
  outer loop
    vertex 46.24823120056713 6.987467221688024 5.999999999999999
    vertex 46.32725778581181 5.9150731911140815 6.0
    vertex 46.29824201332146 6.9640467004375655 5.999999999999999
  endloop
endfacet
facet normal 1.3578538040880096e-17 9.247151111459797e-17 1.0
  outer loop
    vertex 46.29824201332146 6.9640467004375655 5.999999999999999
    vertex 46.32725778581181 5.9150731911140815 6.0
    vertex 46.34950064229351 6.943500285570307 6.0
  endloop
endfacet
facet normal 1.3578538040880096e-17 9.247151111459797e-17 1.0
  outer loop
    vertex 46.34950064229351 6.943500285570307 6.0
    vertex 46.32725778581181 5.9150731911140815 6.0
    vertex 46.437963175627715 5.897860902937966 6.0
  endloop
endfacet
facet normal 1.3578538040880096e-17 9.247151111459797e-17 1.0
  outer loop
    vertex 46.34950064229351 6.943500285570307 6.0
    vertex 46.437963175627715 5.897860902937966 6.0
    vertex 46.40184207144591 6.925894121812153 6.0
  endloop
endfacet
facet normal 1.3578538040880096e-17 9.247151111459797e-17 1.0
  outer loop
    vertex 46.40184207144591 6.925894121812153 6.0
    vertex 46.437963175627715 5.897860902937966 6.0
    vertex 46.455097798900944 6.911284888388349 6.0
  endloop
endfacet
facet normal 1.3578538040880096e-17 9.247151111459797e-17 1.0
  outer loop
    vertex 46.455097798900944 6.911284888388349 6.0
    vertex 46.437963175627715 5.897860902937966 6.0
    vertex 46.549466579686445 5.886955075052243 6.0
  endloop
endfacet
facet normal 1.3578538040880096e-17 9.247151111459797e-17 1.0
  outer loop
    vertex 46.455097798900944 6.911284888388349 6.0
    vertex 46.549466579686445 5.886955075052243 6.0
    vertex 46.5090963793958 6.899719616557005 6.0
  endloop
endfacet
facet normal 1.3578538040880096e-17 9.247151111459797e-17 1.0
  outer loop
    vertex 46.5090963793958 6.899719616557005 6.0
    vertex 46.549466579686445 5.886955075052243 6.0
    vertex 46.563663976213505 6.891235538202137 6.0
  endloop
endfacet
facet normal 1.3578538040880096e-17 9.247151111459797e-17 1.0
  outer loop
    vertex 46.563663976213505 6.891235538202137 6.0
    vertex 46.549466579686445 5.886955075052243 6.0
    vertex 46.66140903696488 5.882390816404198 6.0
  endloop
endfacet
facet normal 1.3578538040880096e-17 9.247151111459797e-17 1.0
  outer loop
    vertex 46.563663976213505 6.891235538202137 6.0
    vertex 46.66140903696488 5.882390816404198 6.0
    vertex 46.61862492081248 6.885859965973709 6.0
  endloop
endfacet
facet normal 1.3578538040880096e-17 9.247151111459797e-17 1.0
  outer loop
    vertex 46.61862492081248 6.885859965973709 6.0
    vertex 46.66140903696488 5.882390816404198 6.0
    vertex 46.67380227835317 6.883610205360497 6.0
  endloop
endfacet
facet normal 1.3578538040880096e-17 9.247151111459797e-17 1.0
  outer loop
    vertex 46.67380227835317 6.883610205360497 6.0
    vertex 46.66140903696488 5.882390816404198 6.0
    vertex 46.72794780628858 5.883455238354587 6.0
  endloop
endfacet
facet normal 1.3578538040880096e-17 9.247151111459797e-17 1.0
  outer loop
    vertex 46.67380227835317 6.883610205360497 6.0
    vertex 46.72794780628858 5.883455238354587 6.0
    vertex 46.71994266567029 6.884348314008417 6.0
  endloop
endfacet
facet normal 1.3578538040880096e-17 9.247151111459797e-17 1.0
  outer loop
    vertex 46.71994266567029 6.884348314008417 6.0
    vertex 46.72794780628858 5.883455238354587 6.0
    vertex 49.31294146529583 6.884348314008417 6.0
  endloop
endfacet
facet normal 1.3578538040880096e-17 9.247151111459797e-17 1.0
  outer loop
    vertex 49.31294146529583 6.884348314008417 6.0
    vertex 46.72794780628858 5.883455238354587 6.0
    vertex 49.31294146529583 5.883455238354558 6.0
  endloop
endfacet
facet normal 0.015994972436332595 -0.9998720722456254 -5.495205896802874e-18
  outer loop
    vertex 46.72794780628858 5.883455238354587 6.0
    vertex 46.66140903696488 5.882390816404198 -2.1999999999999997
    vertex 46.727947806288576 5.883455238354587 -2.1999999999999997
  endloop
endfacet
facet normal 0.015994972436332595 -0.9998720722456254 -5.495205896802874e-18
  outer loop
    vertex 46.66140903696488 5.882390816404198 -2.1999999999999997
    vertex 46.72794780628858 5.883455238354587 6.0
    vertex 46.66140903696488 5.882390816404198 6.0
  endloop
endfacet
facet normal -0.571402726366895 -0.8206698022350275 3.9305922626580376e-16
  outer loop
    vertex 45.60399150708415 6.204985920351178 6.0
    vertex 45.54607326622475 6.245312298442952 -2.1999999999999997
    vertex 45.603991507084146 6.204985920351179 -2.1999999999999997
  endloop
endfacet
facet normal -0.571402726366895 -0.8206698022350275 3.9305922626580376e-16
  outer loop
    vertex 45.54607326622475 6.245312298442952 -2.1999999999999997
    vertex 45.60399150708415 6.204985920351178 6.0
    vertex 45.54607326622476 6.245312298442953 6.0
  endloop
endfacet
facet normal -0.5356855644830989 -0.8444175365329785 2.6234407196646704e-16
  outer loop
    vertex 44.87445586085606 6.703469908306929 6.0
    vertex 44.833422365559606 6.729500929856819 -2.1999999999999997
    vertex 44.87445586085606 6.703469908306931 -2.1999999999999997
  endloop
endfacet
facet normal -0.5356855644830989 -0.8444175365329785 2.6234407196646704e-16
  outer loop
    vertex 44.833422365559606 6.729500929856819 -2.1999999999999997
    vertex 44.87445586085606 6.703469908306929 6.0
    vertex 44.83342236555962 6.7295009298568145 6.0
  endloop
endfacet
facet normal -0.46595875269766035 -0.8848064425536473 2.5251217120872866e-16
  outer loop
    vertex 44.83342236555962 6.7295009298568145 6.0
    vertex 44.80093207920719 6.746611037305704 -2.1999999999999997
    vertex 44.833422365559606 6.729500929856819 -2.1999999999999997
  endloop
endfacet
facet normal -0.46595875269766035 -0.8848064425536473 2.5251217120872866e-16
  outer loop
    vertex 44.80093207920719 6.746611037305704 -2.1999999999999997
    vertex 44.83342236555962 6.7295009298568145 6.0
    vertex 44.8009320792072 6.746611037305704 6.0
  endloop
endfacet
facet normal -0.4608240387103991 -0.8874915240984764 7.628263533452159e-17
  outer loop
    vertex 44.76723703195041 6.761206182886907 6.0
    vertex 44.73756214473248 6.776614669621397 -2.1999999999999997
    vertex 44.76723703195041 6.761206182886907 -2.1999999999999997
  endloop
endfacet
facet normal -0.4608240387103991 -0.8874915240984764 7.628263533452159e-17
  outer loop
    vertex 44.73756214473248 6.776614669621397 -2.1999999999999997
    vertex 44.76723703195041 6.761206182886907 6.0
    vertex 44.73756214473248 6.776614669621398 6.0
  endloop
endfacet
facet normal -0.39746891425290376 -0.917615639689417 1.3665471914703347e-16
  outer loop
    vertex 44.8009320792072 6.746611037305704 6.0
    vertex 44.76723703195041 6.761206182886907 -2.1999999999999997
    vertex 44.80093207920719 6.746611037305704 -2.1999999999999997
  endloop
endfacet
facet normal -0.39746891425290376 -0.917615639689417 1.3665471914703347e-16
  outer loop
    vertex 44.76723703195041 6.761206182886907 -2.1999999999999997
    vertex 44.8009320792072 6.746611037305704 6.0
    vertex 44.76723703195041 6.761206182886907 6.0
  endloop
endfacet
facet normal -0.1611774396176865 -0.9869254444780958 1.6964874159871092e-16
  outer loop
    vertex 44.73756214473248 6.776614669621398 6.0
    vertex 44.679017929669335 6.786175682300824 -2.1999999999999997
    vertex 44.73756214473248 6.776614669621397 -2.1999999999999997
  endloop
endfacet
facet normal -0.1611774396176865 -0.9869254444780958 1.6964874159871092e-16
  outer loop
    vertex 44.679017929669335 6.786175682300824 -2.1999999999999997
    vertex 44.73756214473248 6.776614669621398 6.0
    vertex 44.679017929669335 6.786175682300825 6.0
  endloop
endfacet
facet normal -1.0 0.0 0.0
  outer loop
    vertex 49.31294146529583 6.884348314008417 13.199999999999998
    vertex 49.31294146529583 5.883455238354558 6.0
    vertex 49.31294146529583 5.883455238354558 13.199999999999998
  endloop
endfacet
facet normal -1.0 0.0 0.0
  outer loop
    vertex 49.31294146529583 5.883455238354558 6.0
    vertex 49.31294146529583 6.884348314008417 13.199999999999998
    vertex 49.31294146529583 6.884348314008417 6.0
  endloop
endfacet
facet normal 0.015994972436332595 -0.9998720722456254 5.1846611391524864e-18
  outer loop
    vertex 46.727947806288576 5.883455238354587 24.500000000000004
    vertex 46.66140903696488 5.882390816404198 13.199999999999998
    vertex 46.72794780628858 5.883455238354587 13.199999999999998
  endloop
endfacet
facet normal 0.015994972436332595 -0.9998720722456254 5.1846611391524864e-18
  outer loop
    vertex 46.66140903696488 5.882390816404198 13.199999999999998
    vertex 46.727947806288576 5.883455238354587 24.500000000000004
    vertex 46.66140903696488 5.882390816404198 24.500000000000004
  endloop
endfacet
facet normal -0.571402726366895 -0.8206698022350276 -3.7030057264913743e-16
  outer loop
    vertex 45.603991507084146 6.204985920351179 24.500000000000004
    vertex 45.54607326622476 6.245312298442953 13.199999999999998
    vertex 45.60399150708415 6.204985920351178 13.199999999999998
  endloop
endfacet
facet normal -0.571402726366895 -0.8206698022350276 -3.7030057264913743e-16
  outer loop
    vertex 45.54607326622476 6.245312298442953 13.199999999999998
    vertex 45.603991507084146 6.204985920351179 24.500000000000004
    vertex 45.54607326622475 6.245312298442952 24.500000000000004
  endloop
endfacet
facet normal -0.5356855644830989 -0.8444175365329782 -2.472042772064101e-16
  outer loop
    vertex 44.87445586085606 6.703469908306931 24.500000000000004
    vertex 44.83342236555962 6.7295009298568145 13.199999999999998
    vertex 44.87445586085606 6.703469908306929 13.199999999999998
  endloop
endfacet
facet normal -0.5356855644830989 -0.8444175365329782 -2.472042772064101e-16
  outer loop
    vertex 44.83342236555962 6.7295009298568145 13.199999999999998
    vertex 44.87445586085606 6.703469908306931 24.500000000000004
    vertex 44.833422365559606 6.729500929856819 24.500000000000004
  endloop
endfacet
facet normal -0.46595875269766035 -0.8848064425536473 -2.38009070915705e-16
  outer loop
    vertex 44.833422365559606 6.729500929856819 24.500000000000004
    vertex 44.8009320792072 6.746611037305704 13.199999999999998
    vertex 44.83342236555962 6.7295009298568145 13.199999999999998
  endloop
endfacet
facet normal -0.46595875269766035 -0.8848064425536473 -2.38009070915705e-16
  outer loop
    vertex 44.8009320792072 6.746611037305704 13.199999999999998
    vertex 44.833422365559606 6.729500929856819 24.500000000000004
    vertex 44.80093207920719 6.746611037305704 24.500000000000004
  endloop
endfacet
facet normal -0.3974689142529037 -0.917615639689417 -1.2883683557135651e-16
  outer loop
    vertex 44.80093207920719 6.746611037305704 24.500000000000004
    vertex 44.76723703195041 6.761206182886907 13.199999999999998
    vertex 44.8009320792072 6.746611037305704 13.199999999999998
  endloop
endfacet
facet normal -0.3974689142529037 -0.917615639689417 -1.2883683557135651e-16
  outer loop
    vertex 44.76723703195041 6.761206182886907 13.199999999999998
    vertex 44.80093207920719 6.746611037305704 24.500000000000004
    vertex 44.76723703195041 6.761206182886907 24.500000000000004
  endloop
endfacet
facet normal -0.46082403871039923 -0.8874915240984764 -7.191857995748447e-17
  outer loop
    vertex 44.76723703195041 6.761206182886907 24.500000000000004
    vertex 44.73756214473248 6.776614669621398 13.199999999999998
    vertex 44.76723703195041 6.761206182886907 13.199999999999998
  endloop
endfacet
facet normal -0.46082403871039923 -0.8874915240984764 -7.191857995748447e-17
  outer loop
    vertex 44.73756214473248 6.776614669621398 13.199999999999998
    vertex 44.76723703195041 6.761206182886907 24.500000000000004
    vertex 44.73756214473248 6.776614669621397 24.500000000000004
  endloop
endfacet
facet normal -0.16117743961768652 -0.9869254444780958 -1.5995257320992297e-16
  outer loop
    vertex 44.73756214473248 6.776614669621397 24.500000000000004
    vertex 44.679017929669335 6.786175682300825 13.199999999999998
    vertex 44.73756214473248 6.776614669621398 13.199999999999998
  endloop
endfacet
facet normal -0.16117743961768652 -0.9869254444780958 -1.5995257320992297e-16
  outer loop
    vertex 44.679017929669335 6.786175682300825 13.199999999999998
    vertex 44.73756214473248 6.776614669621397 24.500000000000004
    vertex 44.679017929669335 6.786175682300824 24.500000000000004
  endloop
endfacet
facet normal 0.16117743961768147 0.9869254444780967 -2.644417070324621e-16
  outer loop
    vertex 44.818753607508846 7.7775077452752415 24.500000000000004
    vertex 44.859100270099475 7.770918623665436 13.199999999999998
    vertex 44.81875360750884 7.77750774527524 13.199999999999998
  endloop
endfacet
facet normal 0.16117743961768147 0.9869254444780967 -2.644417070324621e-16
  outer loop
    vertex 44.859100270099475 7.770918623665436 13.199999999999998
    vertex 44.818753607508846 7.7775077452752415 24.500000000000004
    vertex 44.859100270099475 7.770918623665437 24.500000000000004
  endloop
endfacet
facet normal 0.19853611934977453 0.9800935717131973 -1.4373091937926592e-16
  outer loop
    vertex 44.859100270099475 7.770918623665437 24.500000000000004
    vertex 44.91436031397582 7.759724677512795 13.199999999999998
    vertex 44.859100270099475 7.770918623665436 13.199999999999998
  endloop
endfacet
facet normal 0.19853611934977453 0.9800935717131973 -1.4373091937926592e-16
  outer loop
    vertex 44.91436031397582 7.759724677512795 13.199999999999998
    vertex 44.859100270099475 7.770918623665437 24.500000000000004
    vertex 44.91436031397582 7.759724677512795 24.500000000000004
  endloop
endfacet
facet normal 0.2356084414161624 0.9718480654574803 1.5512534733508108e-16
  outer loop
    vertex 44.91436031397582 7.759724677512795 24.500000000000004
    vertex 44.96915545628505 7.746440504260285 13.199999999999998
    vertex 44.91436031397582 7.759724677512795 13.199999999999998
  endloop
endfacet
facet normal 0.2356084414161624 0.9718480654574803 1.5512534733508108e-16
  outer loop
    vertex 44.96915545628505 7.746440504260285 13.199999999999998
    vertex 44.91436031397582 7.759724677512795 24.500000000000004
    vertex 44.969155456285044 7.746440504260284 24.500000000000004
  endloop
endfacet
facet normal 0.27234093472219056 0.9622008185792839 3.2208442445882164e-16
  outer loop
    vertex 44.969155456285044 7.746440504260284 24.500000000000004
    vertex 45.02340666350362 7.731085264274594 13.199999999999998
    vertex 44.96915545628505 7.746440504260285 13.199999999999998
  endloop
endfacet
facet normal 0.27234093472219056 0.9622008185792839 3.2208442445882164e-16
  outer loop
    vertex 45.02340666350362 7.731085264274594 13.199999999999998
    vertex 44.969155456285044 7.746440504260284 24.500000000000004
    vertex 45.02340666350362 7.731085264274591 24.500000000000004
  endloop
endfacet
facet normal 0.30868061832380106 0.9511657457411069 2.08257168673665e-16
  outer loop
    vertex 45.02340666350362 7.731085264274591 24.500000000000004
    vertex 45.07703568665033 7.713681105116055 13.199999999999998
    vertex 45.02340666350362 7.731085264274594 13.199999999999998
  endloop
endfacet
facet normal 0.30868061832380106 0.9511657457411069 2.08257168673665e-16
  outer loop
    vertex 45.07703568665033 7.713681105116055 13.199999999999998
    vertex 45.02340666350362 7.731085264274591 24.500000000000004
    vertex 45.07703568665034 7.713681105116052 24.500000000000004
  endloop
endfacet
facet normal 0.3445750778440771 0.9387587633299348 -1.1658174629828067e-16
  outer loop
    vertex 45.07703568665034 7.713681105116052 24.500000000000004
    vertex 45.12996517414854 7.694253129594155 13.199999999999998
    vertex 45.07703568665033 7.713681105116055 13.199999999999998
  endloop
endfacet
facet normal 0.3445750778440771 0.9387587633299348 -1.1658174629828067e-16
  outer loop
    vertex 45.12996517414854 7.694253129594155 13.199999999999998
    vertex 45.07703568665034 7.713681105116052 24.500000000000004
    vertex 45.12996517414853 7.694253129594162 24.500000000000004
  endloop
endfacet
facet normal 0.3799725410732509 0.9249977665001882 -2.569172582327453e-16
  outer loop
    vertex 45.12996517414853 7.694253129594162 24.500000000000004
    vertex 45.18211878339316 7.672829359560851 13.199999999999998
    vertex 45.12996517414854 7.694253129594155 13.199999999999998
  endloop
endfacet
facet normal 0.3799725410732509 0.9249977665001882 -2.569172582327453e-16
  outer loop
    vertex 45.18211878339316 7.672829359560851 13.199999999999998
    vertex 45.12996517414853 7.694253129594162 24.500000000000004
    vertex 45.18211878339314 7.6728293595608585 24.500000000000004
  endloop
endfacet
facet normal 0.41482195264158117 0.9099026033629236 -3.9022963747149654e-17
  outer loop
    vertex 45.18211878339314 7.6728293595608585 24.500000000000004
    vertex 45.23342129086415 7.649440695492995 13.199999999999998
    vertex 45.18211878339316 7.672829359560851 13.199999999999998
  endloop
endfacet
facet normal 0.41482195264158117 0.9099026033629236 -3.9022963747149654e-17
  outer loop
    vertex 45.23342129086415 7.649440695492995 13.199999999999998
    vertex 45.18211878339314 7.6728293595608585 24.500000000000004
    vertex 45.23342129086414 7.649440695492997 24.500000000000004
  endloop
endfacet
facet normal 0.4490730476596221 0.8934950463576722 -1.4405635740892658e-16
  outer loop
    vertex 45.23342129086414 7.649440695492997 24.500000000000004
    vertex 45.2837987006239 7.624120871923481 13.199999999999998
    vertex 45.23342129086415 7.649440695492995 13.199999999999998
  endloop
endfacet
facet normal 0.4490730476596221 0.8934950463576722 -1.4405635740892658e-16
  outer loop
    vertex 45.2837987006239 7.624120871923481 13.199999999999998
    vertex 45.23342129086414 7.649440695492997 24.500000000000004
    vertex 45.2837987006239 7.624120871923486 24.500000000000004
  endloop
endfacet
facet normal 0.48267642421643225 0.875798760849568 -2.1286255761657678e-16
  outer loop
    vertex 45.2837987006239 7.624120871923486 24.500000000000004
    vertex 45.33317835104522 7.596906408784369 13.199999999999998
    vertex 45.2837987006239 7.624120871923481 13.199999999999998
  endloop
endfacet
facet normal 0.48267642421643225 0.875798760849568 -2.1286255761657678e-16
  outer loop
    vertex 45.33317835104522 7.596906408784369 13.199999999999998
    vertex 45.2837987006239 7.624120871923486 24.500000000000004
    vertex 45.33317835104522 7.596906408784369 24.500000000000004
  endloop
endfacet
facet normal 0.5155836146352926 0.8568392709952121 2.825360888666083e-17
  outer loop
    vertex 45.33317835104522 7.596906408784369 24.500000000000004
    vertex 45.38148901961485 7.567836558732279 13.199999999999998
    vertex 45.33317835104522 7.596906408784369 13.199999999999998
  endloop
endfacet
facet normal 0.5155836146352926 0.8568392709952121 2.825360888666083e-17
  outer loop
    vertex 45.38148901961485 7.567836558732279 13.199999999999998
    vertex 45.33317835104522 7.596906408784369 24.500000000000004
    vertex 45.38148901961484 7.567836558732282 24.500000000000004
  endloop
endfacet
facet normal 0.5477471553804555 0.836643922928159 -2.292401237816026e-16
  outer loop
    vertex 45.38148901961484 7.567836558732282 24.500000000000004
    vertex 45.43064356935067 7.535655287759105 13.199999999999998
    vertex 45.38148901961485 7.567836558732279 13.199999999999998
  endloop
endfacet
facet normal 0.5477471553804555 0.836643922928159 -2.292401237816026e-16
  outer loop
    vertex 45.43064356935067 7.535655287759105 13.199999999999998
    vertex 45.38148901961484 7.567836558732282 24.500000000000004
    vertex 45.43064356935067 7.53565528775911 24.500000000000004
  endloop
endfacet
facet normal 0.5714027263669386 0.8206698022349975 -4.283637658789037e-17
  outer loop
    vertex 46.114062143503816 7.069447268181741 24.500000000000004
    vertex 46.152592484191686 7.0426199843497574 13.199999999999998
    vertex 46.11406214350383 7.069447268181735 13.199999999999998
  endloop
endfacet
facet normal 0.5714027263669386 0.8206698022349975 -4.283637658789037e-17
  outer loop
    vertex 46.152592484191686 7.0426199843497574 13.199999999999998
    vertex 46.114062143503816 7.069447268181741 24.500000000000004
    vertex 46.15259248419168 7.0426199843497646 24.500000000000004
  endloop
endfacet
facet normal 0.5239379548291164 0.8517564320211988 -2.8159219857640175e-16
  outer loop
    vertex 46.15259248419168 7.0426199843497646 24.500000000000004
    vertex 46.199629202994245 7.0136864520337125 13.199999999999998
    vertex 46.152592484191686 7.0426199843497574 13.199999999999998
  endloop
endfacet
facet normal 0.5239379548291164 0.8517564320211988 -2.8159219857640175e-16
  outer loop
    vertex 46.199629202994245 7.0136864520337125 13.199999999999998
    vertex 46.15259248419168 7.0426199843497646 24.500000000000004
    vertex 46.19962920299424 7.013686452033718 24.500000000000004
  endloop
endfacet
facet normal 0.4747864786939135 0.8801010167301444 -2.28981598878932e-16
  outer loop
    vertex 46.19962920299424 7.013686452033718 24.500000000000004
    vertex 46.24823120056713 6.987467221688024 13.199999999999998
    vertex 46.199629202994245 7.0136864520337125 13.199999999999998
  endloop
endfacet
facet normal 0.4747864786939135 0.8801010167301444 -2.28981598878932e-16
  outer loop
    vertex 46.24823120056713 6.987467221688024 13.199999999999998
    vertex 46.19962920299424 7.013686452033718 24.500000000000004
    vertex 46.24823120056711 6.987467221688038 24.500000000000004
  endloop
endfacet
facet normal 0.4241065304770199 0.9056123071197437 -3.493647695324907e-16
  outer loop
    vertex 46.24823120056711 6.987467221688038 24.500000000000004
    vertex 46.29824201332146 6.9640467004375655 13.199999999999998
    vertex 46.24823120056713 6.987467221688024 13.199999999999998
  endloop
endfacet
facet normal 0.4241065304770199 0.9056123071197437 -3.493647695324907e-16
  outer loop
    vertex 46.29824201332146 6.9640467004375655 13.199999999999998
    vertex 46.24823120056711 6.987467221688038 24.500000000000004
    vertex 46.298242013321456 6.9640467004375735 24.500000000000004
  endloop
endfacet
facet normal 0.3720612632788654 0.9282081751241663 -1.6466963348265865e-16
  outer loop
    vertex 46.298242013321456 6.9640467004375735 24.500000000000004
    vertex 46.34950064229351 6.943500285570307 13.199999999999998
    vertex 46.29824201332146 6.9640467004375655 13.199999999999998
  endloop
endfacet
facet normal 0.3720612632788654 0.9282081751241663 -1.6466963348265865e-16
  outer loop
    vertex 46.34950064229351 6.943500285570307 13.199999999999998
    vertex 46.298242013321456 6.9640467004375735 24.500000000000004
    vertex 46.34950064229351 6.943500285570308 24.500000000000004
  endloop
endfacet
facet normal 0.3188182255479076 0.9478158782477131 7.960721940327182e-17
  outer loop
    vertex 46.34950064229351 6.943500285570308 24.500000000000004
    vertex 46.40184207144591 6.925894121812153 13.199999999999998
    vertex 46.34950064229351 6.943500285570307 13.199999999999998
  endloop
endfacet
facet normal 0.3188182255479076 0.9478158782477131 7.960721940327182e-17
  outer loop
    vertex 46.40184207144591 6.925894121812153 13.199999999999998
    vertex 46.34950064229351 6.943500285570308 24.500000000000004
    vertex 46.4018420714459 6.9258941218121555 24.500000000000004
  endloop
endfacet
facet normal 0.26454882169514454 0.9643722937432985 1.0861645804936387e-16
  outer loop
    vertex 46.4018420714459 6.9258941218121555 24.500000000000004
    vertex 46.455097798900944 6.911284888388349 13.199999999999998
    vertex 46.40184207144591 6.925894121812153 13.199999999999998
  endloop
endfacet
facet normal 0.26454882169514454 0.9643722937432985 1.0861645804936387e-16
  outer loop
    vertex 46.455097798900944 6.911284888388349 13.199999999999998
    vertex 46.4018420714459 6.9258941218121555 24.500000000000004
    vertex 46.45509779890093 6.91128488838835 24.500000000000004
  endloop
endfacet
facet normal 0.20942776029452342 0.9778241218225391 5.653040433685356e-17
  outer loop
    vertex 46.45509779890093 6.91128488838835 24.500000000000004
    vertex 46.5090963793958 6.899719616557005 13.199999999999998
    vertex 46.455097798900944 6.911284888388349 13.199999999999998
  endloop
endfacet
facet normal 0.20942776029452342 0.9778241218225391 5.653040433685356e-17
  outer loop
    vertex 46.5090963793958 6.899719616557005 13.199999999999998
    vertex 46.45509779890093 6.91128488838835 24.500000000000004
    vertex 46.5090963793958 6.899719616557005 24.500000000000004
  endloop
endfacet
facet normal 0.1536324916469779 0.988128057242755 0.0
  outer loop
    vertex 46.5090963793958 6.899719616557005 24.500000000000004
    vertex 46.563663976213505 6.891235538202137 13.199999999999998
    vertex 46.5090963793958 6.899719616557005 13.199999999999998
  endloop
endfacet
facet normal 0.1536324916469779 0.988128057242755 0.0
  outer loop
    vertex 46.563663976213505 6.891235538202137 13.199999999999998
    vertex 46.5090963793958 6.899719616557005 24.500000000000004
    vertex 46.563663976213505 6.891235538202137 24.500000000000004
  endloop
endfacet
facet normal 0.09734263651716835 0.995250928718927 3.1552951200266395e-17
  outer loop
    vertex 46.563663976213505 6.891235538202137 24.500000000000004
    vertex 46.61862492081248 6.885859965973709 13.199999999999998
    vertex 46.563663976213505 6.891235538202137 13.199999999999998
  endloop
endfacet
facet normal 0.09734263651716835 0.995250928718927 3.1552951200266395e-17
  outer loop
    vertex 46.61862492081248 6.885859965973709 13.199999999999998
    vertex 46.563663976213505 6.891235538202137 24.500000000000004
    vertex 46.61862492081248 6.885859965973709 24.500000000000004
  endloop
endfacet
facet normal 0.04073940788381403 0.9991698057113598 9.416670525339133e-17
  outer loop
    vertex 46.61862492081248 6.885859965973709 24.500000000000004
    vertex 46.67380227835317 6.883610205360497 13.199999999999998
    vertex 46.61862492081248 6.885859965973709 13.199999999999998
  endloop
endfacet
facet normal 0.04073940788381403 0.9991698057113598 9.416670525339133e-17
  outer loop
    vertex 46.67380227835317 6.883610205360497 13.199999999999998
    vertex 46.61862492081248 6.885859965973709 24.500000000000004
    vertex 46.67380227835317 6.883610205360495 24.500000000000004
  endloop
endfacet
facet normal -0.015994972436326593 0.9998720722456254 8.102542686038498e-17
  outer loop
    vertex 46.67380227835317 6.883610205360495 24.500000000000004
    vertex 46.71994266567029 6.884348314008417 13.199999999999998
    vertex 46.67380227835317 6.883610205360497 13.199999999999998
  endloop
endfacet
facet normal -0.015994972436326593 0.9998720722456254 8.102542686038498e-17
  outer loop
    vertex 46.71994266567029 6.884348314008417 13.199999999999998
    vertex 46.67380227835317 6.883610205360495 24.500000000000004
    vertex 46.71994266567029 6.884348314008417 24.500000000000004
  endloop
endfacet
facet normal 0.1611774396176815 0.9869254444780967 3.834063126458231e-16
  outer loop
    vertex 44.81875360750884 7.77750774527524 6.0
    vertex 44.859100270099475 7.770918623665437 0.0
    vertex 44.818753607508846 7.7775077452752415 0.0
  endloop
endfacet
facet normal 0.1611774396176815 0.9869254444780967 3.834063126458231e-16
  outer loop
    vertex 44.859100270099475 7.770918623665437 0.0
    vertex 44.81875360750884 7.77750774527524 6.0
    vertex 44.859100270099475 7.770918623665436 6.0
  endloop
endfacet
facet normal 0.23560844141616238 0.9718480654574803 -2.250350908682046e-16
  outer loop
    vertex 44.91436031397582 7.759724677512795 6.0
    vertex 44.969155456285044 7.746440504260284 0.0
    vertex 44.91436031397582 7.759724677512795 0.0
  endloop
endfacet
facet normal 0.23560844141616238 0.9718480654574803 -2.250350908682046e-16
  outer loop
    vertex 44.969155456285044 7.746440504260284 0.0
    vertex 44.91436031397582 7.759724677512795 6.0
    vertex 44.96915545628505 7.746440504260285 5.999999999999999
  endloop
endfacet
facet normal 0.30868061832380106 0.9511657457411069 -3.0202096158346447e-16
  outer loop
    vertex 45.02340666350362 7.731085264274594 6.0
    vertex 45.07703568665034 7.713681105116052 0.0
    vertex 45.02340666350362 7.731085264274591 0.0
  endloop
endfacet
facet normal 0.30868061832380106 0.9511657457411069 -3.0202096158346447e-16
  outer loop
    vertex 45.07703568665034 7.713681105116052 0.0
    vertex 45.02340666350362 7.731085264274594 6.0
    vertex 45.07703568665033 7.713681105116055 6.0
  endloop
endfacet
facet normal 0.37997254107325096 0.9249977665001882 3.7240454760865136e-16
  outer loop
    vertex 45.12996517414854 7.694253129594155 6.0
    vertex 45.18211878339314 7.6728293595608585 0.0
    vertex 45.12996517414853 7.694253129594162 0.0
  endloop
endfacet
facet normal 0.37997254107325096 0.9249977665001882 3.7240454760865136e-16
  outer loop
    vertex 45.18211878339314 7.6728293595608585 0.0
    vertex 45.12996517414854 7.694253129594155 6.0
    vertex 45.18211878339316 7.672829359560851 6.0
  endloop
endfacet
facet normal 0.4490730476596221 0.8934950463576722 2.089716123742557e-16
  outer loop
    vertex 45.23342129086415 7.649440695492995 6.0
    vertex 45.2837987006239 7.624120871923486 0.0
    vertex 45.23342129086414 7.649440695492997 0.0
  endloop
endfacet
facet normal 0.4490730476596221 0.8934950463576722 2.089716123742557e-16
  outer loop
    vertex 45.2837987006239 7.624120871923486 0.0
    vertex 45.23342129086415 7.649440695492995 6.0
    vertex 45.2837987006239 7.624120871923481 6.0
  endloop
endfacet
facet normal 0.5155836146352926 0.8568392709952118 -4.106813586901483e-17
  outer loop
    vertex 45.33317835104522 7.596906408784369 6.0
    vertex 45.38148901961484 7.567836558732282 0.0
    vertex 45.33317835104522 7.596906408784369 0.0
  endloop
endfacet
facet normal 0.5155836146352926 0.8568392709952118 -4.106813586901483e-17
  outer loop
    vertex 45.38148901961484 7.567836558732282 0.0
    vertex 45.33317835104522 7.596906408784369 6.0
    vertex 45.38148901961485 7.567836558732279 6.0
  endloop
endfacet
facet normal 0.5477471553804554 0.836643922928159 3.3226696402601107e-16
  outer loop
    vertex 45.38148901961485 7.567836558732279 6.0
    vertex 45.43064356935067 7.53565528775911 0.0
    vertex 45.38148901961484 7.567836558732282 0.0
  endloop
endfacet
facet normal 0.5477471553804554 0.836643922928159 3.3226696402601107e-16
  outer loop
    vertex 45.43064356935067 7.53565528775911 0.0
    vertex 45.38148901961485 7.567836558732279 6.0
    vertex 45.43064356935067 7.535655287759105 6.0
  endloop
endfacet
facet normal 0.48267642421643214 0.875798760849568 3.0864337368879535e-16
  outer loop
    vertex 45.2837987006239 7.624120871923481 6.0
    vertex 45.33317835104522 7.596906408784369 0.0
    vertex 45.2837987006239 7.624120871923486 0.0
  endloop
endfacet
facet normal 0.48267642421643214 0.875798760849568 3.0864337368879535e-16
  outer loop
    vertex 45.33317835104522 7.596906408784369 0.0
    vertex 45.2837987006239 7.624120871923481 6.0
    vertex 45.33317835104522 7.596906408784369 6.0
  endloop
endfacet
facet normal 0.41482195264158117 0.9099026033629236 5.668875306528183e-17
  outer loop
    vertex 45.18211878339316 7.672829359560851 6.0
    vertex 45.23342129086414 7.649440695492997 0.0
    vertex 45.18211878339314 7.6728293595608585 0.0
  endloop
endfacet
facet normal 0.41482195264158117 0.9099026033629236 5.668875306528183e-17
  outer loop
    vertex 45.23342129086414 7.649440695492997 0.0
    vertex 45.18211878339316 7.672829359560851 6.0
    vertex 45.23342129086415 7.649440695492995 6.0
  endloop
endfacet
facet normal 0.34457507784407715 0.9387587633299348 1.690905464661003e-16
  outer loop
    vertex 45.07703568665033 7.713681105116055 6.0
    vertex 45.12996517414853 7.694253129594162 0.0
    vertex 45.07703568665034 7.713681105116052 0.0
  endloop
endfacet
facet normal 0.34457507784407715 0.9387587633299348 1.690905464661003e-16
  outer loop
    vertex 45.12996517414853 7.694253129594162 0.0
    vertex 45.07703568665033 7.713681105116055 6.0
    vertex 45.12996517414854 7.694253129594155 6.0
  endloop
endfacet
facet normal 0.27234093472219056 0.9622008185792836 -4.670482771083166e-16
  outer loop
    vertex 44.96915545628505 7.746440504260285 5.999999999999999
    vertex 45.02340666350362 7.731085264274591 0.0
    vertex 44.969155456285044 7.746440504260284 0.0
  endloop
endfacet
facet normal 0.27234093472219056 0.9622008185792836 -4.670482771083166e-16
  outer loop
    vertex 45.02340666350362 7.731085264274591 0.0
    vertex 44.96915545628505 7.746440504260285 5.999999999999999
    vertex 45.02340666350362 7.731085264274594 6.0
  endloop
endfacet
facet normal 0.19853611934977455 0.9800935717131973 2.085059886378182e-16
  outer loop
    vertex 44.859100270099475 7.770918623665436 6.0
    vertex 44.91436031397582 7.759724677512795 0.0
    vertex 44.859100270099475 7.770918623665437 0.0
  endloop
endfacet
facet normal 0.19853611934977455 0.9800935717131973 2.085059886378182e-16
  outer loop
    vertex 44.91436031397582 7.759724677512795 0.0
    vertex 44.859100270099475 7.770918623665436 6.0
    vertex 44.91436031397582 7.759724677512795 6.0
  endloop
endfacet
facet normal -0.01599497243632659 0.9998720722456254 -1.174839903936594e-16
  outer loop
    vertex 46.67380227835317 6.883610205360497 6.0
    vertex 46.71994266567029 6.884348314008417 0.0
    vertex 46.67380227835317 6.883610205360495 0.0
  endloop
endfacet
facet normal -0.01599497243632659 0.9998720722456254 -1.174839903936594e-16
  outer loop
    vertex 46.71994266567029 6.884348314008417 0.0
    vertex 46.67380227835317 6.883610205360497 6.0
    vertex 46.71994266567029 6.884348314008417 6.0
  endloop
endfacet
facet normal 0.04073940788381403 0.9991698057113598 -1.3653012200678067e-16
  outer loop
    vertex 46.61862492081248 6.885859965973709 6.0
    vertex 46.67380227835317 6.883610205360495 0.0
    vertex 46.61862492081248 6.885859965973709 0.0
  endloop
endfacet
facet normal 0.04073940788381403 0.9991698057113598 -1.3653012200678067e-16
  outer loop
    vertex 46.67380227835317 6.883610205360495 0.0
    vertex 46.61862492081248 6.885859965973709 6.0
    vertex 46.67380227835317 6.883610205360497 6.0
  endloop
endfacet
facet normal 0.09734263651716833 0.995250928718927 -4.572406077113872e-17
  outer loop
    vertex 46.563663976213505 6.891235538202137 6.0
    vertex 46.61862492081248 6.885859965973709 0.0
    vertex 46.563663976213505 6.891235538202137 0.0
  endloop
endfacet
facet normal 0.09734263651716833 0.995250928718927 -4.572406077113872e-17
  outer loop
    vertex 46.61862492081248 6.885859965973709 0.0
    vertex 46.563663976213505 6.891235538202137 6.0
    vertex 46.61862492081248 6.885859965973709 6.0
  endloop
endfacet
facet normal 0.15363249164697793 0.988128057242755 0.0
  outer loop
    vertex 46.5090963793958 6.899719616557005 6.0
    vertex 46.563663976213505 6.891235538202137 0.0
    vertex 46.5090963793958 6.899719616557005 0.0
  endloop
endfacet
facet normal 0.15363249164697793 0.988128057242755 0.0
  outer loop
    vertex 46.563663976213505 6.891235538202137 0.0
    vertex 46.5090963793958 6.899719616557005 6.0
    vertex 46.563663976213505 6.891235538202137 6.0
  endloop
endfacet
facet normal 0.2094277602945234 0.9778241218225391 -8.196178326934564e-17
  outer loop
    vertex 46.455097798900944 6.911284888388349 6.0
    vertex 46.5090963793958 6.899719616557005 0.0
    vertex 46.45509779890093 6.91128488838835 0.0
  endloop
endfacet
facet normal 0.2094277602945234 0.9778241218225391 -8.196178326934564e-17
  outer loop
    vertex 46.5090963793958 6.899719616557005 0.0
    vertex 46.455097798900944 6.911284888388349 6.0
    vertex 46.5090963793958 6.899719616557005 6.0
  endloop
endfacet
facet normal 0.2645488216951446 0.9643722937432985 -1.5722340544331485e-16
  outer loop
    vertex 46.40184207144591 6.925894121812153 6.0
    vertex 46.45509779890093 6.91128488838835 0.0
    vertex 46.4018420714459 6.9258941218121555 0.0
  endloop
endfacet
facet normal 0.2645488216951446 0.9643722937432985 -1.5722340544331485e-16
  outer loop
    vertex 46.45509779890093 6.91128488838835 0.0
    vertex 46.40184207144591 6.925894121812153 6.0
    vertex 46.455097798900944 6.911284888388349 6.0
  endloop
endfacet
facet normal 0.3188182255479076 0.9478158782477131 -1.1536263336657348e-16
  outer loop
    vertex 46.34950064229351 6.943500285570307 6.0
    vertex 46.4018420714459 6.9258941218121555 0.0
    vertex 46.34950064229351 6.943500285570308 0.0
  endloop
endfacet
facet normal 0.3188182255479076 0.9478158782477131 -1.1536263336657348e-16
  outer loop
    vertex 46.4018420714459 6.9258941218121555 0.0
    vertex 46.34950064229351 6.943500285570307 6.0
    vertex 46.40184207144591 6.925894121812153 6.0
  endloop
endfacet
facet normal 0.3720612632788654 0.9282081751241663 2.388604863847775e-16
  outer loop
    vertex 46.29824201332146 6.9640467004375655 5.999999999999999
    vertex 46.34950064229351 6.943500285570308 0.0
    vertex 46.298242013321456 6.9640467004375735 0.0
  endloop
endfacet
facet normal 0.3720612632788654 0.9282081751241663 2.388604863847775e-16
  outer loop
    vertex 46.34950064229351 6.943500285570308 0.0
    vertex 46.29824201332146 6.9640467004375655 5.999999999999999
    vertex 46.34950064229351 6.943500285570307 6.0
  endloop
endfacet
facet normal 0.42410653047701985 0.9056123071197437 5.066507286396388e-16
  outer loop
    vertex 46.24823120056713 6.987467221688024 5.999999999999999
    vertex 46.298242013321456 6.9640467004375735 0.0
    vertex 46.24823120056711 6.987467221688038 0.0
  endloop
endfacet
facet normal 0.42410653047701985 0.9056123071197437 5.066507286396388e-16
  outer loop
    vertex 46.298242013321456 6.9640467004375735 0.0
    vertex 46.24823120056713 6.987467221688024 5.999999999999999
    vertex 46.29824201332146 6.9640467004375655 5.999999999999999
  endloop
endfacet
facet normal 0.4747864786939136 0.8801010167301444 3.3202748300640103e-16
  outer loop
    vertex 46.199629202994245 7.0136864520337125 6.0
    vertex 46.24823120056711 6.987467221688038 0.0
    vertex 46.19962920299424 7.013686452033718 0.0
  endloop
endfacet
facet normal 0.4747864786939136 0.8801010167301444 3.3202748300640103e-16
  outer loop
    vertex 46.24823120056711 6.987467221688038 0.0
    vertex 46.199629202994245 7.0136864520337125 6.0
    vertex 46.24823120056713 6.987467221688024 5.999999999999999
  endloop
endfacet
facet normal 0.5239379548291164 0.8517564320211988 4.082526989877896e-16
  outer loop
    vertex 46.152592484191686 7.0426199843497574 6.0
    vertex 46.19962920299424 7.013686452033718 0.0
    vertex 46.15259248419168 7.0426199843497646 0.0
  endloop
endfacet
facet normal 0.5239379548291164 0.8517564320211988 4.082526989877896e-16
  outer loop
    vertex 46.19962920299424 7.013686452033718 0.0
    vertex 46.152592484191686 7.0426199843497574 6.0
    vertex 46.199629202994245 7.0136864520337125 6.0
  endloop
endfacet
facet normal 0.5714027263669386 0.8206698022349975 6.208698759769175e-17
  outer loop
    vertex 46.11406214350383 7.069447268181735 6.0
    vertex 46.15259248419168 7.0426199843497646 0.0
    vertex 46.114062143503816 7.069447268181741 0.0
  endloop
endfacet
facet normal 0.5714027263669386 0.8206698022349975 6.208698759769175e-17
  outer loop
    vertex 46.15259248419168 7.0426199843497646 0.0
    vertex 46.11406214350383 7.069447268181735 6.0
    vertex 46.152592484191686 7.0426199843497574 6.0
  endloop
endfacet
facet normal 1.0 2.835663480741168e-15 4.0285235464969946e-16
  outer loop
    vertex 34.81294146529583 7.777507745275232 6.0
    vertex 34.81294146529583 6.783043309808851 13.199999999999998
    vertex 34.812941465295836 6.78304330980885 6.0
  endloop
endfacet
facet normal 1.0 2.835663480741168e-15 4.0285235464969946e-16
  outer loop
    vertex 34.81294146529583 6.783043309808851 13.199999999999998
    vertex 34.81294146529583 7.777507745275232 6.0
    vertex 34.81294146529583 7.777507745275232 13.199999999999998
  endloop
endfacet
facet normal -6.083879343213145e-31 -3.984927164683105e-30 -1.0
  outer loop
    vertex 44.81875360750884 7.77750774527524 13.199999999999998
    vertex 34.81294146529583 6.783043309808851 13.199999999999998
    vertex 34.81294146529583 7.777507745275232 13.199999999999998
  endloop
endfacet
facet normal -6.083879343213145e-31 -3.984927164683105e-30 -1.0
  outer loop
    vertex 34.81294146529583 6.783043309808851 13.199999999999998
    vertex 44.81875360750884 7.77750774527524 13.199999999999998
    vertex 44.679017929669335 6.786175682300825 13.199999999999998
  endloop
endfacet
facet normal -6.083879343213145e-31 -3.984927164683105e-30 -1.0
  outer loop
    vertex 44.679017929669335 6.786175682300825 13.199999999999998
    vertex 44.81875360750884 7.77750774527524 13.199999999999998
    vertex 44.73756214473248 6.776614669621398 13.199999999999998
  endloop
endfacet
facet normal -6.083879343213145e-31 -3.984927164683105e-30 -1.0
  outer loop
    vertex 44.73756214473248 6.776614669621398 13.199999999999998
    vertex 44.81875360750884 7.77750774527524 13.199999999999998
    vertex 44.76723703195041 6.761206182886907 13.199999999999998
  endloop
endfacet
facet normal -6.083879343213145e-31 -3.984927164683105e-30 -1.0
  outer loop
    vertex 44.76723703195041 6.761206182886907 13.199999999999998
    vertex 44.81875360750884 7.77750774527524 13.199999999999998
    vertex 44.8009320792072 6.746611037305704 13.199999999999998
  endloop
endfacet
facet normal -6.083879343213145e-31 -3.984927164683105e-30 -1.0
  outer loop
    vertex 44.8009320792072 6.746611037305704 13.199999999999998
    vertex 44.81875360750884 7.77750774527524 13.199999999999998
    vertex 44.83342236555962 6.7295009298568145 13.199999999999998
  endloop
endfacet
facet normal -6.083879343213145e-31 -3.984927164683105e-30 -1.0
  outer loop
    vertex 44.83342236555962 6.7295009298568145 13.199999999999998
    vertex 44.81875360750884 7.77750774527524 13.199999999999998
    vertex 44.859100270099475 7.770918623665436 13.199999999999998
  endloop
endfacet
facet normal -6.083879343213145e-31 -3.984927164683105e-30 -1.0
  outer loop
    vertex 44.83342236555962 6.7295009298568145 13.199999999999998
    vertex 44.859100270099475 7.770918623665436 13.199999999999998
    vertex 44.87445586085606 6.703469908306929 13.199999999999998
  endloop
endfacet
facet normal -6.083879343213145e-31 -3.984927164683105e-30 -1.0
  outer loop
    vertex 44.87445586085606 6.703469908306929 13.199999999999998
    vertex 44.859100270099475 7.770918623665436 13.199999999999998
    vertex 44.91436031397582 7.759724677512795 13.199999999999998
  endloop
endfacet
facet normal -6.083879343213145e-31 -3.984927164683105e-30 -1.0
  outer loop
    vertex 44.87445586085606 6.703469908306929 13.199999999999998
    vertex 44.91436031397582 7.759724677512795 13.199999999999998
    vertex 45.54607326622476 6.245312298442953 13.199999999999998
  endloop
endfacet
facet normal -6.083879343213145e-31 -3.984927164683105e-30 -1.0
  outer loop
    vertex 45.54607326622476 6.245312298442953 13.199999999999998
    vertex 44.91436031397582 7.759724677512795 13.199999999999998
    vertex 44.96915545628505 7.746440504260285 13.199999999999998
  endloop
endfacet
facet normal -6.083879343213145e-31 -3.984927164683105e-30 -1.0
  outer loop
    vertex 45.54607326622476 6.245312298442953 13.199999999999998
    vertex 44.96915545628505 7.746440504260285 13.199999999999998
    vertex 45.02340666350362 7.731085264274594 13.199999999999998
  endloop
endfacet
facet normal -6.083879343213145e-31 -3.984927164683105e-30 -1.0
  outer loop
    vertex 45.54607326622476 6.245312298442953 13.199999999999998
    vertex 45.02340666350362 7.731085264274594 13.199999999999998
    vertex 45.07703568665033 7.713681105116055 13.199999999999998
  endloop
endfacet
facet normal -6.083879343213145e-31 -3.984927164683105e-30 -1.0
  outer loop
    vertex 45.54607326622476 6.245312298442953 13.199999999999998
    vertex 45.07703568665033 7.713681105116055 13.199999999999998
    vertex 45.12996517414854 7.694253129594155 13.199999999999998
  endloop
endfacet
facet normal -6.083879343213145e-31 -3.984927164683105e-30 -1.0
  outer loop
    vertex 45.54607326622476 6.245312298442953 13.199999999999998
    vertex 45.12996517414854 7.694253129594155 13.199999999999998
    vertex 45.18211878339316 7.672829359560851 13.199999999999998
  endloop
endfacet
facet normal -6.083879343213145e-31 -3.984927164683105e-30 -1.0
  outer loop
    vertex 45.54607326622476 6.245312298442953 13.199999999999998
    vertex 45.18211878339316 7.672829359560851 13.199999999999998
    vertex 45.23342129086415 7.649440695492995 13.199999999999998
  endloop
endfacet
facet normal -6.083879343213145e-31 -3.984927164683105e-30 -1.0
  outer loop
    vertex 45.54607326622476 6.245312298442953 13.199999999999998
    vertex 45.23342129086415 7.649440695492995 13.199999999999998
    vertex 45.2837987006239 7.624120871923481 13.199999999999998
  endloop
endfacet
facet normal -6.083879343213145e-31 -3.984927164683105e-30 -1.0
  outer loop
    vertex 45.54607326622476 6.245312298442953 13.199999999999998
    vertex 45.2837987006239 7.624120871923481 13.199999999999998
    vertex 45.33317835104522 7.596906408784369 13.199999999999998
  endloop
endfacet
facet normal -6.083879343213145e-31 -3.984927164683105e-30 -1.0
  outer loop
    vertex 45.54607326622476 6.245312298442953 13.199999999999998
    vertex 45.33317835104522 7.596906408784369 13.199999999999998
    vertex 45.38148901961485 7.567836558732279 13.199999999999998
  endloop
endfacet
facet normal -6.083879343213145e-31 -3.984927164683105e-30 -1.0
  outer loop
    vertex 45.54607326622476 6.245312298442953 13.199999999999998
    vertex 45.38148901961485 7.567836558732279 13.199999999999998
    vertex 45.43064356935067 7.535655287759105 13.199999999999998
  endloop
endfacet
facet normal -6.083879343213145e-31 -3.984927164683105e-30 -1.0
  outer loop
    vertex 45.54607326622476 6.245312298442953 13.199999999999998
    vertex 45.43064356935067 7.535655287759105 13.199999999999998
    vertex 46.11406214350383 7.069447268181735 13.199999999999998
  endloop
endfacet
facet normal -6.083879343213145e-31 -3.984927164683105e-30 -1.0
  outer loop
    vertex 45.54607326622476 6.245312298442953 13.199999999999998
    vertex 46.11406214350383 7.069447268181735 13.199999999999998
    vertex 45.60399150708415 6.204985920351178 13.199999999999998
  endloop
endfacet
facet normal -6.083879343213145e-31 -3.984927164683105e-30 -1.0
  outer loop
    vertex 45.60399150708415 6.204985920351178 13.199999999999998
    vertex 46.11406214350383 7.069447268181735 13.199999999999998
    vertex 45.69941843798034 6.146286286125074 13.199999999999998
  endloop
endfacet
facet normal -6.083879343213145e-31 -3.984927164683105e-30 -1.0
  outer loop
    vertex 45.69941843798034 6.146286286125074 13.199999999999998
    vertex 46.11406214350383 7.069447268181735 13.199999999999998
    vertex 45.798020967703486 6.093093360554441 13.199999999999998
  endloop
endfacet
facet normal -6.083879343213145e-31 -3.984927164683105e-30 -1.0
  outer loop
    vertex 45.798020967703486 6.093093360554441 13.199999999999998
    vertex 46.11406214350383 7.069447268181735 13.199999999999998
    vertex 45.89948166679701 6.0455783867251 13.199999999999998
  endloop
endfacet
facet normal -6.083879343213145e-31 -3.984927164683105e-30 -1.0
  outer loop
    vertex 45.89948166679701 6.0455783867251 13.199999999999998
    vertex 46.11406214350383 7.069447268181735 13.199999999999998
    vertex 46.00347390454826 6.003894328788683 13.199999999999998
  endloop
endfacet
facet normal -6.083879343213145e-31 -3.984927164683105e-30 -1.0
  outer loop
    vertex 46.00347390454826 6.003894328788683 13.199999999999998
    vertex 46.11406214350383 7.069447268181735 13.199999999999998
    vertex 46.109662900504844 5.968175379528011 13.199999999999998
  endloop
endfacet
facet normal -6.083879343213145e-31 -3.984927164683105e-30 -1.0
  outer loop
    vertex 46.109662900504844 5.968175379528011 13.199999999999998
    vertex 46.11406214350383 7.069447268181735 13.199999999999998
    vertex 46.21770680222792 5.938536528352351 13.199999999999998
  endloop
endfacet
facet normal -6.083879343213145e-31 -3.984927164683105e-30 -1.0
  outer loop
    vertex 46.21770680222792 5.938536528352351 13.199999999999998
    vertex 46.11406214350383 7.069447268181735 13.199999999999998
    vertex 46.152592484191686 7.0426199843497574 13.199999999999998
  endloop
endfacet
facet normal -6.083879343213145e-31 -3.984927164683105e-30 -1.0
  outer loop
    vertex 46.21770680222792 5.938536528352351 13.199999999999998
    vertex 46.152592484191686 7.0426199843497574 13.199999999999998
    vertex 46.199629202994245 7.0136864520337125 13.199999999999998
  endloop
endfacet
facet normal -6.083879343213145e-31 -3.984927164683105e-30 -1.0
  outer loop
    vertex 46.21770680222792 5.938536528352351 13.199999999999998
    vertex 46.199629202994245 7.0136864520337125 13.199999999999998
    vertex 46.24823120056713 6.987467221688024 13.199999999999998
  endloop
endfacet
facet normal -6.083879343213145e-31 -3.984927164683105e-30 -1.0
  outer loop
    vertex 46.21770680222792 5.938536528352351 13.199999999999998
    vertex 46.24823120056713 6.987467221688024 13.199999999999998
    vertex 46.32725778581181 5.9150731911140815 13.199999999999998
  endloop
endfacet
facet normal -6.083879343213145e-31 -3.984927164683105e-30 -1.0
  outer loop
    vertex 46.32725778581181 5.9150731911140815 13.199999999999998
    vertex 46.24823120056713 6.987467221688024 13.199999999999998
    vertex 46.29824201332146 6.9640467004375655 13.199999999999998
  endloop
endfacet
facet normal -6.083879343213145e-31 -3.984927164683105e-30 -1.0
  outer loop
    vertex 46.32725778581181 5.9150731911140815 13.199999999999998
    vertex 46.29824201332146 6.9640467004375655 13.199999999999998
    vertex 46.34950064229351 6.943500285570307 13.199999999999998
  endloop
endfacet
facet normal -6.083879343213145e-31 -3.984927164683105e-30 -1.0
  outer loop
    vertex 46.32725778581181 5.9150731911140815 13.199999999999998
    vertex 46.34950064229351 6.943500285570307 13.199999999999998
    vertex 46.437963175627715 5.897860902937966 13.199999999999998
  endloop
endfacet
facet normal -6.083879343213145e-31 -3.984927164683105e-30 -1.0
  outer loop
    vertex 46.437963175627715 5.897860902937966 13.199999999999998
    vertex 46.34950064229351 6.943500285570307 13.199999999999998
    vertex 46.40184207144591 6.925894121812153 13.199999999999998
  endloop
endfacet
facet normal -6.083879343213145e-31 -3.984927164683105e-30 -1.0
  outer loop
    vertex 46.437963175627715 5.897860902937966 13.199999999999998
    vertex 46.40184207144591 6.925894121812153 13.199999999999998
    vertex 46.455097798900944 6.911284888388349 13.199999999999998
  endloop
endfacet
facet normal -6.083879343213145e-31 -3.984927164683105e-30 -1.0
  outer loop
    vertex 46.437963175627715 5.897860902937966 13.199999999999998
    vertex 46.455097798900944 6.911284888388349 13.199999999999998
    vertex 46.549466579686445 5.886955075052243 13.199999999999998
  endloop
endfacet
facet normal -6.083879343213145e-31 -3.984927164683105e-30 -1.0
  outer loop
    vertex 46.549466579686445 5.886955075052243 13.199999999999998
    vertex 46.455097798900944 6.911284888388349 13.199999999999998
    vertex 46.5090963793958 6.899719616557005 13.199999999999998
  endloop
endfacet
facet normal -6.083879343213145e-31 -3.984927164683105e-30 -1.0
  outer loop
    vertex 46.549466579686445 5.886955075052243 13.199999999999998
    vertex 46.5090963793958 6.899719616557005 13.199999999999998
    vertex 46.563663976213505 6.891235538202137 13.199999999999998
  endloop
endfacet
facet normal -6.083879343213145e-31 -3.984927164683105e-30 -1.0
  outer loop
    vertex 46.549466579686445 5.886955075052243 13.199999999999998
    vertex 46.563663976213505 6.891235538202137 13.199999999999998
    vertex 46.66140903696488 5.882390816404198 13.199999999999998
  endloop
endfacet
facet normal -6.083879343213145e-31 -3.984927164683105e-30 -1.0
  outer loop
    vertex 46.66140903696488 5.882390816404198 13.199999999999998
    vertex 46.563663976213505 6.891235538202137 13.199999999999998
    vertex 46.61862492081248 6.885859965973709 13.199999999999998
  endloop
endfacet
facet normal -6.083879343213145e-31 -3.984927164683105e-30 -1.0
  outer loop
    vertex 46.66140903696488 5.882390816404198 13.199999999999998
    vertex 46.61862492081248 6.885859965973709 13.199999999999998
    vertex 46.67380227835317 6.883610205360497 13.199999999999998
  endloop
endfacet
facet normal -6.083879343213145e-31 -3.984927164683105e-30 -1.0
  outer loop
    vertex 46.66140903696488 5.882390816404198 13.199999999999998
    vertex 46.67380227835317 6.883610205360497 13.199999999999998
    vertex 46.72794780628858 5.883455238354587 13.199999999999998
  endloop
endfacet
facet normal -6.083879343213145e-31 -3.984927164683105e-30 -1.0
  outer loop
    vertex 46.72794780628858 5.883455238354587 13.199999999999998
    vertex 46.67380227835317 6.883610205360497 13.199999999999998
    vertex 46.71994266567029 6.884348314008417 13.199999999999998
  endloop
endfacet
facet normal -6.083879343213145e-31 -3.984927164683105e-30 -1.0
  outer loop
    vertex 46.72794780628858 5.883455238354587 13.199999999999998
    vertex 46.71994266567029 6.884348314008417 13.199999999999998
    vertex 49.31294146529583 6.884348314008417 13.199999999999998
  endloop
endfacet
facet normal -6.083879343213145e-31 -3.984927164683105e-30 -1.0
  outer loop
    vertex 46.72794780628858 5.883455238354587 13.199999999999998
    vertex 49.31294146529583 6.884348314008417 13.199999999999998
    vertex 49.31294146529583 5.883455238354558 13.199999999999998
  endloop
endfacet
facet normal -1.879977655031932e-15 -0.0 -1.0
  outer loop
    vertex 78.96334570652652 27.12701891085213 8.65
    vertex 77.96245263087272 19.133859479585293 8.649999999999993
    vertex 77.96245263087272 27.127018910852133 8.649999999999993
  endloop
endfacet
facet normal -1.879977655031932e-15 -0.0 -1.0
  outer loop
    vertex 77.96245263087272 19.133859479585293 8.649999999999993
    vertex 78.96334570652652 27.12701891085213 8.65
    vertex 78.96334570652652 19.13385947958529 8.65
  endloop
endfacet
facet normal -7.237030135002617e-16 1.0 0.0
  outer loop
    vertex 77.96245263087272 19.133859479585293 8.649999999999993
    vertex 78.96334570652652 19.13385947958529 5.4
    vertex 77.96245263087272 19.133859479585293 5.399999999999999
  endloop
endfacet
facet normal -7.237030135002617e-16 1.0 0.0
  outer loop
    vertex 78.96334570652652 19.13385947958529 5.4
    vertex 77.96245263087272 19.133859479585293 8.649999999999993
    vertex 78.96334570652652 19.13385947958529 8.65
  endloop
endfacet
facet normal 7.237030135002617e-16 -1.0 -2.721090988519528e-30
  outer loop
    vertex 78.96334570652651 27.12701891085213 5.4
    vertex 77.96245263087272 27.127018910852133 8.649999999999993
    vertex 77.96245263087272 27.127018910852133 5.399999999999999
  endloop
endfacet
facet normal 7.237030135002617e-16 -1.0 -2.721090988519528e-30
  outer loop
    vertex 77.96245263087272 27.127018910852133 8.649999999999993
    vertex 78.96334570652651 27.12701891085213 5.4
    vertex 78.96334570652652 27.12701891085213 8.65
  endloop
endfacet
facet normal -2.072032918175534e-30 -1.1269801145165824e-14 -1.0
  outer loop
    vertex 33.83800338662126 39.97742315208289 13.200000000000005
    vertex 18.538003386621266 38.97653007642911 13.200000000000015
    vertex 18.538003386621263 39.9774231520829 13.200000000000005
  endloop
endfacet
facet normal -2.072032918175534e-30 -1.1269801145165824e-14 -1.0
  outer loop
    vertex 18.538003386621266 38.97653007642911 13.200000000000015
    vertex 33.83800338662126 39.97742315208289 13.200000000000005
    vertex 33.83800338662127 38.97653007642911 13.200000000000015
  endloop
endfacet
facet normal -1.0 -5.634900572582926e-15 -8.573476952248707e-30
  outer loop
    vertex 33.83800338662126 39.97742315208289 13.200000000000005
    vertex 33.83800338662127 38.97653007642912 6.0
    vertex 33.83800338662127 38.97653007642911 13.200000000000015
  endloop
endfacet
facet normal -1.0 -5.634900572582926e-15 -8.573476952248707e-30
  outer loop
    vertex 33.83800338662127 38.97653007642912 6.0
    vertex 33.83800338662126 39.97742315208289 13.200000000000005
    vertex 33.83800338662126 39.977423152082906 5.999999999999997
  endloop
endfacet
facet normal 6.754668396070143e-30 2.8174502862914556e-15 1.0
  outer loop
    vertex 18.538003386621266 38.97653007642916 6.0
    vertex 33.83800338662126 39.977423152082906 5.999999999999997
    vertex 18.538003386621263 39.97742315208294 5.999999999999997
  endloop
endfacet
facet normal 6.754668396070143e-30 2.8174502862914556e-15 1.0
  outer loop
    vertex 33.83800338662126 39.977423152082906 5.999999999999997
    vertex 18.538003386621266 38.97653007642916 6.0
    vertex 33.83800338662127 38.97653007642912 6.0
  endloop
endfacet
facet normal 1.0 5.634900572582895e-15 3.4370436656845883e-29
  outer loop
    vertex 18.538003386621266 38.97653007642916 6.0
    vertex 18.538003386621263 39.9774231520829 13.200000000000005
    vertex 18.538003386621266 38.97653007642911 13.200000000000015
  endloop
endfacet
facet normal 1.0 5.634900572582895e-15 3.4370436656845883e-29
  outer loop
    vertex 18.538003386621263 39.9774231520829 13.200000000000005
    vertex 18.538003386621266 38.97653007642916 6.0
    vertex 18.538003386621263 39.97742315208294 5.999999999999997
  endloop
endfacet
facet normal -9.333455467829247e-30 -1.267852628831223e-14 1.0
  outer loop
    vertex 35.98800338662127 38.976530076429235 5.999999999999985
    vertex 51.28800338662126 39.97742315208296 5.999999999999997
    vertex 35.988003386621266 39.97742315208297 5.999999999999997
  endloop
endfacet
facet normal -9.333455467829247e-30 -1.267852628831223e-14 1.0
  outer loop
    vertex 51.28800338662126 39.97742315208296 5.999999999999997
    vertex 35.98800338662127 38.976530076429235 5.999999999999985
    vertex 51.28800338662126 38.97653007642923 5.999999999999985
  endloop
endfacet
facet normal 1.0 5.634900572583228e-15 6.224807478613637e-29
  outer loop
    vertex 35.98800338662127 38.976530076429235 5.999999999999985
    vertex 35.988003386621266 39.97742315208288 13.209999999999997
    vertex 35.98800338662127 38.97653007642916 13.209999999999974
  endloop
endfacet
facet normal 1.0 5.634900572583228e-15 6.224807478613637e-29
  outer loop
    vertex 35.988003386621266 39.97742315208288 13.209999999999997
    vertex 35.98800338662127 38.976530076429235 5.999999999999985
    vertex 35.988003386621266 39.97742315208297 5.999999999999997
  endloop
endfacet
facet normal -2.363767882859257e-33 2.253960229033298e-14 -1.0
  outer loop
    vertex 51.28800338662126 39.97742315208288 13.209999999999997
    vertex 35.98800338662127 38.97653007642916 13.209999999999974
    vertex 35.988003386621266 39.97742315208288 13.209999999999997
  endloop
endfacet
facet normal -2.363767882859257e-33 2.253960229033298e-14 -1.0
  outer loop
    vertex 35.98800338662127 38.97653007642916 13.209999999999974
    vertex 51.28800338662126 39.97742315208288 13.209999999999997
    vertex 51.28800338662126 38.97653007642916 13.209999999999974
  endloop
endfacet
facet normal -1.0 0.0 0.0
  outer loop
    vertex 51.28800338662126 39.97742315208288 13.209999999999997
    vertex 51.28800338662126 38.97653007642923 5.999999999999985
    vertex 51.28800338662126 38.97653007642916 13.209999999999974
  endloop
endfacet
facet normal -1.0 0.0 0.0
  outer loop
    vertex 51.28800338662126 38.97653007642923 5.999999999999985
    vertex 51.28800338662126 39.97742315208288 13.209999999999997
    vertex 51.28800338662126 39.97742315208296 5.999999999999997
  endloop
endfacet
facet normal 1.0 0.0 0.0
  outer loop
    vertex 53.43800338662127 38.97653007642907 5.9999999999999964
    vertex 53.43800338662127 39.97742315208288 13.200000000000005
    vertex 53.43800338662127 38.97653007642906 13.199999999999998
  endloop
endfacet
facet normal 1.0 0.0 0.0
  outer loop
    vertex 53.43800338662127 39.97742315208288 13.200000000000005
    vertex 53.43800338662127 38.97653007642907 5.9999999999999964
    vertex 53.43800338662127 39.97742315208289 5.999999999999997
  endloop
endfacet
facet normal 2.087866794409364e-30 5.6349005725827046e-15 -1.0
  outer loop
    vertex 68.73800338662126 39.97742315208288 13.200000000000005
    vertex 53.43800338662127 38.97653007642906 13.199999999999998
    vertex 53.43800338662127 39.97742315208288 13.200000000000005
  endloop
endfacet
facet normal 2.087866794409364e-30 5.6349005725827046e-15 -1.0
  outer loop
    vertex 53.43800338662127 38.97653007642906 13.199999999999998
    vertex 68.73800338662126 39.97742315208288 13.200000000000005
    vertex 68.73800338662126 38.97653007642905 13.199999999999998
  endloop
endfacet
facet normal -1.0 0.0 0.0
  outer loop
    vertex 68.73800338662126 39.97742315208288 13.200000000000005
    vertex 68.73800338662126 38.97653007642907 5.9999999999999964
    vertex 68.73800338662126 38.97653007642905 13.199999999999998
  endloop
endfacet
facet normal -1.0 0.0 0.0
  outer loop
    vertex 68.73800338662126 38.97653007642907 5.9999999999999964
    vertex 68.73800338662126 39.97742315208288 13.200000000000005
    vertex 68.73800338662126 39.9774231520829 5.999999999999997
  endloop
endfacet
facet normal 0.9540501484464845 -0.2996469827133938 0.0
  outer loop
    vertex 8.640093782890613 32.720685215648075 0.0
    vertex 8.600256467674383 32.59384663996281 24.500000000000004
    vertex 8.600256467674383 32.59384663996281 0.0
  endloop
endfacet
facet normal 0.9540501484464845 -0.2996469827133938 0.0
  outer loop
    vertex 8.600256467674383 32.59384663996281 24.500000000000004
    vertex 8.640093782890613 32.720685215648075 0.0
    vertex 8.640093782890613 32.720685215648075 24.500000000000004
  endloop
endfacet
facet normal 0.0 0.0 1.0
  outer loop
    vertex 10.544448717567139 11.23533099461277 0.0
    vertex 10.503051233178684 12.561986836725353 0.0
    vertex 10.503051233178637 11.755950770482709 0.0
  endloop
endfacet
facet normal 0.0 0.0 1.0
  outer loop
    vertex 12.128322720201854 8.577973023365029 0.0
    vertex 11.968993708079964 11.9258551760754 0.0
    vertex 11.726008939766876 8.921018949865514 0.0
  endloop
endfacet
facet normal 0.0 0.0 1.0
  outer loop
    vertex 11.968993708079964 11.9258551760754 0.0
    vertex 12.128322720201854 8.577973023365029 0.0
    vertex 12.062697685785025 11.214102802043469 0.0
  endloop
endfacet
facet normal 0.0 0.0 1.0
  outer loop
    vertex 12.062697685785025 11.214102802043469 0.0
    vertex 12.128322720201854 8.577973023365029 0.0
    vertex 12.337423847672758 10.5508551760754 0.0
  endloop
endfacet
facet normal 0.0 0.0 1.0
  outer loop
    vertex 12.337423847672758 10.5508551760754 0.0
    vertex 12.128322720201854 8.577973023365029 0.0
    vertex 12.57197112901673 8.290374388158737 0.0
  endloop
endfacet
facet normal 0.0 0.0 1.0
  outer loop
    vertex 12.337423847672758 10.5508551760754 0.0
    vertex 12.57197112901673 8.290374388158737 0.0
    vertex 12.774450059816958 9.981311527812395 0.0
  endloop
endfacet
facet normal 0.0 0.0 1.0
  outer loop
    vertex 12.774450059816958 9.981311527812395 0.0
    vertex 12.57197112901673 8.290374388158737 0.0
    vertex 13.049363218934019 8.063143936632434 0.0
  endloop
endfacet
facet normal 0.0 0.0 1.0
  outer loop
    vertex 12.774450059816958 9.981311527812395 0.0
    vertex 13.049363218934019 8.063143936632434 0.0
    vertex 13.343993708079964 9.544285315668194 0.0
  endloop
endfacet
facet normal 0.0 0.0 1.0
  outer loop
    vertex 13.343993708079964 9.544285315668194 0.0
    vertex 13.049363218934019 8.063143936632434 0.0
    vertex 13.55233067893723 7.900169644811897 0.0
  endloop
endfacet
facet normal 0.0 0.0 1.0
  outer loop
    vertex 13.343993708079964 9.544285315668194 0.0
    vertex 13.55233067893723 7.900169644811897 0.0
    vertex 14.007241334048032 9.269559153780463 0.0
  endloop
endfacet
facet normal 0.0 0.0 1.0
  outer loop
    vertex 14.007241334048032 9.269559153780463 0.0
    vertex 13.55233067893723 7.900169644811897 0.0
    vertex 14.072267596336753 7.804240048015223 0.0
  endloop
endfacet
facet normal 0.0 0.0 1.0
  outer loop
    vertex 14.007241334048032 9.269559153780463 0.0
    vertex 14.072267596336753 7.804240048015223 0.0
    vertex 14.718993708079964 9.1758551760754 0.0
  endloop
endfacet
facet normal 0.0 0.0 1.0
  outer loop
    vertex 14.718993708079964 9.1758551760754 0.0
    vertex 14.072267596336753 7.804240048015223 0.0
    vertex 14.590369744168427 7.777507745275218 0.0
  endloop
endfacet
facet normal 0.0 0.0 1.0
  outer loop
    vertex 14.718993708079964 9.1758551760754 0.0
    vertex 14.590369744168427 7.777507745275218 0.0
    vertex 44.818753607508846 7.7775077452752415 0.0
  endloop
endfacet
facet normal 0.0 0.0 1.0
  outer loop
    vertex 14.718993708079964 9.1758551760754 0.0
    vertex 44.818753607508846 7.7775077452752415 0.0
    vertex 72.88868765491155 9.175855176075405 0.0
  endloop
endfacet
facet normal 0.0 0.0 1.0
  outer loop
    vertex 72.88868765491155 9.175855176075405 0.0
    vertex 44.818753607508846 7.7775077452752415 0.0
    vertex 44.859100270099475 7.770918623665437 0.0
  endloop
endfacet
facet normal 0.0 0.0 1.0
  outer loop
    vertex 72.88868765491155 9.175855176075405 0.0
    vertex 44.859100270099475 7.770918623665437 0.0
    vertex 44.91436031397582 7.759724677512795 0.0
  endloop
endfacet
facet normal 0.0 0.0 1.0
  outer loop
    vertex 72.88868765491155 9.175855176075405 0.0
    vertex 44.91436031397582 7.759724677512795 0.0
    vertex 44.969155456285044 7.746440504260284 0.0
  endloop
endfacet
facet normal 0.0 0.0 1.0
  outer loop
    vertex 72.88868765491155 9.175855176075405 0.0
    vertex 44.969155456285044 7.746440504260284 0.0
    vertex 45.02340666350362 7.731085264274591 0.0
  endloop
endfacet
facet normal 0.0 0.0 1.0
  outer loop
    vertex 72.88868765491155 9.175855176075405 0.0
    vertex 45.02340666350362 7.731085264274591 0.0
    vertex 45.07703568665034 7.713681105116052 0.0
  endloop
endfacet
facet normal 0.0 0.0 1.0
  outer loop
    vertex 72.88868765491155 9.175855176075405 0.0
    vertex 45.07703568665034 7.713681105116052 0.0
    vertex 45.12996517414853 7.694253129594162 0.0
  endloop
endfacet
facet normal 0.0 0.0 1.0
  outer loop
    vertex 72.88868765491155 9.175855176075405 0.0
    vertex 45.12996517414853 7.694253129594162 0.0
    vertex 45.18211878339314 7.6728293595608585 0.0
  endloop
endfacet
facet normal 0.0 0.0 1.0
  outer loop
    vertex 72.88868765491155 9.175855176075405 0.0
    vertex 45.18211878339314 7.6728293595608585 0.0
    vertex 45.23342129086414 7.649440695492997 0.0
  endloop
endfacet
facet normal 0.0 0.0 1.0
  outer loop
    vertex 72.88868765491155 9.175855176075405 0.0
    vertex 45.23342129086414 7.649440695492997 0.0
    vertex 45.2837987006239 7.624120871923486 0.0
  endloop
endfacet
facet normal 0.0 0.0 1.0
  outer loop
    vertex 72.88868765491155 9.175855176075405 0.0
    vertex 45.2837987006239 7.624120871923486 0.0
    vertex 45.33317835104522 7.596906408784369 0.0
  endloop
endfacet
facet normal 0.0 0.0 1.0
  outer loop
    vertex 72.88868765491155 9.175855176075405 0.0
    vertex 45.33317835104522 7.596906408784369 0.0
    vertex 45.38148901961484 7.567836558732282 0.0
  endloop
endfacet
facet normal 0.0 0.0 1.0
  outer loop
    vertex 72.88868765491155 9.175855176075405 0.0
    vertex 45.38148901961484 7.567836558732282 0.0
    vertex 45.43064356935067 7.53565528775911 0.0
  endloop
endfacet
facet normal 0.0 0.0 1.0
  outer loop
    vertex 72.88868765491155 9.175855176075405 0.0
    vertex 45.43064356935067 7.53565528775911 0.0
    vertex 46.114062143503816 7.069447268181741 0.0
  endloop
endfacet
facet normal 0.0 0.0 1.0
  outer loop
    vertex 72.88868765491155 9.175855176075405 0.0
    vertex 46.114062143503816 7.069447268181741 0.0
    vertex 46.15259248419168 7.0426199843497646 0.0
  endloop
endfacet
facet normal 0.0 0.0 1.0
  outer loop
    vertex 72.88868765491155 9.175855176075405 0.0
    vertex 46.15259248419168 7.0426199843497646 0.0
    vertex 46.19962920299424 7.013686452033718 0.0
  endloop
endfacet
facet normal 0.0 0.0 1.0
  outer loop
    vertex 72.88868765491155 9.175855176075405 0.0
    vertex 46.19962920299424 7.013686452033718 0.0
    vertex 46.24823120056711 6.987467221688038 0.0
  endloop
endfacet
facet normal 0.0 0.0 1.0
  outer loop
    vertex 72.88868765491155 9.175855176075405 0.0
    vertex 46.24823120056711 6.987467221688038 0.0
    vertex 46.298242013321456 6.9640467004375735 0.0
  endloop
endfacet
facet normal 0.0 0.0 1.0
  outer loop
    vertex 72.88868765491155 9.175855176075405 0.0
    vertex 46.298242013321456 6.9640467004375735 0.0
    vertex 46.34950064229351 6.943500285570308 0.0
  endloop
endfacet
facet normal 0.0 0.0 1.0
  outer loop
    vertex 72.88868765491155 9.175855176075405 0.0
    vertex 46.34950064229351 6.943500285570308 0.0
    vertex 46.4018420714459 6.9258941218121555 0.0
  endloop
endfacet
facet normal 0.0 0.0 1.0
  outer loop
    vertex 72.88868765491155 9.175855176075405 0.0
    vertex 46.4018420714459 6.9258941218121555 0.0
    vertex 46.45509779890093 6.91128488838835 0.0
  endloop
endfacet
facet normal 0.0 0.0 1.0
  outer loop
    vertex 72.88868765491155 9.175855176075405 0.0
    vertex 46.45509779890093 6.91128488838835 0.0
    vertex 46.5090963793958 6.899719616557005 0.0
  endloop
endfacet
facet normal 0.0 0.0 1.0
  outer loop
    vertex 72.88868765491155 9.175855176075405 0.0
    vertex 46.5090963793958 6.899719616557005 0.0
    vertex 46.563663976213505 6.891235538202137 0.0
  endloop
endfacet
facet normal 0.0 0.0 1.0
  outer loop
    vertex 72.88868765491155 9.175855176075405 0.0
    vertex 46.563663976213505 6.891235538202137 0.0
    vertex 46.61862492081248 6.885859965973709 0.0
  endloop
endfacet
facet normal 0.0 0.0 1.0
  outer loop
    vertex 72.88868765491155 9.175855176075405 0.0
    vertex 46.61862492081248 6.885859965973709 0.0
    vertex 46.67380227835317 6.883610205360495 0.0
  endloop
endfacet
facet normal 0.0 0.0 1.0
  outer loop
    vertex 72.88868765491155 9.175855176075405 0.0
    vertex 46.67380227835317 6.883610205360495 0.0
    vertex 46.71994266567029 6.884348314008417 0.0
  endloop
endfacet
facet normal 0.0 0.0 1.0
  outer loop
    vertex 72.88868765491155 9.175855176075405 0.0
    vertex 46.71994266567029 6.884348314008417 0.0
    vertex 70.89789191973179 6.884348314008415 0.0
  endloop
endfacet
facet normal 0.0 0.0 1.0
  outer loop
    vertex 72.88868765491155 9.175855176075405 0.0
    vertex 70.89789191973179 6.884348314008415 0.0
    vertex 70.97675487534755 6.88569929270366 0.0
  endloop
endfacet
facet normal 0.0 0.0 1.0
  outer loop
    vertex 72.88868765491155 9.175855176075405 0.0
    vertex 70.97675487534755 6.88569929270366 0.0
    vertex 71.0576597728115 6.889860425220846 0.0
  endloop
endfacet
facet normal 0.0 0.0 1.0
  outer loop
    vertex 72.88868765491155 9.175855176075405 0.0
    vertex 71.0576597728115 6.889860425220846 0.0
    vertex 71.13837467477411 6.896790220211422 0.0
  endloop
endfacet
facet normal 0.0 0.0 1.0
  outer loop
    vertex 72.88868765491155 9.175855176075405 0.0
    vertex 71.13837467477411 6.896790220211422 0.0
    vertex 71.21880486221784 6.906480545554089 0.0
  endloop
endfacet
facet normal 0.0 0.0 1.0
  outer loop
    vertex 72.88868765491155 9.175855176075405 0.0
    vertex 71.21880486221784 6.906480545554089 0.0
    vertex 71.29885595023711 6.918920029642354 0.0
  endloop
endfacet
facet normal 0.0 0.0 1.0
  outer loop
    vertex 72.88868765491155 9.175855176075405 0.0
    vertex 71.29885595023711 6.918920029642354 0.0
    vertex 71.37843399880055 6.93409407472926 0.0
  endloop
endfacet
facet normal 0.0 0.0 1.0
  outer loop
    vertex 72.88868765491155 9.175855176075405 0.0
    vertex 71.37843399880055 6.93409407472926 0.0
    vertex 71.45744562298877 6.951984874057767 0.0
  endloop
endfacet
facet normal 0.0 0.0 1.0
  outer loop
    vertex 72.88868765491155 9.175855176075405 0.0
    vertex 71.45744562298877 6.951984874057767 0.0
    vertex 71.53579810258186 6.972571432756991 0.0
  endloop
endfacet
facet normal 0.0 0.0 1.0
  outer loop
    vertex 72.88868765491155 9.175855176075405 0.0
    vertex 71.53579810258186 6.972571432756991 0.0
    vertex 71.61339949086681 6.995829592479748 0.0
  endloop
endfacet
facet normal 0.0 0.0 1.0
  outer loop
    vertex 72.88868765491155 9.175855176075405 0.0
    vertex 71.61339949086681 6.995829592479748 0.0
    vertex 71.69015872253748 7.021732059752519 0.0
  endloop
endfacet
facet normal 0.0 0.0 1.0
  outer loop
    vertex 72.88868765491155 9.175855176075405 0.0
    vertex 71.69015872253748 7.021732059752519 0.0
    vertex 71.76598572055845 7.050248438003979 0.0
  endloop
endfacet
facet normal 0.0 0.0 1.0
  outer loop
    vertex 72.88868765491155 9.175855176075405 0.0
    vertex 71.76598572055845 7.050248438003979 0.0
    vertex 71.86058669714456 7.089574142301199 0.0
  endloop
endfacet
facet normal 0.0 0.0 1.0
  outer loop
    vertex 72.88868765491155 9.175855176075405 0.0
    vertex 71.86058669714456 7.089574142301199 0.0
    vertex 72.61201833335303 7.602928428423835 0.0
  endloop
endfacet
facet normal 0.0 0.0 1.0
  outer loop
    vertex 72.88868765491155 9.175855176075405 0.0
    vertex 72.61201833335303 7.602928428423835 0.0
    vertex 72.65218451822558 7.636415349952888 0.0
  endloop
endfacet
facet normal 0.0 0.0 1.0
  outer loop
    vertex 72.88868765491155 9.175855176075405 0.0
    vertex 72.65218451822558 7.636415349952888 0.0
    vertex 72.67945535192318 7.656934553406261 0.0
  endloop
endfacet
facet normal 0.0 0.0 1.0
  outer loop
    vertex 72.88868765491155 9.175855176075405 0.0
    vertex 72.67945535192318 7.656934553406261 0.0
    vertex 72.70771591627478 7.676067681311987 0.0
  endloop
endfacet
facet normal 0.0 0.0 1.0
  outer loop
    vertex 72.88868765491155 9.175855176075405 0.0
    vertex 72.70771591627478 7.676067681311987 0.0
    vertex 72.73689582841816 7.693767082664623 0.0
  endloop
endfacet
facet normal 0.0 0.0 1.0
  outer loop
    vertex 72.88868765491155 9.175855176075405 0.0
    vertex 72.73689582841816 7.693767082664623 0.0
    vertex 72.76692241585747 7.709988677150799 0.0
  endloop
endfacet
facet normal 0.0 0.0 1.0
  outer loop
    vertex 72.88868765491155 9.175855176075405 0.0
    vertex 72.76692241585747 7.709988677150799 0.0
    vertex 72.7977208974548 7.724692064931652 0.0
  endloop
endfacet
facet normal 0.0 0.0 1.0
  outer loop
    vertex 72.88868765491155 9.175855176075405 0.0
    vertex 72.7977208974548 7.724692064931652 0.0
    vertex 72.82921456967124 7.737840627257881 0.0
  endloop
endfacet
facet normal 0.0 0.0 1.0
  outer loop
    vertex 72.88868765491155 9.175855176075405 0.0
    vertex 72.82921456967124 7.737840627257881 0.0
    vertex 72.86132499759805 7.749401617669202 0.0
  endloop
endfacet
facet normal 0.0 0.0 1.0
  outer loop
    vertex 72.88868765491155 9.175855176075405 0.0
    vertex 72.86132499759805 7.749401617669202 0.0
    vertex 72.8939722102974 7.759346243548861 0.0
  endloop
endfacet
facet normal 0.0 0.0 1.0
  outer loop
    vertex 72.88868765491155 9.175855176075405 0.0
    vertex 72.8939722102974 7.759346243548861 0.0
    vertex 73.60044002894348 9.269559153780467 0.0
  endloop
endfacet
facet normal 0.0 0.0 1.0
  outer loop
    vertex 73.60044002894348 9.269559153780467 0.0
    vertex 72.8939722102974 7.759346243548861 0.0
    vertex 72.92707489997095 7.767649737831942 0.0
  endloop
endfacet
facet normal 0.0 0.0 1.0
  outer loop
    vertex 73.60044002894348 9.269559153780467 0.0
    vertex 72.92707489997095 7.767649737831942 0.0
    vertex 72.96055062445565 7.774291420687418 0.0
  endloop
endfacet
facet normal 0.0 0.0 1.0
  outer loop
    vertex 73.60044002894348 9.269559153780467 0.0
    vertex 72.96055062445565 7.774291420687418 0.0
    vertex 72.99053628454803 7.778699151346969 0.0
  endloop
endfacet
facet normal 0.0 0.0 1.0
  outer loop
    vertex 73.60044002894348 9.269559153780467 0.0
    vertex 72.99053628454803 7.778699151346969 0.0
    vertex 73.48484447375596 7.811097821765588 0.0
  endloop
endfacet
facet normal 0.0 0.0 1.0
  outer loop
    vertex 73.60044002894348 9.269559153780467 0.0
    vertex 73.48484447375596 7.811097821765588 0.0
    vertex 73.99658962793356 7.912890261878123 0.0
  endloop
endfacet
facet normal 0.0 0.0 1.0
  outer loop
    vertex 73.60044002894348 9.269559153780467 0.0
    vertex 73.99658962793356 7.912890261878123 0.0
    vertex 74.26368765491155 9.544285315668198 0.0
  endloop
endfacet
facet normal 0.0 0.0 1.0
  outer loop
    vertex 74.26368765491155 9.544285315668198 0.0
    vertex 73.99658962793356 7.912890261878123 0.0
    vertex 74.49067015177121 8.08060799991626 0.0
  endloop
endfacet
facet normal 0.0 0.0 1.0
  outer loop
    vertex 74.26368765491155 9.544285315668198 0.0
    vertex 74.49067015177121 8.08060799991626 0.0
    vertex 74.83323130317456 9.981311527812398 0.0
  endloop
endfacet
facet normal 0.0 0.0 1.0
  outer loop
    vertex 74.83323130317456 9.981311527812398 0.0
    vertex 74.49067015177121 8.08060799991626 0.0
    vertex 74.95863219052106 8.311381338882036 0.0
  endloop
endfacet
facet normal 0.0 0.0 1.0
  outer loop
    vertex 74.83323130317456 9.981311527812398 0.0
    vertex 74.95863219052106 8.311381338882036 0.0
    vertex 75.27025751531876 10.550855176075402 0.0
  endloop
endfacet
facet normal 0.0 0.0 1.0
  outer loop
    vertex 75.27025751531876 10.550855176075402 0.0
    vertex 74.95863219052106 8.311381338882036 0.0
    vertex 75.3924687839565 8.601261682963269 0.0
  endloop
endfacet
facet normal 0.0 0.0 1.0
  outer loop
    vertex 75.27025751531876 10.550855176075402 0.0
    vertex 75.3924687839565 8.601261682963269 0.0
    vertex 75.54498367720649 11.214102802043467 0.0
  endloop
endfacet
facet normal 0.0 0.0 1.0
  outer loop
    vertex 75.54498367720649 11.214102802043467 0.0
    vertex 75.3924687839565 8.601261682963269 0.0
    vertex 75.78475686768161 8.945289099102729 0.0
  endloop
endfacet
facet normal 0.0 0.0 1.0
  outer loop
    vertex 75.54498367720649 11.214102802043467 0.0
    vertex 75.78475686768161 8.945289099102729 0.0
    vertex 75.63868765491155 11.9258551760754 0.0
  endloop
endfacet
facet normal 0.0 0.0 1.0
  outer loop
    vertex 75.63868765491155 11.9258551760754 0.0
    vertex 75.78475686768161 8.945289099102729 0.0
    vertex 75.63868765491155 34.988182645628854 0.0
  endloop
endfacet
facet normal 0.0 0.0 1.0
  outer loop
    vertex 8.56506648384479 30.673525354373698 0.0
    vertex 8.528896104438546 32.07263733111677 0.0
    vertex 8.528896104438546 30.83629314157635 0.0
  endloop
endfacet
facet normal 0.0 0.0 1.0
  outer loop
    vertex 8.528896104438546 32.07263733111677 0.0
    vertex 8.56506648384479 30.673525354373698 0.0
    vertex 8.533247975667432 32.20128998782027 0.0
  endloop
endfacet
facet normal 0.0 0.0 1.0
  outer loop
    vertex 8.533247975667432 32.20128998782027 0.0
    vertex 8.56506648384479 30.673525354373698 0.0
    vertex 8.546711167489882 32.33355403596438 0.0
  endloop
endfacet
facet normal 0.0 0.0 1.0
  outer loop
    vertex 8.546711167489882 32.33355403596438 0.0
    vertex 8.56506648384479 30.673525354373698 0.0
    vertex 8.56908142153584 32.464605963456634 0.0
  endloop
endfacet
facet normal 0.0 0.0 1.0
  outer loop
    vertex 8.56908142153584 32.464605963456634 0.0
    vertex 8.56506648384479 30.673525354373698 0.0
    vertex 8.609305934104382 30.53067670866551 0.0
  endloop
endfacet
facet normal 0.0 0.0 1.0
  outer loop
    vertex 8.56908142153584 32.464605963456634 0.0
    vertex 8.609305934104382 30.53067670866551 0.0
    vertex 8.600256467674383 32.59384663996281 0.0
  endloop
endfacet
facet normal 0.0 0.0 1.0
  outer loop
    vertex 8.600256467674383 32.59384663996281 0.0
    vertex 8.609305934104382 30.53067670866551 0.0
    vertex 8.640093782890613 32.720685215648075 0.0
  endloop
endfacet
facet normal 0.0 0.0 1.0
  outer loop
    vertex 8.640093782890613 32.720685215648075 0.0
    vertex 8.609305934104382 30.53067670866551 0.0
    vertex 8.665049948904503 30.391912630626887 0.0
  endloop
endfacet
facet normal 0.0 0.0 1.0
  outer loop
    vertex 8.640093782890613 32.720685215648075 0.0
    vertex 8.665049948904503 30.391912630626887 0.0
    vertex 8.688411242858454 32.844541822366395 0.0
  endloop
endfacet
facet normal 0.0 0.0 1.0
  outer loop
    vertex 8.688411242858454 32.844541822366395 0.0
    vertex 8.665049948904503 30.391912630626887 0.0
    vertex 8.731927018799654 30.2581579220661 0.0
  endloop
endfacet
facet normal 0.0 0.0 1.0
  outer loop
    vertex 8.688411242858454 32.844541822366395 0.0
    vertex 8.731927018799654 30.2581579220661 0.0
    vertex 8.744987954558638 32.96485022464446 0.0
  endloop
endfacet
facet normal 0.0 0.0 1.0
  outer loop
    vertex 8.744987954558638 32.96485022464446 0.0
    vertex 8.731927018799654 30.2581579220661 0.0
    vertex 8.8094914374079 30.13030399953764 0.0
  endloop
endfacet
facet normal 0.0 0.0 1.0
  outer loop
    vertex 8.744987954558638 32.96485022464446 0.0
    vertex 8.8094914374079 30.13030399953764 0.0
    vertex 8.809565266135884 33.081060408341806 0.0
  endloop
endfacet
facet normal 0.0 0.0 1.0
  outer loop
    vertex 8.809565266135884 33.081060408341806 0.0
    vertex 8.8094914374079 30.13030399953764 0.0
    vertex 8.897226271848622 30.009202953441417 0.0
  endloop
endfacet
facet normal 0.0 0.0 1.0
  outer loop
    vertex 8.809565266135884 33.081060408341806 0.0
    vertex 8.897226271848622 30.009202953441417 0.0
    vertex 8.881847949377912 33.19264109515118 0.0
  endloop
endfacet
facet normal 0.0 0.0 1.0
  outer loop
    vertex 8.881847949377912 33.19264109515118 0.0
    vertex 8.897226271848622 30.009202953441417 0.0
    vertex 8.961505549410832 33.29908217144462 0.0
  endloop
endfacet
facet normal 0.0 0.0 1.0
  outer loop
    vertex 8.961505549410832 33.29908217144462 0.0
    vertex 8.897226271848622 30.009202953441417 0.0
    vertex 8.99454680787386 29.895661869213306 0.0
  endloop
endfacet
facet normal 0.0 0.0 1.0
  outer loop
    vertex 8.961505549410832 33.29908217144462 0.0
    vertex 8.99454680787386 29.895661869213306 0.0
    vertex 9.048173895440389 33.39989702036095 0.0
  endloop
endfacet
facet normal 0.0 0.0 1.0
  outer loop
    vertex 9.048173895440389 33.39989702036095 0.0
    vertex 8.99454680787386 29.895661869213306 0.0
    vertex 9.100804446732703 29.79043744845415 0.0
  endloop
endfacet
facet normal 0.0 0.0 1.0
  outer loop
    vertex 9.048173895440389 33.39989702036095 0.0
    vertex 9.100804446732703 29.79043744845415 0.0
    vertex 9.129600493678536 33.48258483303518 0.0
  endloop
endfacet
facet normal 0.0 0.0 1.0
  outer loop
    vertex 9.129600493678536 33.48258483303518 0.0
    vertex 9.100804446732703 29.79043744845415 0.0
    vertex 9.215291027797747 29.694230965845236 0.0
  endloop
endfacet
facet normal 0.0 0.0 1.0
  outer loop
    vertex 9.129600493678536 33.48258483303518 0.0
    vertex 9.215291027797747 29.694230965845236 0.0
    vertex 10.510287382818994 35.089089745216235 0.0
  endloop
endfacet
facet normal 0.0 0.0 1.0
  outer loop
    vertex 10.510287382818994 35.089089745216235 0.0
    vertex 9.215291027797747 29.694230965845236 0.0
    vertex 9.337243548145743 29.607683595459388 0.0
  endloop
endfacet
facet normal 0.0 0.0 1.0
  outer loop
    vertex 10.510287382818994 35.089089745216235 0.0
    vertex 9.337243548145743 29.607683595459388 0.0
    vertex 9.465849247637916 29.531372137616643 0.0
  endloop
endfacet
facet normal 0.0 0.0 1.0
  outer loop
    vertex 10.510287382818994 35.089089745216235 0.0
    vertex 9.465849247637916 29.531372137616643 0.0
    vertex 9.597332021568796 29.46722919037066 0.0
  endloop
endfacet
facet normal 0.0 0.0 1.0
  outer loop
    vertex 10.510287382818994 35.089089745216235 0.0
    vertex 9.597332021568796 29.46722919037066 0.0
    vertex 11.313934706115052 28.745064635848223 0.0
  endloop
endfacet
facet normal 0.0 0.0 1.0
  outer loop
    vertex 10.510287382818994 35.089089745216235 0.0
    vertex 11.313934706115052 28.745064635848223 0.0
    vertex 10.544448717567072 35.518706827091464 0.0
  endloop
endfacet
facet normal 0.0 0.0 1.0
  outer loop
    vertex 10.544448717567072 35.518706827091464 0.0
    vertex 11.313934706115052 28.745064635848223 0.0
    vertex 10.654792570688327 36.03577657064149 0.0
  endloop
endfacet
facet normal 0.0 0.0 1.0
  outer loop
    vertex 10.654792570688327 36.03577657064149 0.0
    vertex 11.313934706115052 28.745064635848223 0.0
    vertex 10.831683561587333 36.53401994787309 0.0
  endloop
endfacet
facet normal 0.0 0.0 1.0
  outer loop
    vertex 10.831683561587333 36.53401994787309 0.0
    vertex 11.313934706115052 28.745064635848223 0.0
    vertex 11.072095036366383 37.00491187646291 0.0
  endloop
endfacet
facet normal 0.0 0.0 1.0
  outer loop
    vertex 11.072095036366383 37.00491187646291 0.0
    vertex 11.313934706115052 28.745064635848223 0.0
    vertex 11.371913488037404 37.440395264956784 0.0
  endloop
endfacet
facet normal 0.0 0.0 1.0
  outer loop
    vertex 10.503051233178684 12.561986836725353 0.0
    vertex 8.528896104438546 17.21709509649457 0.0
    vertex 8.528896104438546 15.489706453272744 0.0
  endloop
endfacet
facet normal 0.0 0.0 1.0
  outer loop
    vertex 8.528896104438546 17.21709509649457 0.0
    vertex 10.503051233178684 12.561986836725353 0.0
    vertex 8.57140459432672 17.385733187569944 0.0
  endloop
endfacet
facet normal 0.0 0.0 1.0
  outer loop
    vertex 8.57140459432672 17.385733187569944 0.0
    vertex 10.503051233178684 12.561986836725353 0.0
    vertex 8.620738624230059 17.530651508971225 0.0
  endloop
endfacet
facet normal 0.0 0.0 1.0
  outer loop
    vertex 8.620738624230059 17.530651508971225 0.0
    vertex 10.503051233178684 12.561986836725353 0.0
    vertex 8.681663898485372 17.67109109506141 0.0
  endloop
endfacet
facet normal 0.0 0.0 1.0
  outer loop
    vertex 8.681663898485372 17.67109109506141 0.0
    vertex 10.503051233178684 12.561986836725353 0.0
    vertex 8.753778976029842 17.80612657919437 0.0
  endloop
endfacet
facet normal 0.0 0.0 1.0
  outer loop
    vertex 8.753778976029842 17.80612657919437 0.0
    vertex 10.503051233178684 12.561986836725353 0.0
    vertex 8.836608685372996 17.934868202744777 0.0
  endloop
endfacet
facet normal 0.0 0.0 1.0
  outer loop
    vertex 8.836608685372996 17.934868202744777 0.0
    vertex 10.503051233178684 12.561986836725353 0.0
    vertex 8.92960725553624 18.056467677792398 0.0
  endloop
endfacet
facet normal 0.0 0.0 1.0
  outer loop
    vertex 8.92960725553624 18.056467677792398 0.0
    vertex 10.503051233178684 12.561986836725353 0.0
    vertex 9.032161912177516 18.17012377655293 0.0
  endloop
endfacet
facet normal 0.0 0.0 1.0
  outer loop
    vertex 9.032161912177516 18.17012377655293 0.0
    vertex 10.503051233178684 12.561986836725353 0.0
    vertex 9.143596915205968 18.275087610726032 0.0
  endloop
endfacet
facet normal 0.0 0.0 1.0
  outer loop
    vertex 9.143596915205968 18.275087610726032 0.0
    vertex 10.503051233178684 12.561986836725353 0.0
    vertex 9.263178011282593 18.370667565974905 0.0
  endloop
endfacet
facet normal 0.0 0.0 1.0
  outer loop
    vertex 9.263178011282593 18.370667565974905 0.0
    vertex 10.503051233178684 12.561986836725353 0.0
    vertex 9.390117271868913 18.456233859023445 0.0
  endloop
endfacet
facet normal 0.0 0.0 1.0
  outer loop
    vertex 9.390117271868913 18.456233859023445 0.0
    vertex 10.503051233178684 12.561986836725353 0.0
    vertex 9.523578284945284 18.531222687343966 0.0
  endloop
endfacet
facet normal 0.0 0.0 1.0
  outer loop
    vertex 9.523578284945284 18.531222687343966 0.0
    vertex 10.503051233178684 12.561986836725353 0.0
    vertex 9.6580750421968 18.593023225103813 0.0
  endloop
endfacet
facet normal 0.0 0.0 1.0
  outer loop
    vertex 9.6580750421968 18.593023225103813 0.0
    vertex 10.503051233178684 12.561986836725353 0.0
    vertex 11.313934706115052 19.27391221771433 0.0
  endloop
endfacet
facet normal 0.0 0.0 1.0
  outer loop
    vertex 11.313934706115052 19.27391221771433 0.0
    vertex 10.503051233178684 12.561986836725353 0.0
    vertex 10.544448717567139 11.23533099461277 0.0
  endloop
endfacet
facet normal 0.0 0.0 1.0
  outer loop
    vertex 11.313934706115052 19.27391221771433 0.0
    vertex 10.544448717567139 11.23533099461277 0.0
    vertex 10.654792570688375 10.718261251062808 0.0
  endloop
endfacet
facet normal 0.0 0.0 1.0
  outer loop
    vertex 11.313934706115052 19.27391221771433 0.0
    vertex 10.654792570688375 10.718261251062808 0.0
    vertex 10.831683561587417 10.220017873831123 0.0
  endloop
endfacet
facet normal 0.0 0.0 1.0
  outer loop
    vertex 11.313934706115052 19.27391221771433 0.0
    vertex 10.831683561587417 10.220017873831123 0.0
    vertex 11.072095036366473 9.749125945241309 0.0
  endloop
endfacet
facet normal 0.0 0.0 1.0
  outer loop
    vertex 11.313934706115052 19.27391221771433 0.0
    vertex 11.072095036366473 9.749125945241309 0.0
    vertex 11.371913488037452 9.313642556747471 0.0
  endloop
endfacet
facet normal 0.0 0.0 1.0
  outer loop
    vertex 11.313934706115052 19.27391221771433 0.0
    vertex 11.371913488037452 9.313642556747471 0.0
    vertex 11.313934706115052 28.745064635848223 0.0
  endloop
endfacet
facet normal 0.0 0.0 1.0
  outer loop
    vertex 11.313934706115052 28.745064635848223 0.0
    vertex 11.371913488037452 9.313642556747471 0.0
    vertex 11.371913488037404 37.440395264956784 0.0
  endloop
endfacet
facet normal 0.0 0.0 1.0
  outer loop
    vertex 11.371913488037404 37.440395264956784 0.0
    vertex 11.371913488037452 9.313642556747471 0.0
    vertex 11.726008939766812 37.83301887183875 0.0
  endloop
endfacet
facet normal 0.0 0.0 1.0
  outer loop
    vertex 11.726008939766812 37.83301887183875 0.0
    vertex 11.371913488037452 9.313642556747471 0.0
    vertex 11.726008939766876 8.921018949865514 0.0
  endloop
endfacet
facet normal 0.0 0.0 1.0
  outer loop
    vertex 11.726008939766812 37.83301887183875 0.0
    vertex 11.726008939766876 8.921018949865514 0.0
    vertex 11.968993708079964 34.988182645628854 0.0
  endloop
endfacet
facet normal 0.0 0.0 1.0
  outer loop
    vertex 11.726008939766812 37.83301887183875 0.0
    vertex 11.968993708079964 34.988182645628854 0.0
    vertex 12.128322720201828 38.176064798339205 0.0
  endloop
endfacet
facet normal 0.0 0.0 1.0
  outer loop
    vertex 11.968993708079964 34.988182645628854 0.0
    vertex 11.726008939766876 8.921018949865514 0.0
    vertex 11.968993708079964 11.9258551760754 0.0
  endloop
endfacet
facet normal 0.0 0.0 1.0
  outer loop
    vertex 12.128322720201828 38.176064798339205 0.0
    vertex 11.968993708079964 34.988182645628854 0.0
    vertex 12.062697685785025 35.699935019660785 0.0
  endloop
endfacet
facet normal 0.0 0.0 1.0
  outer loop
    vertex 12.128322720201828 38.176064798339205 0.0
    vertex 12.062697685785025 35.699935019660785 0.0
    vertex 12.337423847672758 36.363182645628854 0.0
  endloop
endfacet
facet normal 0.0 0.0 1.0
  outer loop
    vertex 12.128322720201828 38.176064798339205 0.0
    vertex 12.337423847672758 36.363182645628854 0.0
    vertex 12.571971129016669 38.46366343354553 0.0
  endloop
endfacet
facet normal 0.0 0.0 1.0
  outer loop
    vertex 12.571971129016669 38.46366343354553 0.0
    vertex 12.337423847672758 36.363182645628854 0.0
    vertex 12.774450059816958 36.93272629389186 0.0
  endloop
endfacet
facet normal 0.0 0.0 1.0
  outer loop
    vertex 12.571971129016669 38.46366343354553 0.0
    vertex 12.774450059816958 36.93272629389186 0.0
    vertex 13.049363218933983 38.69089388507183 0.0
  endloop
endfacet
facet normal 0.0 0.0 1.0
  outer loop
    vertex 13.049363218933983 38.69089388507183 0.0
    vertex 12.774450059816958 36.93272629389186 0.0
    vertex 13.343993708079967 37.369752506036065 0.0
  endloop
endfacet
facet normal 0.0 0.0 1.0
  outer loop
    vertex 13.049363218933983 38.69089388507183 0.0
    vertex 13.343993708079967 37.369752506036065 0.0
    vertex 13.552330678937176 38.85386817689234 0.0
  endloop
endfacet
facet normal 0.0 0.0 1.0
  outer loop
    vertex 13.552330678937176 38.85386817689234 0.0
    vertex 13.343993708079967 37.369752506036065 0.0
    vertex 14.007241334048032 37.64447866792379 0.0
  endloop
endfacet
facet normal 0.0 0.0 1.0
  outer loop
    vertex 13.552330678937176 38.85386817689234 0.0
    vertex 14.007241334048032 37.64447866792379 0.0
    vertex 14.07226759633663 38.949797773689035 0.0
  endloop
endfacet
facet normal 0.0 0.0 1.0
  outer loop
    vertex 14.07226759633663 38.949797773689035 0.0
    vertex 14.007241334048032 37.64447866792379 0.0
    vertex 14.718993708079964 37.738182645628854 0.0
  endloop
endfacet
facet normal 0.0 0.0 1.0
  outer loop
    vertex 14.07226759633663 38.949797773689035 0.0
    vertex 14.718993708079964 37.738182645628854 0.0
    vertex 14.590369744169445 38.9765300764291 0.0
  endloop
endfacet
facet normal 0.0 0.0 1.0
  outer loop
    vertex 14.590369744169445 38.9765300764291 0.0
    vertex 14.718993708079964 37.738182645628854 0.0
    vertex 72.97235894053011 38.976530076429 0.0
  endloop
endfacet
facet normal 0.0 0.0 1.0
  outer loop
    vertex 72.97235894053011 38.976530076429 0.0
    vertex 14.718993708079964 37.738182645628854 0.0
    vertex 72.88868765491155 37.73818264562885 0.0
  endloop
endfacet
facet normal 0.0 0.0 1.0
  outer loop
    vertex 72.97235894053011 38.976530076429 0.0
    vertex 72.88868765491155 37.73818264562885 0.0
    vertex 73.60044002894348 37.644478667923785 0.0
  endloop
endfacet
facet normal 0.0 0.0 1.0
  outer loop
    vertex 72.97235894053011 38.976530076429 0.0
    vertex 73.60044002894348 37.644478667923785 0.0
    vertex 73.48484447375596 38.942939999938666 0.0
  endloop
endfacet
facet normal 0.0 0.0 1.0
  outer loop
    vertex 73.48484447375596 38.942939999938666 0.0
    vertex 73.60044002894348 37.644478667923785 0.0
    vertex 73.99658962793356 38.841147559826126 0.0
  endloop
endfacet
facet normal 0.0 0.0 1.0
  outer loop
    vertex 73.99658962793356 38.841147559826126 0.0
    vertex 73.60044002894348 37.644478667923785 0.0
    vertex 74.26368765491155 37.36975250603606 0.0
  endloop
endfacet
facet normal 0.0 0.0 1.0
  outer loop
    vertex 73.99658962793356 38.841147559826126 0.0
    vertex 74.26368765491155 37.36975250603606 0.0
    vertex 74.49067015177125 38.673429821787984 0.0
  endloop
endfacet
facet normal 0.0 0.0 1.0
  outer loop
    vertex 74.49067015177125 38.673429821787984 0.0
    vertex 74.26368765491155 37.36975250603606 0.0
    vertex 74.83323130317456 36.932726293891854 0.0
  endloop
endfacet
facet normal 0.0 0.0 1.0
  outer loop
    vertex 74.49067015177125 38.673429821787984 0.0
    vertex 74.83323130317456 36.932726293891854 0.0
    vertex 74.95863219052104 38.44265648282223 0.0
  endloop
endfacet
facet normal 0.0 0.0 1.0
  outer loop
    vertex 74.95863219052104 38.44265648282223 0.0
    vertex 74.83323130317456 36.932726293891854 0.0
    vertex 75.27025751531876 36.363182645628854 0.0
  endloop
endfacet
facet normal 0.0 0.0 1.0
  outer loop
    vertex 74.95863219052104 38.44265648282223 0.0
    vertex 75.27025751531876 36.363182645628854 0.0
    vertex 75.39246878395646 38.15277613874101 0.0
  endloop
endfacet
facet normal 0.0 0.0 1.0
  outer loop
    vertex 75.39246878395646 38.15277613874101 0.0
    vertex 75.27025751531876 36.363182645628854 0.0
    vertex 75.54498367720649 35.699935019660785 0.0
  endloop
endfacet
facet normal 0.0 0.0 1.0
  outer loop
    vertex 75.39246878395646 38.15277613874101 0.0
    vertex 75.54498367720649 35.699935019660785 0.0
    vertex 75.78475686768162 37.808748722601514 0.0
  endloop
endfacet
facet normal 0.0 0.0 1.0
  outer loop
    vertex 75.78475686768162 37.808748722601514 0.0
    vertex 75.54498367720649 35.699935019660785 0.0
    vertex 75.63868765491155 34.988182645628854 0.0
  endloop
endfacet
facet normal 0.0 0.0 1.0
  outer loop
    vertex 75.78475686768162 37.808748722601514 0.0
    vertex 75.63868765491155 34.988182645628854 0.0
    vertex 75.78475686768161 8.945289099102729 0.0
  endloop
endfacet
facet normal 0.0 0.0 1.0
  outer loop
    vertex 75.78475686768162 37.808748722601514 0.0
    vertex 75.78475686768161 8.945289099102729 0.0
    vertex 76.12878428382108 9.337577182827863 0.0
  endloop
endfacet
facet normal 0.0 0.0 1.0
  outer loop
    vertex 75.78475686768162 37.808748722601514 0.0
    vertex 76.12878428382108 9.337577182827863 0.0
    vertex 76.12878428382109 37.416460638876366 0.0
  endloop
endfacet
facet normal 0.0 0.0 1.0
  outer loop
    vertex 76.12878428382109 37.416460638876366 0.0
    vertex 76.12878428382108 9.337577182827863 0.0
    vertex 76.41866462790233 9.771413776263307 0.0
  endloop
endfacet
facet normal 0.0 0.0 1.0
  outer loop
    vertex 76.12878428382109 37.416460638876366 0.0
    vertex 76.41866462790233 9.771413776263307 0.0
    vertex 76.41866462790232 36.98262404544096 0.0
  endloop
endfacet
facet normal 0.0 0.0 1.0
  outer loop
    vertex 76.41866462790232 36.98262404544096 0.0
    vertex 76.41866462790233 9.771413776263307 0.0
    vertex 76.64943796686806 36.514662006691154 0.0
  endloop
endfacet
facet normal 0.0 0.0 1.0
  outer loop
    vertex 76.64943796686806 36.514662006691154 0.0
    vertex 76.41866462790233 9.771413776263307 0.0
    vertex 76.64943796686806 10.239375815013108 0.0
  endloop
endfacet
facet normal 0.0 0.0 1.0
  outer loop
    vertex 76.64943796686806 36.514662006691154 0.0
    vertex 76.64943796686806 10.239375815013108 0.0
    vertex 76.81715570490624 10.73345633885084 0.0
  endloop
endfacet
facet normal 0.0 0.0 1.0
  outer loop
    vertex 76.64943796686806 36.514662006691154 0.0
    vertex 76.81715570490624 10.73345633885084 0.0
    vertex 76.81715570490624 36.02058148285342 0.0
  endloop
endfacet
facet normal 0.0 0.0 1.0
  outer loop
    vertex 76.81715570490624 36.02058148285342 0.0
    vertex 76.81715570490624 10.73345633885084 0.0
    vertex 76.91894814501876 35.50883632867585 0.0
  endloop
endfacet
facet normal 0.0 0.0 1.0
  outer loop
    vertex 76.91894814501876 35.50883632867585 0.0
    vertex 76.81715570490624 10.73345633885084 0.0
    vertex 76.91894814501876 11.2452014930284 0.0
  endloop
endfacet
facet normal 0.0 0.0 1.0
  outer loop
    vertex 76.91894814501876 35.50883632867585 0.0
    vertex 76.91894814501876 11.2452014930284 0.0
    vertex 76.95136368799334 12.461854228798828 0.0
  endloop
endfacet
facet normal 0.0 0.0 1.0
  outer loop
    vertex 76.95136368799334 12.461854228798828 0.0
    vertex 76.91894814501876 11.2452014930284 0.0
    vertex 76.9525382215091 11.757687026254121 0.0
  endloop
endfacet
facet normal 0.0 0.0 1.0
  outer loop
    vertex 76.95136368799334 12.461854228798828 0.0
    vertex 76.9525382215091 11.757687026254121 0.0
    vertex 76.9525382215091 12.391064333917164 0.0
  endloop
endfacet
facet normal 0.0 0.0 1.0
  outer loop
    vertex 76.95380666241239 12.523524739453174 0.0
    vertex 76.9525382215091 34.36796477134349 0.0
    vertex 76.95136368799334 12.461854228798828 0.0
  endloop
endfacet
facet normal 0.0 0.0 1.0
  outer loop
    vertex 76.9525382215091 34.36796477134349 0.0
    vertex 76.95380666241239 12.523524739453174 0.0
    vertex 76.95410242294504 34.30117856878815 0.0
  endloop
endfacet
facet normal 0.0 0.0 1.0
  outer loop
    vertex 76.95410242294504 34.30117856878815 0.0
    vertex 76.95380666241239 12.523524739453174 0.0
    vertex 76.95970878986307 12.584960762272791 0.0
  endloop
endfacet
facet normal 0.0 0.0 1.0
  outer loop
    vertex 76.95410242294504 34.30117856878815 0.0
    vertex 76.95970878986307 12.584960762272791 0.0
    vertex 76.9585864732343 34.237453923175075 0.0
  endloop
endfacet
facet normal 0.0 0.0 1.0
  outer loop
    vertex 76.9585864732343 34.237453923175075 0.0
    vertex 76.95970878986307 12.584960762272791 0.0
    vertex 76.96604896357229 34.17400907780992 0.0
  endloop
endfacet
facet normal 0.0 0.0 1.0
  outer loop
    vertex 76.96604896357229 34.17400907780992 0.0
    vertex 76.95970878986307 12.584960762272791 0.0
    vertex 76.96905144505044 12.645968424106798 0.0
  endloop
endfacet
facet normal 0.0 0.0 1.0
  outer loop
    vertex 76.96604896357229 34.17400907780992 0.0
    vertex 76.96905144505044 12.645968424106798 0.0
    vertex 76.97647352890407 34.110983165653955 0.0
  endloop
endfacet
facet normal 0.0 0.0 1.0
  outer loop
    vertex 76.97647352890407 34.110983165653955 0.0
    vertex 76.96905144505044 12.645968424106798 0.0
    vertex 76.98180514543425 12.706355203577797 0.0
  endloop
endfacet
facet normal 0.0 0.0 1.0
  outer loop
    vertex 76.97647352890407 34.110983165653955 0.0
    vertex 76.98180514543425 12.706355203577797 0.0
    vertex 76.98983730841823 34.04851440095833 0.0
  endloop
endfacet
facet normal 0.0 0.0 1.0
  outer loop
    vertex 76.98983730841823 34.04851440095833 0.0
    vertex 76.98180514543425 12.706355203577797 0.0
    vertex 76.99792964426716 12.765930538622852 0.0
  endloop
endfacet
facet normal 0.0 0.0 1.0
  outer loop
    vertex 76.98983730841823 34.04851440095833 0.0
    vertex 76.99792964426716 12.765930538622852 0.0
    vertex 77.00611099567982 33.98673977616506 0.0
  endloop
endfacet
facet normal 0.0 0.0 1.0
  outer loop
    vertex 77.00611099567982 33.98673977616506 0.0
    vertex 76.99792964426716 12.765930538622852 0.0
    vertex 77.01737405760097 12.824506427847785 0.0
  endloop
endfacet
facet normal 0.0 0.0 1.0
  outer loop
    vertex 77.00611099567982 33.98673977616506 0.0
    vertex 77.01737405760097 12.824506427847785 0.0
    vertex 77.02525890289928 33.925794761482884 0.0
  endloop
endfacet
facet normal 0.0 0.0 1.0
  outer loop
    vertex 77.02525890289928 33.925794761482884 0.0
    vertex 77.01737405760097 12.824506427847785 0.0
    vertex 77.04007702486042 12.881898023800453 0.0
  endloop
endfacet
facet normal 0.0 0.0 1.0
  outer loop
    vertex 77.02525890289928 33.925794761482884 0.0
    vertex 77.04007702486042 12.881898023800453 0.0
    vertex 77.04723903919397 33.86581300780792 0.0
  endloop
endfacet
facet normal 0.0 0.0 1.0
  outer loop
    vertex 77.04723903919397 33.86581300780792 0.0
    vertex 77.04007702486042 12.881898023800453 0.0
    vertex 77.06596690247844 12.93792421629361 0.0
  endloop
endfacet
facet normal 0.0 0.0 1.0
  outer loop
    vertex 77.04723903919397 33.86581300780792 0.0
    vertex 77.06596690247844 12.93792421629361 0.0
    vertex 77.07200320267397 33.806926053627826 0.0
  endloop
endfacet
facet normal 0.0 0.0 1.0
  outer loop
    vertex 77.07200320267397 33.806926053627826 0.0
    vertex 77.06596690247844 12.93792421629361 0.0
    vertex 77.09496198998137 12.992408203932788 0.0
  endloop
endfacet
facet normal 0.0 0.0 1.0
  outer loop
    vertex 77.07200320267397 33.806926053627826 0.0
    vertex 77.09496198998137 12.992408203932788 0.0
    vertex 77.099497086147 33.74926303656305 0.0
  endloop
endfacet
facet normal 0.0 0.0 1.0
  outer loop
    vertex 77.099497086147 33.74926303656305 0.0
    vertex 77.09496198998137 12.992408203932788 0.0
    vertex 77.12697078781001 13.045178052046321 0.0
  endloop
endfacet
facet normal 0.0 0.0 1.0
  outer loop
    vertex 77.099497086147 33.74926303656305 0.0
    vertex 77.12697078781001 13.045178052046321 0.0
    vertex 77.12966039621344 33.69295041016949 0.0
  endloop
endfacet
facet normal 0.0 0.0 1.0
  outer loop
    vertex 77.12966039621344 33.69295041016949 0.0
    vertex 77.12697078781001 13.045178052046321 0.0
    vertex 77.16387613767267 13.098958193350526 0.0
  endloop
endfacet
facet normal 0.0 0.0 1.0
  outer loop
    vertex 77.12966039621344 33.69295041016949 0.0
    vertex 77.16387613767267 13.098958193350526 0.0
    vertex 77.16285615742461 33.637393396883624 0.0
  endloop
endfacet
facet normal 0.0 0.0 1.0
  outer loop
    vertex 77.16285615742461 33.637393396883624 0.0
    vertex 77.16387613767267 13.098958193350526 0.0
    vertex 77.60706726278093 32.95747843970559 0.0
  endloop
endfacet
facet normal 0.0 0.0 1.0
  outer loop
    vertex 77.60706726278093 32.95747843970559 0.0
    vertex 77.16387613767267 13.098958193350526 0.0
    vertex 77.53052358218135 13.60233912047951 0.0
  endloop
endfacet
facet normal 0.0 0.0 1.0
  outer loop
    vertex 77.60706726278093 32.95747843970559 0.0
    vertex 77.53052358218135 13.60233912047951 0.0
    vertex 77.5931921019441 13.69306085044966 0.0
  endloop
endfacet
facet normal 0.0 0.0 1.0
  outer loop
    vertex 77.60706726278093 32.95747843970559 0.0
    vertex 77.5931921019441 13.69306085044966 0.0
    vertex 77.65289037481033 13.78945474153957 0.0
  endloop
endfacet
facet normal 0.0 0.0 1.0
  outer loop
    vertex 77.60706726278093 32.95747843970559 0.0
    vertex 77.65289037481033 13.78945474153957 0.0
    vertex 77.65040524308885 32.90478494904532 0.0
  endloop
endfacet
facet normal 0.0 0.0 1.0
  outer loop
    vertex 77.65040524308885 32.90478494904532 0.0
    vertex 77.65289037481033 13.78945474153957 0.0
    vertex 77.70294849228007 32.83248271686849 0.0
  endloop
endfacet
facet normal 0.0 0.0 1.0
  outer loop
    vertex 77.70294849228007 32.83248271686849 0.0
    vertex 77.65289037481033 13.78945474153957 0.0
    vertex 77.70769556122514 13.888712273066083 0.0
  endloop
endfacet
facet normal 0.0 0.0 1.0
  outer loop
    vertex 77.70294849228007 32.83248271686849 0.0
    vertex 77.70769556122514 13.888712273066083 0.0
    vertex 77.75107290380447 32.75716706890078 0.0
  endloop
endfacet
facet normal 0.0 0.0 1.0
  outer loop
    vertex 77.75107290380447 32.75716706890078 0.0
    vertex 77.70769556122514 13.888712273066083 0.0
    vertex 77.75747063301799 13.990585273663479 0.0
  endloop
endfacet
facet normal 0.0 0.0 1.0
  outer loop
    vertex 77.75107290380447 32.75716706890078 0.0
    vertex 77.75747063301799 13.990585273663479 0.0
    vertex 77.79460614221745 32.679107713493245 0.0
  endloop
endfacet
facet normal 0.0 0.0 1.0
  outer loop
    vertex 77.79460614221745 32.679107713493245 0.0
    vertex 77.75747063301799 13.990585273663479 0.0
    vertex 77.80209113870043 14.09481903256805 0.0
  endloop
endfacet
facet normal 0.0 0.0 1.0
  outer loop
    vertex 77.79460614221745 32.679107713493245 0.0
    vertex 77.80209113870043 14.09481903256805 0.0
    vertex 77.83339231324925 32.59858418432294 0.0
  endloop
endfacet
facet normal 0.0 0.0 1.0
  outer loop
    vertex 77.83339231324925 32.59858418432294 0.0
    vertex 77.80209113870043 14.09481903256805 0.0
    vertex 77.84144551462919 14.201152936464746 0.0
  endloop
endfacet
facet normal 0.0 0.0 1.0
  outer loop
    vertex 77.83339231324925 32.59858418432294 0.0
    vertex 77.84144551462919 14.201152936464746 0.0
    vertex 77.86729252206862 32.51588483937152 0.0
  endloop
endfacet
facet normal 0.0 0.0 1.0
  outer loop
    vertex 77.86729252206862 32.51588483937152 0.0
    vertex 77.84144551462919 14.201152936464746 0.0
    vertex 77.87543536394664 14.309321121094571 0.0
  endloop
endfacet
facet normal 0.0 0.0 1.0
  outer loop
    vertex 77.86729252206862 32.51588483937152 0.0
    vertex 77.87543536394664 14.309321121094571 0.0
    vertex 77.8961853706703 32.43130582830497 0.0
  endloop
endfacet
facet normal 0.0 0.0 1.0
  outer loop
    vertex 77.8961853706703 32.43130582830497 0.0
    vertex 77.87543536394664 14.309321121094571 0.0
    vertex 77.90397570259962 14.41905313598653 0.0
  endloop
endfacet
facet normal 0.0 0.0 1.0
  outer loop
    vertex 77.8961853706703 32.43130582830497 0.0
    vertex 77.90397570259962 14.41905313598653 0.0
    vertex 77.91996739260686 32.345150031947476 0.0
  endloop
endfacet
facet normal 0.0 0.0 1.0
  outer loop
    vertex 77.91996739260686 32.345150031947476 0.0
    vertex 77.90397570259962 14.41905313598653 0.0
    vertex 77.92699517182373 14.53007462066109 0.0
  endloop
endfacet
facet normal 0.0 0.0 1.0
  outer loop
    vertex 77.91996739260686 32.345150031947476 0.0
    vertex 77.92699517182373 14.53007462066109 0.0
    vertex 77.93855342350541 32.257725977655895 0.0
  endloop
endfacet
facet normal 0.0 0.0 1.0
  outer loop
    vertex 77.93855342350541 32.257725977655895 0.0
    vertex 77.92699517182373 14.53007462066109 0.0
    vertex 77.94443621655962 14.642107990606021 0.0
  endloop
endfacet
facet normal 0.0 0.0 1.0
  outer loop
    vertex 77.93855342350541 32.257725977655895 0.0
    vertex 77.94443621655962 14.642107990606021 0.0
    vertex 77.95187690604526 32.169346734468384 0.0
  endloop
endfacet
facet normal 0.0 0.0 1.0
  outer loop
    vertex 77.95187690604526 32.169346734468384 0.0
    vertex 77.94443621655962 14.642107990606021 0.0
    vertex 77.95625522935686 14.75487313131547 0.0
  endloop
endfacet
facet normal 0.0 0.0 1.0
  outer loop
    vertex 77.95187690604526 32.169346734468384 0.0
    vertex 77.95625522935686 14.75487313131547 0.0
    vertex 77.95989012830194 32.08032879199382 0.0
  endloop
endfacet
facet normal 0.0 0.0 1.0
  outer loop
    vertex 77.95989012830194 32.08032879199382 0.0
    vertex 77.95625522935686 14.75487313131547 0.0
    vertex 77.9624526308727 14.868638282241152 0.0
  endloop
endfacet
facet normal 0.0 0.0 1.0
  outer loop
    vertex 77.95989012830194 32.08032879199382 0.0
    vertex 77.9624526308727 14.868638282241152 0.0
    vertex 77.96245263087272 31.994724561679117 0.0
  endloop
endfacet
facet normal 0.0 0.0 1.0
  outer loop
    vertex 76.95136368799334 12.461854228798828 0.0
    vertex 76.9525382215091 34.99635079545012 0.0
    vertex 76.91894814501876 35.50883632867585 0.0
  endloop
endfacet
facet normal 0.0 0.0 1.0
  outer loop
    vertex 76.9525382215091 34.99635079545012 0.0
    vertex 76.95136368799334 12.461854228798828 0.0
    vertex 76.9525382215091 34.36796477134349 0.0
  endloop
endfacet
facet normal 0.972118189910657 -0.2344914174225316 0.0
  outer loop
    vertex 8.600256467674383 32.59384663996281 0.0
    vertex 8.56908142153584 32.464605963456634 24.500000000000004
    vertex 8.56908142153584 32.464605963456634 0.0
  endloop
endfacet
facet normal 0.972118189910657 -0.2344914174225316 0.0
  outer loop
    vertex 8.56908142153584 32.464605963456634 24.500000000000004
    vertex 8.600256467674383 32.59384663996281 0.0
    vertex 8.600256467674383 32.59384663996281 24.500000000000004
  endloop
endfacet
facet normal 0.7125198361043548 -0.7016519672585715 0.0
  outer loop
    vertex 9.129600493678536 33.48258483303518 0.0
    vertex 9.048173895440389 33.39989702036095 24.500000000000004
    vertex 9.048173895440389 33.39989702036095 0.0
  endloop
endfacet
facet normal 0.7125198361043548 -0.7016519672585715 0.0
  outer loop
    vertex 9.048173895440389 33.39989702036095 24.500000000000004
    vertex 9.129600493678536 33.48258483303518 0.0
    vertex 9.129600493678536 33.48258483303518 24.500000000000004
  endloop
endfacet
facet normal 0.8392838711651228 -0.5436934647410114 0.0
  outer loop
    vertex 8.881847949377912 33.19264109515118 0.0
    vertex 8.809565266135884 33.081060408341806 24.500000000000004
    vertex 8.809565266135884 33.081060408341806 0.0
  endloop
endfacet
facet normal 0.8392838711651228 -0.5436934647410114 0.0
  outer loop
    vertex 8.809565266135884 33.081060408341806 24.500000000000004
    vertex 8.881847949377912 33.19264109515118 0.0
    vertex 8.881847949377912 33.19264109515118 24.500000000000004
  endloop
endfacet
facet normal 0.9316204741911492 -0.36343265135078123 0.0
  outer loop
    vertex 8.688411242858454 32.844541822366395 0.0
    vertex 8.640093782890613 32.720685215648075 24.500000000000004
    vertex 8.640093782890613 32.720685215648075 0.0
  endloop
endfacet
facet normal 0.9316204741911492 -0.36343265135078123 0.0
  outer loop
    vertex 8.640093782890613 32.720685215648075 24.500000000000004
    vertex 8.688411242858454 32.844541822366395 0.0
    vertex 8.688411242858454 32.844541822366395 24.500000000000004
  endloop
endfacet
facet normal 0.9857419968857801 -0.16826382729402878 0.0
  outer loop
    vertex 8.56908142153584 32.464605963456634 0.0
    vertex 8.546711167489882 32.33355403596438 24.500000000000004
    vertex 8.546711167489882 32.33355403596438 0.0
  endloop
endfacet
facet normal 0.9857419968857801 -0.16826382729402878 0.0
  outer loop
    vertex 8.546711167489882 32.33355403596438 24.500000000000004
    vertex 8.56908142153584 32.464605963456634 0.0
    vertex 8.56908142153584 32.464605963456634 24.500000000000004
  endloop
endfacet
facet normal 0.9049317089270333 -0.42555681427795156 0.0
  outer loop
    vertex 8.744987954558638 32.96485022464446 0.0
    vertex 8.688411242858454 32.844541822366395 24.500000000000004
    vertex 8.688411242858454 32.844541822366395 0.0
  endloop
endfacet
facet normal 0.9049317089270333 -0.42555681427795156 0.0
  outer loop
    vertex 8.688411242858454 32.844541822366395 24.500000000000004
    vertex 8.744987954558638 32.96485022464446 0.0
    vertex 8.744987954558638 32.96485022464446 24.500000000000004
  endloop
endfacet
facet normal 0.874105865730642 -0.4857354583467065 0.0
  outer loop
    vertex 8.809565266135884 33.081060408341806 0.0
    vertex 8.744987954558638 32.96485022464446 24.500000000000004
    vertex 8.744987954558638 32.96485022464446 0.0
  endloop
endfacet
facet normal 0.874105865730642 -0.4857354583467065 0.0
  outer loop
    vertex 8.744987954558638 32.96485022464446 24.500000000000004
    vertex 8.809565266135884 33.081060408341806 0.0
    vertex 8.809565266135884 33.081060408341806 24.500000000000004
  endloop
endfacet
facet normal 0.8006249210060778 -0.5991658667380942 0.0
  outer loop
    vertex 8.961505549410832 33.29908217144462 0.0
    vertex 8.881847949377912 33.19264109515118 24.500000000000004
    vertex 8.881847949377912 33.19264109515118 0.0
  endloop
endfacet
facet normal 0.8006249210060778 -0.5991658667380942 0.0
  outer loop
    vertex 8.881847949377912 33.19264109515118 24.500000000000004
    vertex 8.961505549410832 33.29908217144462 0.0
    vertex 8.961505549410832 33.29908217144462 24.500000000000004
  endloop
endfacet
facet normal 0.9948592853888324 -0.10126698512161737 0.0
  outer loop
    vertex 8.546711167489882 32.33355403596438 0.0
    vertex 8.533247975667432 32.20128998782027 24.500000000000004
    vertex 8.533247975667432 32.20128998782027 0.0
  endloop
endfacet
facet normal 0.9948592853888324 -0.10126698512161737 0.0
  outer loop
    vertex 8.533247975667432 32.20128998782027 24.500000000000004
    vertex 8.546711167489882 32.33355403596438 0.0
    vertex 8.546711167489882 32.33355403596438 24.500000000000004
  endloop
endfacet
facet normal 0.7583057524459857 -0.6518990610572526 0.0
  outer loop
    vertex 9.048173895440389 33.39989702036095 0.0
    vertex 8.961505549410832 33.29908217144462 24.500000000000004
    vertex 8.961505549410832 33.29908217144462 0.0
  endloop
endfacet
facet normal 0.7583057524459857 -0.6518990610572526 0.0
  outer loop
    vertex 8.961505549410832 33.29908217144462 24.500000000000004
    vertex 9.048173895440389 33.39989702036095 0.0
    vertex 9.048173895440389 33.39989702036095 24.500000000000004
  endloop
endfacet
facet normal 1.0 0.0 0.0
  outer loop
    vertex 8.528896104438546 32.07263733111677 0.0
    vertex 8.528896104438546 30.83629314157635 16.8
    vertex 8.528896104438546 30.83629314157635 0.0
  endloop
endfacet
facet normal 1.0 0.0 0.0
  outer loop
    vertex 8.528896104438546 30.83629314157635 16.8
    vertex 8.528896104438546 32.07263733111677 0.0
    vertex 8.528896104438546 30.83629314157635 24.500000000000004
  endloop
endfacet
facet normal 1.0 0.0 0.0
  outer loop
    vertex 8.528896104438546 30.83629314157635 24.500000000000004
    vertex 8.528896104438546 32.07263733111677 0.0
    vertex 8.528896104438546 32.07263733111677 24.500000000000004
  endloop
endfacet
facet normal 0.9994283738954579 -0.03380718048996539 0.0
  outer loop
    vertex 8.533247975667432 32.20128998782027 0.0
    vertex 8.528896104438546 32.07263733111677 24.500000000000004
    vertex 8.528896104438546 32.07263733111677 0.0
  endloop
endfacet
facet normal 0.9994283738954579 -0.03380718048996539 0.0
  outer loop
    vertex 8.528896104438546 32.07263733111677 24.500000000000004
    vertex 8.533247975667432 32.20128998782027 0.0
    vertex 8.533247975667432 32.20128998782027 24.500000000000004
  endloop
endfacet
facet normal 1.3578538040880096e-17 9.247151111459797e-17 1.0
  outer loop
    vertex 44.679017929669335 6.786175682300776 12.999999999999991
    vertex 44.60294146529583 7.77750774527524 12.999999999999991
    vertex 44.60294146529583 6.78304330980885 12.999999999999991
  endloop
endfacet
facet normal 1.3578538040880096e-17 9.247151111459797e-17 1.0
  outer loop
    vertex 44.60294146529583 7.77750774527524 12.999999999999991
    vertex 44.679017929669335 6.786175682300776 12.999999999999991
    vertex 44.81875360750884 7.777507745275189 12.999999999999991
  endloop
endfacet
facet normal 1.3578538040880096e-17 9.247151111459797e-17 1.0
  outer loop
    vertex 44.81875360750884 7.777507745275189 12.999999999999991
    vertex 44.679017929669335 6.786175682300776 12.999999999999991
    vertex 44.73756214473248 6.776614669621349 12.999999999999991
  endloop
endfacet
facet normal 1.3578538040880096e-17 9.247151111459797e-17 1.0
  outer loop
    vertex 44.81875360750884 7.777507745275189 12.999999999999991
    vertex 44.73756214473248 6.776614669621349 12.999999999999991
    vertex 44.76723703195041 6.761206182886859 12.999999999999991
  endloop
endfacet
facet normal 1.3578538040880096e-17 9.247151111459797e-17 1.0
  outer loop
    vertex 44.81875360750884 7.777507745275189 12.999999999999991
    vertex 44.76723703195041 6.761206182886859 12.999999999999991
    vertex 44.8009320792072 6.7466110373056525 12.999999999999991
  endloop
endfacet
facet normal 1.3578538040880096e-17 9.247151111459797e-17 1.0
  outer loop
    vertex 44.81875360750884 7.777507745275189 12.999999999999991
    vertex 44.8009320792072 6.7466110373056525 12.999999999999991
    vertex 44.83342236555962 6.729500929856764 12.999999999999991
  endloop
endfacet
facet normal 1.3578538040880096e-17 9.247151111459797e-17 1.0
  outer loop
    vertex 44.81875360750884 7.777507745275189 12.999999999999991
    vertex 44.83342236555962 6.729500929856764 12.999999999999991
    vertex 44.859100270099475 7.770918623665388 12.999999999999991
  endloop
endfacet
facet normal 1.3578538040880096e-17 9.247151111459797e-17 1.0
  outer loop
    vertex 44.859100270099475 7.770918623665388 12.999999999999991
    vertex 44.83342236555962 6.729500929856764 12.999999999999991
    vertex 44.87445586085606 6.703469908306879 12.999999999999991
  endloop
endfacet
facet normal 1.3578538040880096e-17 9.247151111459797e-17 1.0
  outer loop
    vertex 44.859100270099475 7.770918623665388 12.999999999999991
    vertex 44.87445586085606 6.703469908306879 12.999999999999991
    vertex 44.91436031397582 7.759724677512743 12.999999999999991
  endloop
endfacet
facet normal 1.3578538040880096e-17 9.247151111459797e-17 1.0
  outer loop
    vertex 44.91436031397582 7.759724677512743 12.999999999999991
    vertex 44.87445586085606 6.703469908306879 12.999999999999991
    vertex 45.54607326622476 6.245312298442903 12.999999999999991
  endloop
endfacet
facet normal 1.3578538040880096e-17 9.247151111459797e-17 1.0
  outer loop
    vertex 44.91436031397582 7.759724677512743 12.999999999999991
    vertex 45.54607326622476 6.245312298442903 12.999999999999991
    vertex 44.96915545628505 7.746440504260237 12.999999999999991
  endloop
endfacet
facet normal 1.3578538040880096e-17 9.247151111459797e-17 1.0
  outer loop
    vertex 44.96915545628505 7.746440504260237 12.999999999999991
    vertex 45.54607326622476 6.245312298442903 12.999999999999991
    vertex 45.02340666350362 7.7310852642745465 12.999999999999991
  endloop
endfacet
facet normal 1.3578538040880096e-17 9.247151111459797e-17 1.0
  outer loop
    vertex 45.02340666350362 7.7310852642745465 12.999999999999991
    vertex 45.54607326622476 6.245312298442903 12.999999999999991
    vertex 45.07703568665033 7.713681105116008 12.999999999999991
  endloop
endfacet
facet normal 1.3578538040880096e-17 9.247151111459797e-17 1.0
  outer loop
    vertex 45.07703568665033 7.713681105116008 12.999999999999991
    vertex 45.54607326622476 6.245312298442903 12.999999999999991
    vertex 45.12996517414854 7.694253129594103 12.999999999999991
  endloop
endfacet
facet normal 1.3578538040880096e-17 9.247151111459797e-17 1.0
  outer loop
    vertex 45.12996517414854 7.694253129594103 12.999999999999991
    vertex 45.54607326622476 6.245312298442903 12.999999999999991
    vertex 45.18211878339316 7.6728293595608035 12.999999999999991
  endloop
endfacet
facet normal 1.3578538040880096e-17 9.247151111459797e-17 1.0
  outer loop
    vertex 45.18211878339316 7.6728293595608035 12.999999999999991
    vertex 45.54607326622476 6.245312298442903 12.999999999999991
    vertex 45.23342129086415 7.649440695492947 12.999999999999991
  endloop
endfacet
facet normal 1.3578538040880096e-17 9.247151111459797e-17 1.0
  outer loop
    vertex 45.23342129086415 7.649440695492947 12.999999999999991
    vertex 45.54607326622476 6.245312298442903 12.999999999999991
    vertex 45.2837987006239 7.6241208719234335 12.999999999999991
  endloop
endfacet
facet normal 1.3578538040880096e-17 9.247151111459797e-17 1.0
  outer loop
    vertex 45.2837987006239 7.6241208719234335 12.999999999999991
    vertex 45.54607326622476 6.245312298442903 12.999999999999991
    vertex 45.33317835104522 7.596906408784317 12.999999999999991
  endloop
endfacet
facet normal 1.3578538040880096e-17 9.247151111459797e-17 1.0
  outer loop
    vertex 45.33317835104522 7.596906408784317 12.999999999999991
    vertex 45.54607326622476 6.245312298442903 12.999999999999991
    vertex 45.38148901961485 7.567836558732228 12.999999999999991
  endloop
endfacet
facet normal 1.3578538040880096e-17 9.247151111459797e-17 1.0
  outer loop
    vertex 45.38148901961485 7.567836558732228 12.999999999999991
    vertex 45.54607326622476 6.245312298442903 12.999999999999991
    vertex 45.43064356935067 7.535655287759053 12.999999999999991
  endloop
endfacet
facet normal 1.3578538040880096e-17 9.247151111459797e-17 1.0
  outer loop
    vertex 45.43064356935067 7.535655287759053 12.999999999999991
    vertex 45.54607326622476 6.245312298442903 12.999999999999991
    vertex 46.11406214350383 7.069447268181684 12.999999999999991
  endloop
endfacet
facet normal 1.3578538040880096e-17 9.247151111459797e-17 1.0
  outer loop
    vertex 46.11406214350383 7.069447268181684 12.999999999999991
    vertex 45.54607326622476 6.245312298442903 12.999999999999991
    vertex 45.60399150708415 6.2049859203511275 12.999999999999991
  endloop
endfacet
facet normal 1.3578538040880096e-17 9.247151111459797e-17 1.0
  outer loop
    vertex 46.11406214350383 7.069447268181684 12.999999999999991
    vertex 45.60399150708415 6.2049859203511275 12.999999999999991
    vertex 45.69941843798034 6.146286286125022 12.999999999999991
  endloop
endfacet
facet normal 1.3578538040880096e-17 9.247151111459797e-17 1.0
  outer loop
    vertex 46.11406214350383 7.069447268181684 12.999999999999991
    vertex 45.69941843798034 6.146286286125022 12.999999999999991
    vertex 45.798020967703486 6.09309336055439 12.999999999999991
  endloop
endfacet
facet normal 1.3578538040880096e-17 9.247151111459797e-17 1.0
  outer loop
    vertex 46.11406214350383 7.069447268181684 12.999999999999991
    vertex 45.798020967703486 6.09309336055439 12.999999999999991
    vertex 45.899481666797 6.045578386725049 12.999999999999991
  endloop
endfacet
facet normal 1.3578538040880096e-17 9.247151111459797e-17 1.0
  outer loop
    vertex 46.11406214350383 7.069447268181684 12.999999999999991
    vertex 45.899481666797 6.045578386725049 12.999999999999991
    vertex 46.003473904548265 6.003894328788635 12.999999999999991
  endloop
endfacet
facet normal 1.3578538040880096e-17 9.247151111459797e-17 1.0
  outer loop
    vertex 46.11406214350383 7.069447268181684 12.999999999999991
    vertex 46.003473904548265 6.003894328788635 12.999999999999991
    vertex 46.109662900504844 5.968175379527963 12.999999999999991
  endloop
endfacet
facet normal 1.3578538040880096e-17 9.247151111459797e-17 1.0
  outer loop
    vertex 46.11406214350383 7.069447268181684 12.999999999999991
    vertex 46.109662900504844 5.968175379527963 12.999999999999991
    vertex 46.21770680222792 5.938536528352303 12.999999999999991
  endloop
endfacet
facet normal 1.3578538040880096e-17 9.247151111459797e-17 1.0
  outer loop
    vertex 46.11406214350383 7.069447268181684 12.999999999999991
    vertex 46.21770680222792 5.938536528352303 12.999999999999991
    vertex 46.15259248419168 7.042619984349707 12.999999999999991
  endloop
endfacet
facet normal 1.3578538040880096e-17 9.247151111459797e-17 1.0
  outer loop
    vertex 46.15259248419168 7.042619984349707 12.999999999999991
    vertex 46.21770680222792 5.938536528352303 12.999999999999991
    vertex 46.19962920299425 7.013686452033662 12.999999999999991
  endloop
endfacet
facet normal 1.3578538040880096e-17 9.247151111459797e-17 1.0
  outer loop
    vertex 46.19962920299425 7.013686452033662 12.999999999999991
    vertex 46.21770680222792 5.938536528352303 12.999999999999991
    vertex 46.24823120056713 6.987467221687973 12.999999999999991
  endloop
endfacet
facet normal 1.3578538040880096e-17 9.247151111459797e-17 1.0
  outer loop
    vertex 46.24823120056713 6.987467221687973 12.999999999999991
    vertex 46.21770680222792 5.938536528352303 12.999999999999991
    vertex 46.32725778581181 5.915073191114032 12.999999999999991
  endloop
endfacet
facet normal 1.3578538040880096e-17 9.247151111459797e-17 1.0
  outer loop
    vertex 46.24823120056713 6.987467221687973 12.999999999999991
    vertex 46.32725778581181 5.915073191114032 12.999999999999991
    vertex 46.29824201332146 6.9640467004375175 12.999999999999991
  endloop
endfacet
facet normal 1.3578538040880096e-17 9.247151111459797e-17 1.0
  outer loop
    vertex 46.29824201332146 6.9640467004375175 12.999999999999991
    vertex 46.32725778581181 5.915073191114032 12.999999999999991
    vertex 46.34950064229351 6.943500285570256 12.999999999999991
  endloop
endfacet
facet normal 1.3578538040880096e-17 9.247151111459797e-17 1.0
  outer loop
    vertex 46.34950064229351 6.943500285570256 12.999999999999991
    vertex 46.32725778581181 5.915073191114032 12.999999999999991
    vertex 46.437963175627715 5.89786090293792 12.999999999999991
  endloop
endfacet
facet normal 1.3578538040880096e-17 9.247151111459797e-17 1.0
  outer loop
    vertex 46.34950064229351 6.943500285570256 12.999999999999991
    vertex 46.437963175627715 5.89786090293792 12.999999999999991
    vertex 46.401842071445905 6.925894121812101 12.999999999999991
  endloop
endfacet
facet normal 1.3578538040880096e-17 9.247151111459797e-17 1.0
  outer loop
    vertex 46.401842071445905 6.925894121812101 12.999999999999991
    vertex 46.437963175627715 5.89786090293792 12.999999999999991
    vertex 46.45509779890094 6.911284888388297 12.999999999999991
  endloop
endfacet
facet normal 1.3578538040880096e-17 9.247151111459797e-17 1.0
  outer loop
    vertex 46.45509779890094 6.911284888388297 12.999999999999991
    vertex 46.437963175627715 5.89786090293792 12.999999999999991
    vertex 46.549466579686445 5.886955075052195 12.999999999999991
  endloop
endfacet
facet normal 1.3578538040880096e-17 9.247151111459797e-17 1.0
  outer loop
    vertex 46.45509779890094 6.911284888388297 12.999999999999991
    vertex 46.549466579686445 5.886955075052195 12.999999999999991
    vertex 46.5090963793958 6.8997196165569585 12.999999999999991
  endloop
endfacet
facet normal 1.3578538040880096e-17 9.247151111459797e-17 1.0
  outer loop
    vertex 46.5090963793958 6.8997196165569585 12.999999999999991
    vertex 46.549466579686445 5.886955075052195 12.999999999999991
    vertex 46.563663976213505 6.891235538202089 12.999999999999991
  endloop
endfacet
facet normal 1.3578538040880096e-17 9.247151111459797e-17 1.0
  outer loop
    vertex 46.563663976213505 6.891235538202089 12.999999999999991
    vertex 46.549466579686445 5.886955075052195 12.999999999999991
    vertex 46.66140903696488 5.882390816404148 12.999999999999991
  endloop
endfacet
facet normal 1.3578538040880096e-17 9.247151111459797e-17 1.0
  outer loop
    vertex 46.563663976213505 6.891235538202089 12.999999999999991
    vertex 46.66140903696488 5.882390816404148 12.999999999999991
    vertex 46.61862492081248 6.885859965973658 12.999999999999991
  endloop
endfacet
facet normal 1.3578538040880096e-17 9.247151111459797e-17 1.0
  outer loop
    vertex 46.61862492081248 6.885859965973658 12.999999999999991
    vertex 46.66140903696488 5.882390816404148 12.999999999999991
    vertex 46.67380227835317 6.883610205360446 12.999999999999991
  endloop
endfacet
facet normal 1.3578538040880096e-17 9.247151111459797e-17 1.0
  outer loop
    vertex 46.67380227835317 6.883610205360446 12.999999999999991
    vertex 46.66140903696488 5.882390816404148 12.999999999999991
    vertex 46.72794780628858 5.883455238354537 12.999999999999991
  endloop
endfacet
facet normal 1.3578538040880096e-17 9.247151111459797e-17 1.0
  outer loop
    vertex 46.67380227835317 6.883610205360446 12.999999999999991
    vertex 46.72794780628858 5.883455238354537 12.999999999999991
    vertex 46.71994266567029 6.884348314008365 12.999999999999991
  endloop
endfacet
facet normal 1.3578538040880096e-17 9.247151111459797e-17 1.0
  outer loop
    vertex 46.71994266567029 6.884348314008365 12.999999999999991
    vertex 46.72794780628858 5.883455238354537 12.999999999999991
    vertex 46.812941465295765 6.884348314008365 12.999999999999991
  endloop
endfacet
facet normal 1.3578538040880096e-17 9.247151111459797e-17 1.0
  outer loop
    vertex 46.812941465295765 6.884348314008365 12.999999999999991
    vertex 46.72794780628858 5.883455238354537 12.999999999999991
    vertex 46.812941465295765 5.883455238354508 12.999999999999991
  endloop
endfacet
facet normal 0.0003174891605000875 -0.9999999496003152 9.246719541541954e-17
  outer loop
    vertex 44.679017929669335 6.786175682300776 12.999999999999991
    vertex 44.60294146529583 6.78304330980885 6.0
    vertex 44.679017929669335 6.786175682300776 6.0
  endloop
endfacet
facet normal 0.0003174891605000875 -0.9999999496003152 9.246719541541954e-17
  outer loop
    vertex 44.60294146529583 6.78304330980885 6.0
    vertex 44.679017929669335 6.786175682300776 12.999999999999991
    vertex 44.60294146529583 6.78304330980885 12.999999999999991
  endloop
endfacet
facet normal -0.16117743961768655 -0.9869254444780959 9.34510412035162e-17
  outer loop
    vertex 44.73756214473248 6.776614669621349 12.999999999999991
    vertex 44.679017929669335 6.786175682300776 6.0
    vertex 44.73756214473248 6.776614669621349 6.0
  endloop
endfacet
facet normal -0.16117743961768655 -0.9869254444780959 9.34510412035162e-17
  outer loop
    vertex 44.679017929669335 6.786175682300776 6.0
    vertex 44.73756214473248 6.776614669621349 12.999999999999991
    vertex 44.679017929669335 6.786175682300776 12.999999999999991
  endloop
endfacet
facet normal -0.4608240387103825 -0.8874915240984851 8.832499907456548e-17
  outer loop
    vertex 44.76723703195041 6.761206182886859 12.999999999999991
    vertex 44.73756214473248 6.776614669621349 6.0
    vertex 44.76723703195041 6.761206182886859 6.0
  endloop
endfacet
facet normal -0.4608240387103825 -0.8874915240984851 8.832499907456548e-17
  outer loop
    vertex 44.73756214473248 6.776614669621349 6.0
    vertex 44.76723703195041 6.761206182886859 12.999999999999991
    vertex 44.73756214473248 6.776614669621349 12.999999999999991
  endloop
endfacet
facet normal -0.3974689142529404 -0.9176156396894011 9.025035159671823e-17
  outer loop
    vertex 44.8009320792072 6.7466110373056525 12.999999999999991
    vertex 44.76723703195041 6.761206182886859 6.0
    vertex 44.8009320792072 6.7466110373056525 6.0
  endloop
endfacet
facet normal -0.3974689142529404 -0.9176156396894011 9.025035159671823e-17
  outer loop
    vertex 44.76723703195041 6.761206182886859 6.0
    vertex 44.8009320792072 6.7466110373056525 12.999999999999991
    vertex 44.76723703195041 6.761206182886859 12.999999999999991
  endloop
endfacet
facet normal -0.4659587526976738 -0.8848064425536402 8.814642743585324e-17
  outer loop
    vertex 44.83342236555962 6.729500929856764 12.999999999999991
    vertex 44.8009320792072 6.7466110373056525 6.0
    vertex 44.83342236555962 6.729500929856764 6.0
  endloop
endfacet
facet normal -0.4659587526976738 -0.8848064425536402 8.814642743585324e-17
  outer loop
    vertex 44.8009320792072 6.7466110373056525 6.0
    vertex 44.83342236555962 6.729500929856764 12.999999999999991
    vertex 44.8009320792072 6.7466110373056525 12.999999999999991
  endloop
endfacet
facet normal -0.5356855644831044 -0.8444175365329747 8.535839243015458e-17
  outer loop
    vertex 44.87445586085606 6.703469908306879 12.999999999999991
    vertex 44.83342236555962 6.729500929856764 6.0
    vertex 44.87445586085606 6.703469908306879 6.0
  endloop
endfacet
facet normal -0.5356855644831044 -0.8444175365329747 8.535839243015458e-17
  outer loop
    vertex 44.83342236555962 6.729500929856764 6.0
    vertex 44.87445586085606 6.703469908306879 12.999999999999991
    vertex 44.83342236555962 6.729500929856764 12.999999999999991
  endloop
endfacet
facet normal -0.5635355162186635 -0.8260918362749776 8.404194886414236e-17
  outer loop
    vertex 45.54607326622476 6.245312298442903 12.999999999999991
    vertex 44.87445586085606 6.703469908306879 6.0
    vertex 45.54607326622476 6.245312298442903 6.0
  endloop
endfacet
facet normal -0.5635355162186635 -0.8260918362749776 8.404194886414236e-17
  outer loop
    vertex 44.87445586085606 6.703469908306879 6.0
    vertex 45.54607326622476 6.245312298442903 12.999999999999991
    vertex 44.87445586085606 6.703469908306879 12.999999999999991
  endloop
endfacet
facet normal -0.5714027263669017 -0.8206698022350228 8.36473903954264e-17
  outer loop
    vertex 45.60399150708415 6.2049859203511275 12.999999999999991
    vertex 45.54607326622476 6.245312298442903 6.0
    vertex 45.60399150708415 6.2049859203511275 6.0
  endloop
endfacet
facet normal -0.5714027263669017 -0.8206698022350228 8.36473903954264e-17
  outer loop
    vertex 45.54607326622476 6.245312298442903 6.0
    vertex 45.60399150708415 6.2049859203511275 12.999999999999991
    vertex 45.54607326622476 6.245312298442903 12.999999999999991
  endloop
endfacet
facet normal -0.47478647869390384 -0.8801010167301497 8.783117721277169e-17
  outer loop
    vertex 45.798020967703486 6.09309336055439 12.999999999999991
    vertex 45.69941843798034 6.146286286125022 6.0
    vertex 45.798020967703486 6.09309336055439 6.0
  endloop
endfacet
facet normal -0.47478647869390384 -0.8801010167301497 8.783117721277169e-17
  outer loop
    vertex 45.69941843798034 6.146286286125022 6.0
    vertex 45.798020967703486 6.09309336055439 12.999999999999991
    vertex 45.69941843798034 6.146286286125022 12.999999999999991
  endloop
endfacet
facet normal -0.42410653047702374 -0.9056123071197418 8.950208518080786e-17
  outer loop
    vertex 45.899481666797 6.045578386725049 12.999999999999991
    vertex 45.798020967703486 6.09309336055439 6.0
    vertex 45.899481666797 6.045578386725049 6.0
  endloop
endfacet
facet normal -0.42410653047702374 -0.9056123071197418 8.950208518080786e-17
  outer loop
    vertex 45.798020967703486 6.09309336055439 6.0
    vertex 45.899481666797 6.045578386725049 12.999999999999991
    vertex 45.798020967703486 6.09309336055439 12.999999999999991
  endloop
endfacet
facet normal -0.37206126327884304 -0.9282081751241752 9.088486059962553e-17
  outer loop
    vertex 46.003473904548265 6.003894328788635 12.999999999999991
    vertex 45.899481666797 6.045578386725049 6.0
    vertex 46.003473904548265 6.003894328788635 6.0
  endloop
endfacet
facet normal -0.37206126327884304 -0.9282081751241752 9.088486059962553e-17
  outer loop
    vertex 45.899481666797 6.045578386725049 6.0
    vertex 46.003473904548265 6.003894328788635 12.999999999999991
    vertex 45.899481666797 6.045578386725049 12.999999999999991
  endloop
endfacet
facet normal -0.31881822554790396 -0.9478158782477143 9.197505192370405e-17
  outer loop
    vertex 46.109662900504844 5.968175379527963 12.999999999999991
    vertex 46.003473904548265 6.003894328788635 6.0
    vertex 46.109662900504844 5.968175379527963 6.0
  endloop
endfacet
facet normal -0.31881822554790396 -0.9478158782477143 9.197505192370405e-17
  outer loop
    vertex 46.003473904548265 6.003894328788635 6.0
    vertex 46.109662900504844 5.968175379527963 12.999999999999991
    vertex 46.003473904548265 6.003894328788635 12.999999999999991
  endloop
endfacet
facet normal -0.26454882169515703 -0.9643722937432951 9.276914951855115e-17
  outer loop
    vertex 46.21770680222792 5.938536528352303 12.999999999999991
    vertex 46.109662900504844 5.968175379527963 6.0
    vertex 46.21770680222792 5.938536528352303 6.0
  endloop
endfacet
facet normal -0.26454882169515703 -0.9643722937432951 9.276914951855115e-17
  outer loop
    vertex 46.109662900504844 5.968175379527963 6.0
    vertex 46.21770680222792 5.938536528352303 12.999999999999991
    vertex 46.109662900504844 5.968175379527963 12.999999999999991
  endloop
endfacet
facet normal -0.2094277602945494 -0.9778241218225335 9.326459695921027e-17
  outer loop
    vertex 46.32725778581181 5.915073191114032 12.999999999999991
    vertex 46.21770680222792 5.938536528352303 6.0
    vertex 46.32725778581181 5.915073191114032 6.0
  endloop
endfacet
facet normal -0.2094277602945494 -0.9778241218225335 9.326459695921027e-17
  outer loop
    vertex 46.21770680222792 5.938536528352303 6.0
    vertex 46.32725778581181 5.915073191114032 12.999999999999991
    vertex 46.21770680222792 5.938536528352303 12.999999999999991
  endloop
endfacet
facet normal -0.15363249164695253 -0.9881280572427591 9.345979926011322e-17
  outer loop
    vertex 46.437963175627715 5.89786090293792 12.999999999999991
    vertex 46.32725778581181 5.915073191114032 6.0
    vertex 46.437963175627715 5.89786090293792 6.0
  endloop
endfacet
facet normal -0.15363249164695253 -0.9881280572427591 9.345979926011322e-17
  outer loop
    vertex 46.32725778581181 5.915073191114032 6.0
    vertex 46.437963175627715 5.89786090293792 12.999999999999991
    vertex 46.32725778581181 5.915073191114032 12.999999999999991
  endloop
endfacet
facet normal -0.09734263651716552 -0.9952509287189272 9.335412800979412e-17
  outer loop
    vertex 46.549466579686445 5.886955075052195 12.999999999999991
    vertex 46.437963175627715 5.89786090293792 6.0
    vertex 46.549466579686445 5.886955075052195 6.0
  endloop
endfacet
facet normal -0.09734263651716552 -0.9952509287189272 9.335412800979412e-17
  outer loop
    vertex 46.437963175627715 5.89786090293792 6.0
    vertex 46.549466579686445 5.886955075052195 12.999999999999991
    vertex 46.437963175627715 5.89786090293792 12.999999999999991
  endloop
endfacet
facet normal -0.040739407883839895 -0.9991698057113587 9.294792339392224e-17
  outer loop
    vertex 46.66140903696488 5.882390816404148 12.999999999999991
    vertex 46.549466579686445 5.886955075052195 6.0
    vertex 46.66140903696488 5.882390816404148 6.0
  endloop
endfacet
facet normal -0.040739407883839895 -0.9991698057113587 9.294792339392224e-17
  outer loop
    vertex 46.549466579686445 5.886955075052195 6.0
    vertex 46.66140903696488 5.882390816404148 12.999999999999991
    vertex 46.549466579686445 5.886955075052195 12.999999999999991
  endloop
endfacet
facet normal 0.015994972436310737 -0.9998720722456258 9.224249310014822e-17
  outer loop
    vertex 46.72794780628858 5.883455238354537 12.999999999999991
    vertex 46.66140903696488 5.882390816404148 6.0
    vertex 46.72794780628858 5.883455238354537 6.0
  endloop
endfacet
facet normal 0.015994972436310737 -0.9998720722456258 9.224249310014822e-17
  outer loop
    vertex 46.66140903696488 5.882390816404148 6.0
    vertex 46.72794780628858 5.883455238354537 12.999999999999991
    vertex 46.66140903696488 5.882390816404148 12.999999999999991
  endloop
endfacet
facet normal -1.0908988007463415e-14 -1.0 9.247151111459814e-17
  outer loop
    vertex 46.812941465295765 5.883455238354508 12.999999999999991
    vertex 46.72794780628858 5.883455238354537 6.0
    vertex 46.812941465295765 5.883455238354508 6.0
  endloop
endfacet
facet normal -1.0908988007463415e-14 -1.0 9.247151111459814e-17
  outer loop
    vertex 46.72794780628858 5.883455238354537 6.0
    vertex 46.812941465295765 5.883455238354508 12.999999999999991
    vertex 46.72794780628858 5.883455238354537 12.999999999999991
  endloop
endfacet
facet normal 1.0 0.0 -1.3578538040880098e-17
  outer loop
    vertex 46.812941465295765 6.884348314008365 6.0
    vertex 46.812941465295765 5.883455238354508 12.999999999999991
    vertex 46.812941465295765 5.883455238354508 6.0
  endloop
endfacet
facet normal 1.0 0.0 -1.3578538040880098e-17
  outer loop
    vertex 46.812941465295765 5.883455238354508 12.999999999999991
    vertex 46.812941465295765 6.884348314008365 6.0
    vertex 46.812941465295765 6.884348314008365 12.999999999999991
  endloop
endfacet
facet normal 0.0 1.0 -9.247151111459797e-17
  outer loop
    vertex 46.71994266567029 6.884348314008365 12.999999999999991
    vertex 46.812941465295765 6.884348314008365 6.0
    vertex 46.71994266567029 6.884348314008365 6.0
  endloop
endfacet
facet normal 0.0 1.0 -9.247151111459797e-17
  outer loop
    vertex 46.812941465295765 6.884348314008365 6.0
    vertex 46.71994266567029 6.884348314008365 12.999999999999991
    vertex 46.812941465295765 6.884348314008365 12.999999999999991
  endloop
endfacet
facet normal -0.015994972436313273 0.9998720722456257 -9.224249310014817e-17
  outer loop
    vertex 46.67380227835317 6.883610205360446 12.999999999999991
    vertex 46.71994266567029 6.884348314008365 6.0
    vertex 46.67380227835317 6.883610205360446 6.0
  endloop
endfacet
facet normal -0.015994972436313273 0.9998720722456257 -9.224249310014817e-17
  outer loop
    vertex 46.71994266567029 6.884348314008365 6.0
    vertex 46.67380227835317 6.883610205360446 12.999999999999991
    vertex 46.71994266567029 6.884348314008365 12.999999999999991
  endloop
endfacet
facet normal 0.0407394078837992 0.9991698057113603 -9.294792339392184e-17
  outer loop
    vertex 46.61862492081248 6.885859965973658 12.999999999999991
    vertex 46.67380227835317 6.883610205360446 6.0
    vertex 46.61862492081248 6.885859965973658 6.0
  endloop
endfacet
facet normal 0.0407394078837992 0.9991698057113603 -9.294792339392184e-17
  outer loop
    vertex 46.67380227835317 6.883610205360446 6.0
    vertex 46.61862492081248 6.885859965973658 12.999999999999991
    vertex 46.67380227835317 6.883610205360446 12.999999999999991
  endloop
endfacet
facet normal 0.09734263651721399 0.9952509287189225 -9.335412800979435e-17
  outer loop
    vertex 46.563663976213505 6.891235538202089 12.999999999999991
    vertex 46.61862492081248 6.885859965973658 6.0
    vertex 46.563663976213505 6.891235538202089 6.0
  endloop
endfacet
facet normal 0.09734263651721399 0.9952509287189225 -9.335412800979435e-17
  outer loop
    vertex 46.61862492081248 6.885859965973658 6.0
    vertex 46.563663976213505 6.891235538202089 12.999999999999991
    vertex 46.61862492081248 6.885859965973658 12.999999999999991
  endloop
endfacet
facet normal 0.15363249164700285 0.9881280572427511 -9.345979926011318e-17
  outer loop
    vertex 46.5090963793958 6.8997196165569585 12.999999999999991
    vertex 46.563663976213505 6.891235538202089 6.0
    vertex 46.5090963793958 6.8997196165569585 6.0
  endloop
endfacet
facet normal 0.15363249164700285 0.9881280572427511 -9.345979926011318e-17
  outer loop
    vertex 46.563663976213505 6.891235538202089 6.0
    vertex 46.5090963793958 6.8997196165569585 12.999999999999991
    vertex 46.563663976213505 6.891235538202089 12.999999999999991
  endloop
endfacet
facet normal 0.20942776029443796 0.9778241218225574 -9.326459695921096e-17
  outer loop
    vertex 46.45509779890094 6.911284888388297 12.999999999999991
    vertex 46.5090963793958 6.8997196165569585 6.0
    vertex 46.45509779890094 6.911284888388297 6.0
  endloop
endfacet
facet normal 0.20942776029443796 0.9778241218225574 -9.326459695921096e-17
  outer loop
    vertex 46.5090963793958 6.8997196165569585 6.0
    vertex 46.45509779890094 6.911284888388297 12.999999999999991
    vertex 46.5090963793958 6.8997196165569585 12.999999999999991
  endloop
endfacet
facet normal 0.2645488216951327 0.9643722937433018 -9.276914951855144e-17
  outer loop
    vertex 46.401842071445905 6.925894121812101 12.999999999999991
    vertex 46.45509779890094 6.911284888388297 6.0
    vertex 46.401842071445905 6.925894121812101 6.0
  endloop
endfacet
facet normal 0.2645488216951327 0.9643722937433018 -9.276914951855144e-17
  outer loop
    vertex 46.45509779890094 6.911284888388297 6.0
    vertex 46.401842071445905 6.925894121812101 12.999999999999991
    vertex 46.45509779890094 6.911284888388297 12.999999999999991
  endloop
endfacet
facet normal 0.3188182255479345 0.947815878247704 -9.197505192370353e-17
  outer loop
    vertex 46.34950064229351 6.943500285570256 12.999999999999991
    vertex 46.401842071445905 6.925894121812101 6.0
    vertex 46.34950064229351 6.943500285570256 6.0
  endloop
endfacet
facet normal 0.3188182255479345 0.947815878247704 -9.197505192370353e-17
  outer loop
    vertex 46.401842071445905 6.925894121812101 6.0
    vertex 46.34950064229351 6.943500285570256 12.999999999999991
    vertex 46.401842071445905 6.925894121812101 12.999999999999991
  endloop
endfacet
facet normal 0.37206126327887207 0.9282081751241636 -9.088486059962486e-17
  outer loop
    vertex 46.29824201332146 6.9640467004375175 12.999999999999991
    vertex 46.34950064229351 6.943500285570256 6.0
    vertex 46.29824201332146 6.9640467004375175 5.999999999999999
  endloop
endfacet
facet normal 0.37206126327887207 0.9282081751241636 -9.088486059962486e-17
  outer loop
    vertex 46.34950064229351 6.943500285570256 6.0
    vertex 46.29824201332146 6.9640467004375175 12.999999999999991
    vertex 46.34950064229351 6.943500285570256 12.999999999999991
  endloop
endfacet
facet normal 0.4241065304769753 0.9056123071197645 -8.950208518080929e-17
  outer loop
    vertex 46.24823120056713 6.987467221687973 12.999999999999991
    vertex 46.29824201332146 6.9640467004375175 5.999999999999999
    vertex 46.24823120056713 6.987467221687973 5.999999999999999
  endloop
endfacet
facet normal 0.4241065304769753 0.9056123071197645 -8.950208518080929e-17
  outer loop
    vertex 46.29824201332146 6.9640467004375175 5.999999999999999
    vertex 46.24823120056713 6.987467221687973 12.999999999999991
    vertex 46.29824201332146 6.9640467004375175 12.999999999999991
  endloop
endfacet
facet normal 0.4747864786939516 0.880101016730124 -8.783117721276996e-17
  outer loop
    vertex 46.19962920299425 7.013686452033662 6.0
    vertex 46.24823120056713 6.987467221687973 12.999999999999991
    vertex 46.24823120056713 6.987467221687973 5.999999999999999
  endloop
endfacet
facet normal 0.4747864786939516 0.880101016730124 -8.783117721276996e-17
  outer loop
    vertex 46.24823120056713 6.987467221687973 12.999999999999991
    vertex 46.19962920299425 7.013686452033662 6.0
    vertex 46.19962920299425 7.013686452033662 12.999999999999991
  endloop
endfacet
facet normal 0.5239379548290161 0.8517564320212605 -8.587751582129101e-17
  outer loop
    vertex 46.15259248419168 7.042619984349707 12.999999999999991
    vertex 46.19962920299425 7.013686452033662 6.0
    vertex 46.15259248419168 7.042619984349707 6.0
  endloop
endfacet
facet normal 0.5239379548290161 0.8517564320212605 -8.587751582129101e-17
  outer loop
    vertex 46.19962920299425 7.013686452033662 6.0
    vertex 46.15259248419168 7.042619984349707 12.999999999999991
    vertex 46.19962920299425 7.013686452033662 12.999999999999991
  endloop
endfacet
facet normal 0.5714027263670894 0.8206698022348922 -8.364739039541688e-17
  outer loop
    vertex 46.11406214350383 7.069447268181684 12.999999999999991
    vertex 46.15259248419168 7.042619984349707 6.0
    vertex 46.11406214350383 7.069447268181684 6.0
  endloop
endfacet
facet normal 0.5714027263670894 0.8206698022348922 -8.364739039541688e-17
  outer loop
    vertex 46.15259248419168 7.042619984349707 6.0
    vertex 46.11406214350383 7.069447268181684 12.999999999999991
    vertex 46.15259248419168 7.042619984349707 12.999999999999991
  endloop
endfacet
facet normal 0.5635355162186296 0.8260918362750007 -8.404194886414403e-17
  outer loop
    vertex 45.43064356935067 7.535655287759053 12.999999999999991
    vertex 46.11406214350383 7.069447268181684 6.0
    vertex 45.43064356935067 7.535655287759053 6.0
  endloop
endfacet
facet normal 0.5635355162186296 0.8260918362750007 -8.404194886414403e-17
  outer loop
    vertex 46.11406214350383 7.069447268181684 6.0
    vertex 45.43064356935067 7.535655287759053 12.999999999999991
    vertex 46.11406214350383 7.069447268181684 12.999999999999991
  endloop
endfacet
facet normal 0.5477471553804942 0.8366439229281336 -8.480333340412765e-17
  outer loop
    vertex 45.38148901961485 7.567836558732228 12.999999999999991
    vertex 45.43064356935067 7.535655287759053 6.0
    vertex 45.38148901961485 7.567836558732228 6.0
  endloop
endfacet
facet normal 0.5477471553804942 0.8366439229281336 -8.480333340412765e-17
  outer loop
    vertex 45.43064356935067 7.535655287759053 6.0
    vertex 45.38148901961485 7.567836558732228 12.999999999999991
    vertex 45.43064356935067 7.535655287759053 12.999999999999991
  endloop
endfacet
facet normal 0.5155836146352888 0.8568392709952141 -8.623409389583769e-17
  outer loop
    vertex 45.33317835104522 7.596906408784317 12.999999999999991
    vertex 45.38148901961485 7.567836558732228 6.0
    vertex 45.33317835104522 7.596906408784317 6.0
  endloop
endfacet
facet normal 0.5155836146352888 0.8568392709952141 -8.623409389583769e-17
  outer loop
    vertex 45.38148901961485 7.567836558732228 6.0
    vertex 45.33317835104522 7.596906408784317 12.999999999999991
    vertex 45.38148901961485 7.567836558732228 12.999999999999991
  endloop
endfacet
facet normal 0.48267642421644175 0.8757987608495628 -8.75404750357104e-17
  outer loop
    vertex 45.2837987006239 7.6241208719234335 12.999999999999991
    vertex 45.33317835104522 7.596906408784317 6.0
    vertex 45.2837987006239 7.6241208719234335 6.0
  endloop
endfacet
facet normal 0.48267642421644175 0.8757987608495628 -8.75404750357104e-17
  outer loop
    vertex 45.33317835104522 7.596906408784317 6.0
    vertex 45.2837987006239 7.6241208719234335 12.999999999999991
    vertex 45.33317835104522 7.596906408784317 12.999999999999991
  endloop
endfacet
facet normal 0.44907304765966216 0.893495046357652 -8.872059257088053e-17
  outer loop
    vertex 45.23342129086415 7.649440695492947 12.999999999999991
    vertex 45.2837987006239 7.6241208719234335 6.0
    vertex 45.23342129086415 7.649440695492947 6.0
  endloop
endfacet
facet normal 0.44907304765966216 0.893495046357652 -8.872059257088053e-17
  outer loop
    vertex 45.2837987006239 7.6241208719234335 6.0
    vertex 45.23342129086415 7.649440695492947 12.999999999999991
    vertex 45.2837987006239 7.6241208719234335 12.999999999999991
  endloop
endfacet
facet normal 0.41482195264155863 0.9099026033629338 -8.977274436421274e-17
  outer loop
    vertex 45.18211878339316 7.6728293595608035 12.999999999999991
    vertex 45.23342129086415 7.649440695492947 6.0
    vertex 45.18211878339316 7.6728293595608035 6.0
  endloop
endfacet
facet normal 0.41482195264155863 0.9099026033629338 -8.977274436421274e-17
  outer loop
    vertex 45.23342129086415 7.649440695492947 6.0
    vertex 45.18211878339316 7.6728293595608035 12.999999999999991
    vertex 45.23342129086415 7.649440695492947 12.999999999999991
  endloop
endfacet
facet normal 0.37997254107320816 0.9249977665002057 -9.06954128493545e-17
  outer loop
    vertex 45.12996517414854 7.694253129594103 12.999999999999991
    vertex 45.18211878339316 7.6728293595608035 6.0
    vertex 45.12996517414854 7.694253129594103 6.0
  endloop
endfacet
facet normal 0.37997254107320816 0.9249977665002057 -9.06954128493545e-17
  outer loop
    vertex 45.18211878339316 7.6728293595608035 6.0
    vertex 45.12996517414854 7.694253129594103 12.999999999999991
    vertex 45.18211878339316 7.6728293595608035 12.999999999999991
  endloop
endfacet
facet normal 0.34457507784414976 0.9387587633299079 -9.148726721963383e-17
  outer loop
    vertex 45.07703568665033 7.713681105116008 12.999999999999991
    vertex 45.12996517414854 7.694253129594103 6.0
    vertex 45.07703568665033 7.713681105116008 6.0
  endloop
endfacet
facet normal 0.34457507784414976 0.9387587633299079 -9.148726721963383e-17
  outer loop
    vertex 45.12996517414854 7.694253129594103 6.0
    vertex 45.07703568665033 7.713681105116008 12.999999999999991
    vertex 45.12996517414854 7.694253129594103 12.999999999999991
  endloop
endfacet
facet normal 0.30868061832381566 0.951165745741102 -9.214716534751551e-17
  outer loop
    vertex 45.02340666350362 7.7310852642745465 12.999999999999991
    vertex 45.07703568665033 7.713681105116008 6.0
    vertex 45.02340666350362 7.7310852642745465 6.0
  endloop
endfacet
facet normal 0.30868061832381566 0.951165745741102 -9.214716534751551e-17
  outer loop
    vertex 45.07703568665033 7.713681105116008 6.0
    vertex 45.02340666350362 7.7310852642745465 12.999999999999991
    vertex 45.07703568665033 7.713681105116008 12.999999999999991
  endloop
endfacet
facet normal 0.27234093472219206 0.9622008185792832 -9.267415543194356e-17
  outer loop
    vertex 44.96915545628505 7.746440504260237 12.999999999999991
    vertex 45.02340666350362 7.7310852642745465 6.0
    vertex 44.96915545628505 7.746440504260237 5.999999999999999
  endloop
endfacet
facet normal 0.27234093472219206 0.9622008185792832 -9.267415543194356e-17
  outer loop
    vertex 45.02340666350362 7.7310852642745465 6.0
    vertex 44.96915545628505 7.746440504260237 12.999999999999991
    vertex 45.02340666350362 7.7310852642745465 12.999999999999991
  endloop
endfacet
facet normal 0.23560844141609197 0.9718480654574974 -9.306747737117438e-17
  outer loop
    vertex 44.91436031397582 7.759724677512743 6.0
    vertex 44.96915545628505 7.746440504260237 12.999999999999991
    vertex 44.96915545628505 7.746440504260237 5.999999999999999
  endloop
endfacet
facet normal 0.23560844141609197 0.9718480654574974 -9.306747737117438e-17
  outer loop
    vertex 44.96915545628505 7.746440504260237 12.999999999999991
    vertex 44.91436031397582 7.759724677512743 6.0
    vertex 44.91436031397582 7.759724677512743 12.999999999999991
  endloop
endfacet
facet normal 0.19853611934980084 0.980093571713192 -9.332656385910244e-17
  outer loop
    vertex 44.859100270099475 7.770918623665388 12.999999999999991
    vertex 44.91436031397582 7.759724677512743 6.0
    vertex 44.859100270099475 7.770918623665388 6.0
  endloop
endfacet
facet normal 0.19853611934980084 0.980093571713192 -9.332656385910244e-17
  outer loop
    vertex 44.91436031397582 7.759724677512743 6.0
    vertex 44.859100270099475 7.770918623665388 12.999999999999991
    vertex 44.91436031397582 7.759724677512743 12.999999999999991
  endloop
endfacet
facet normal 0.1611774396176143 0.9869254444781077 -9.34510412035163e-17
  outer loop
    vertex 44.81875360750884 7.777507745275189 12.999999999999991
    vertex 44.859100270099475 7.770918623665388 6.0
    vertex 44.81875360750884 7.777507745275189 6.0
  endloop
endfacet
facet normal 0.1611774396176143 0.9869254444781077 -9.34510412035163e-17
  outer loop
    vertex 44.859100270099475 7.770918623665388 6.0
    vertex 44.81875360750884 7.777507745275189 12.999999999999991
    vertex 44.859100270099475 7.770918623665388 12.999999999999991
  endloop
endfacet
facet normal -5.636656859968187e-16 1.0 -9.247151111459799e-17
  outer loop
    vertex 44.60294146529583 7.77750774527524 12.999999999999991
    vertex 44.81875360750884 7.777507745275189 6.0
    vertex 44.60294146529583 7.77750774527524 6.0
  endloop
endfacet
facet normal -5.636656859968187e-16 1.0 -9.247151111459799e-17
  outer loop
    vertex 44.81875360750884 7.777507745275189 6.0
    vertex 44.60294146529583 7.77750774527524 12.999999999999991
    vertex 44.81875360750884 7.777507745275189 12.999999999999991
  endloop
endfacet
facet normal -1.0 -5.671326961482328e-15 1.357853804088062e-17
  outer loop
    vertex 44.60294146529583 7.77750774527524 12.999999999999991
    vertex 44.60294146529583 6.78304330980885 6.0
    vertex 44.60294146529583 6.78304330980885 12.999999999999991
  endloop
endfacet
facet normal -1.0 -5.671326961482328e-15 1.357853804088062e-17
  outer loop
    vertex 44.60294146529583 6.78304330980885 6.0
    vertex 44.60294146529583 7.77750774527524 12.999999999999991
    vertex 44.60294146529583 7.77750774527524 6.0
  endloop
endfacet
facet normal -0.5239379548291746 -0.8517564320211628 8.587751582128413e-17
  outer loop
    vertex 45.69941843798034 6.146286286125022 12.999999999999991
    vertex 45.60399150708415 6.2049859203511275 6.0
    vertex 45.69941843798034 6.146286286125022 6.0
  endloop
endfacet
facet normal -0.5239379548291746 -0.8517564320211628 8.587751582128413e-17
  outer loop
    vertex 45.60399150708415 6.2049859203511275 6.0
    vertex 45.69941843798034 6.146286286125022 12.999999999999991
    vertex 45.60399150708415 6.2049859203511275 12.999999999999991
  endloop
endfacet
facet normal -7.48010468400036e-17 -1.2223756584805511e-16 -1.0
  outer loop
    vertex 44.81875360750884 7.777507745275189 6.0
    vertex 44.60294146529583 6.78304330980885 6.0
    vertex 44.60294146529583 7.77750774527524 6.0
  endloop
endfacet
facet normal -7.48010468400036e-17 -1.2223756584805511e-16 -1.0
  outer loop
    vertex 44.60294146529583 6.78304330980885 6.0
    vertex 44.81875360750884 7.777507745275189 6.0
    vertex 44.679017929669335 6.786175682300776 6.0
  endloop
endfacet
facet normal -7.48010468400036e-17 -1.2223756584805511e-16 -1.0
  outer loop
    vertex 44.679017929669335 6.786175682300776 6.0
    vertex 44.81875360750884 7.777507745275189 6.0
    vertex 44.73756214473248 6.776614669621349 6.0
  endloop
endfacet
facet normal -7.48010468400036e-17 -1.2223756584805511e-16 -1.0
  outer loop
    vertex 44.73756214473248 6.776614669621349 6.0
    vertex 44.81875360750884 7.777507745275189 6.0
    vertex 44.76723703195041 6.761206182886859 6.0
  endloop
endfacet
facet normal -7.48010468400036e-17 -1.2223756584805511e-16 -1.0
  outer loop
    vertex 44.76723703195041 6.761206182886859 6.0
    vertex 44.81875360750884 7.777507745275189 6.0
    vertex 44.8009320792072 6.7466110373056525 6.0
  endloop
endfacet
facet normal -7.48010468400036e-17 -1.2223756584805511e-16 -1.0
  outer loop
    vertex 44.8009320792072 6.7466110373056525 6.0
    vertex 44.81875360750884 7.777507745275189 6.0
    vertex 44.83342236555962 6.729500929856764 6.0
  endloop
endfacet
facet normal -7.48010468400036e-17 -1.2223756584805511e-16 -1.0
  outer loop
    vertex 44.83342236555962 6.729500929856764 6.0
    vertex 44.81875360750884 7.777507745275189 6.0
    vertex 44.859100270099475 7.770918623665388 6.0
  endloop
endfacet
facet normal -7.48010468400036e-17 -1.2223756584805511e-16 -1.0
  outer loop
    vertex 44.83342236555962 6.729500929856764 6.0
    vertex 44.859100270099475 7.770918623665388 6.0
    vertex 44.87445586085606 6.703469908306879 6.0
  endloop
endfacet
facet normal -7.48010468400036e-17 -1.2223756584805511e-16 -1.0
  outer loop
    vertex 44.87445586085606 6.703469908306879 6.0
    vertex 44.859100270099475 7.770918623665388 6.0
    vertex 44.91436031397582 7.759724677512743 6.0
  endloop
endfacet
facet normal -7.48010468400036e-17 -1.2223756584805511e-16 -1.0
  outer loop
    vertex 44.87445586085606 6.703469908306879 6.0
    vertex 44.91436031397582 7.759724677512743 6.0
    vertex 45.54607326622476 6.245312298442903 6.0
  endloop
endfacet
facet normal -7.48010468400036e-17 -1.2223756584805511e-16 -1.0
  outer loop
    vertex 45.54607326622476 6.245312298442903 6.0
    vertex 44.91436031397582 7.759724677512743 6.0
    vertex 44.96915545628505 7.746440504260237 5.999999999999999
  endloop
endfacet
facet normal -7.48010468400036e-17 -1.2223756584805511e-16 -1.0
  outer loop
    vertex 45.54607326622476 6.245312298442903 6.0
    vertex 44.96915545628505 7.746440504260237 5.999999999999999
    vertex 45.02340666350362 7.7310852642745465 6.0
  endloop
endfacet
facet normal -7.48010468400036e-17 -1.2223756584805511e-16 -1.0
  outer loop
    vertex 45.54607326622476 6.245312298442903 6.0
    vertex 45.02340666350362 7.7310852642745465 6.0
    vertex 45.07703568665033 7.713681105116008 6.0
  endloop
endfacet
facet normal -7.48010468400036e-17 -1.2223756584805511e-16 -1.0
  outer loop
    vertex 45.54607326622476 6.245312298442903 6.0
    vertex 45.07703568665033 7.713681105116008 6.0
    vertex 45.12996517414854 7.694253129594103 6.0
  endloop
endfacet
facet normal -7.48010468400036e-17 -1.2223756584805511e-16 -1.0
  outer loop
    vertex 45.54607326622476 6.245312298442903 6.0
    vertex 45.12996517414854 7.694253129594103 6.0
    vertex 45.18211878339316 7.6728293595608035 6.0
  endloop
endfacet
facet normal -7.48010468400036e-17 -1.2223756584805511e-16 -1.0
  outer loop
    vertex 45.54607326622476 6.245312298442903 6.0
    vertex 45.18211878339316 7.6728293595608035 6.0
    vertex 45.23342129086415 7.649440695492947 6.0
  endloop
endfacet
facet normal -7.48010468400036e-17 -1.2223756584805511e-16 -1.0
  outer loop
    vertex 45.54607326622476 6.245312298442903 6.0
    vertex 45.23342129086415 7.649440695492947 6.0
    vertex 45.2837987006239 7.6241208719234335 6.0
  endloop
endfacet
facet normal -7.48010468400036e-17 -1.2223756584805511e-16 -1.0
  outer loop
    vertex 45.54607326622476 6.245312298442903 6.0
    vertex 45.2837987006239 7.6241208719234335 6.0
    vertex 45.33317835104522 7.596906408784317 6.0
  endloop
endfacet
facet normal -7.48010468400036e-17 -1.2223756584805511e-16 -1.0
  outer loop
    vertex 45.54607326622476 6.245312298442903 6.0
    vertex 45.33317835104522 7.596906408784317 6.0
    vertex 45.38148901961485 7.567836558732228 6.0
  endloop
endfacet
facet normal -7.48010468400036e-17 -1.2223756584805511e-16 -1.0
  outer loop
    vertex 45.54607326622476 6.245312298442903 6.0
    vertex 45.38148901961485 7.567836558732228 6.0
    vertex 45.43064356935067 7.535655287759053 6.0
  endloop
endfacet
facet normal -7.48010468400036e-17 -1.2223756584805511e-16 -1.0
  outer loop
    vertex 45.54607326622476 6.245312298442903 6.0
    vertex 45.43064356935067 7.535655287759053 6.0
    vertex 46.11406214350383 7.069447268181684 6.0
  endloop
endfacet
facet normal -7.48010468400036e-17 -1.2223756584805511e-16 -1.0
  outer loop
    vertex 45.54607326622476 6.245312298442903 6.0
    vertex 46.11406214350383 7.069447268181684 6.0
    vertex 45.60399150708415 6.2049859203511275 6.0
  endloop
endfacet
facet normal -7.48010468400036e-17 -1.2223756584805511e-16 -1.0
  outer loop
    vertex 45.60399150708415 6.2049859203511275 6.0
    vertex 46.11406214350383 7.069447268181684 6.0
    vertex 45.69941843798034 6.146286286125022 6.0
  endloop
endfacet
facet normal -7.48010468400036e-17 -1.2223756584805511e-16 -1.0
  outer loop
    vertex 45.69941843798034 6.146286286125022 6.0
    vertex 46.11406214350383 7.069447268181684 6.0
    vertex 45.798020967703486 6.09309336055439 6.0
  endloop
endfacet
facet normal -7.48010468400036e-17 -1.2223756584805511e-16 -1.0
  outer loop
    vertex 45.798020967703486 6.09309336055439 6.0
    vertex 46.11406214350383 7.069447268181684 6.0
    vertex 45.899481666797 6.045578386725049 6.0
  endloop
endfacet
facet normal -7.48010468400036e-17 -1.2223756584805511e-16 -1.0
  outer loop
    vertex 45.899481666797 6.045578386725049 6.0
    vertex 46.11406214350383 7.069447268181684 6.0
    vertex 46.003473904548265 6.003894328788635 6.0
  endloop
endfacet
facet normal -7.48010468400036e-17 -1.2223756584805511e-16 -1.0
  outer loop
    vertex 46.003473904548265 6.003894328788635 6.0
    vertex 46.11406214350383 7.069447268181684 6.0
    vertex 46.109662900504844 5.968175379527963 6.0
  endloop
endfacet
facet normal -7.48010468400036e-17 -1.2223756584805511e-16 -1.0
  outer loop
    vertex 46.109662900504844 5.968175379527963 6.0
    vertex 46.11406214350383 7.069447268181684 6.0
    vertex 46.21770680222792 5.938536528352303 6.0
  endloop
endfacet
facet normal -7.48010468400036e-17 -1.2223756584805511e-16 -1.0
  outer loop
    vertex 46.21770680222792 5.938536528352303 6.0
    vertex 46.11406214350383 7.069447268181684 6.0
    vertex 46.15259248419168 7.042619984349707 6.0
  endloop
endfacet
facet normal -7.48010468400036e-17 -1.2223756584805511e-16 -1.0
  outer loop
    vertex 46.21770680222792 5.938536528352303 6.0
    vertex 46.15259248419168 7.042619984349707 6.0
    vertex 46.19962920299425 7.013686452033662 6.0
  endloop
endfacet
facet normal -7.48010468400036e-17 -1.2223756584805511e-16 -1.0
  outer loop
    vertex 46.21770680222792 5.938536528352303 6.0
    vertex 46.19962920299425 7.013686452033662 6.0
    vertex 46.24823120056713 6.987467221687973 5.999999999999999
  endloop
endfacet
facet normal -7.48010468400036e-17 -1.2223756584805511e-16 -1.0
  outer loop
    vertex 46.21770680222792 5.938536528352303 6.0
    vertex 46.24823120056713 6.987467221687973 5.999999999999999
    vertex 46.32725778581181 5.915073191114032 6.0
  endloop
endfacet
facet normal -7.48010468400036e-17 -1.2223756584805511e-16 -1.0
  outer loop
    vertex 46.32725778581181 5.915073191114032 6.0
    vertex 46.24823120056713 6.987467221687973 5.999999999999999
    vertex 46.29824201332146 6.9640467004375175 5.999999999999999
  endloop
endfacet
facet normal -7.48010468400036e-17 -1.2223756584805511e-16 -1.0
  outer loop
    vertex 46.32725778581181 5.915073191114032 6.0
    vertex 46.29824201332146 6.9640467004375175 5.999999999999999
    vertex 46.34950064229351 6.943500285570256 6.0
  endloop
endfacet
facet normal -7.48010468400036e-17 -1.2223756584805511e-16 -1.0
  outer loop
    vertex 46.32725778581181 5.915073191114032 6.0
    vertex 46.34950064229351 6.943500285570256 6.0
    vertex 46.437963175627715 5.89786090293792 6.0
  endloop
endfacet
facet normal -7.48010468400036e-17 -1.2223756584805511e-16 -1.0
  outer loop
    vertex 46.437963175627715 5.89786090293792 6.0
    vertex 46.34950064229351 6.943500285570256 6.0
    vertex 46.401842071445905 6.925894121812101 6.0
  endloop
endfacet
facet normal -7.48010468400036e-17 -1.2223756584805511e-16 -1.0
  outer loop
    vertex 46.437963175627715 5.89786090293792 6.0
    vertex 46.401842071445905 6.925894121812101 6.0
    vertex 46.45509779890094 6.911284888388297 6.0
  endloop
endfacet
facet normal -7.48010468400036e-17 -1.2223756584805511e-16 -1.0
  outer loop
    vertex 46.437963175627715 5.89786090293792 6.0
    vertex 46.45509779890094 6.911284888388297 6.0
    vertex 46.549466579686445 5.886955075052195 6.0
  endloop
endfacet
facet normal -7.48010468400036e-17 -1.2223756584805511e-16 -1.0
  outer loop
    vertex 46.549466579686445 5.886955075052195 6.0
    vertex 46.45509779890094 6.911284888388297 6.0
    vertex 46.5090963793958 6.8997196165569585 6.0
  endloop
endfacet
facet normal -7.48010468400036e-17 -1.2223756584805511e-16 -1.0
  outer loop
    vertex 46.549466579686445 5.886955075052195 6.0
    vertex 46.5090963793958 6.8997196165569585 6.0
    vertex 46.563663976213505 6.891235538202089 6.0
  endloop
endfacet
facet normal -7.48010468400036e-17 -1.2223756584805511e-16 -1.0
  outer loop
    vertex 46.549466579686445 5.886955075052195 6.0
    vertex 46.563663976213505 6.891235538202089 6.0
    vertex 46.66140903696488 5.882390816404148 6.0
  endloop
endfacet
facet normal -7.48010468400036e-17 -1.2223756584805511e-16 -1.0
  outer loop
    vertex 46.66140903696488 5.882390816404148 6.0
    vertex 46.563663976213505 6.891235538202089 6.0
    vertex 46.61862492081248 6.885859965973658 6.0
  endloop
endfacet
facet normal -7.48010468400036e-17 -1.2223756584805511e-16 -1.0
  outer loop
    vertex 46.66140903696488 5.882390816404148 6.0
    vertex 46.61862492081248 6.885859965973658 6.0
    vertex 46.67380227835317 6.883610205360446 6.0
  endloop
endfacet
facet normal -7.48010468400036e-17 -1.2223756584805511e-16 -1.0
  outer loop
    vertex 46.66140903696488 5.882390816404148 6.0
    vertex 46.67380227835317 6.883610205360446 6.0
    vertex 46.72794780628858 5.883455238354537 6.0
  endloop
endfacet
facet normal -7.48010468400036e-17 -1.2223756584805511e-16 -1.0
  outer loop
    vertex 46.72794780628858 5.883455238354537 6.0
    vertex 46.67380227835317 6.883610205360446 6.0
    vertex 46.71994266567029 6.884348314008365 6.0
  endloop
endfacet
facet normal -7.48010468400036e-17 -1.2223756584805511e-16 -1.0
  outer loop
    vertex 46.72794780628858 5.883455238354537 6.0
    vertex 46.71994266567029 6.884348314008365 6.0
    vertex 46.812941465295765 6.884348314008365 6.0
  endloop
endfacet
facet normal -7.48010468400036e-17 -1.2223756584805511e-16 -1.0
  outer loop
    vertex 46.72794780628858 5.883455238354537 6.0
    vertex 46.812941465295765 6.884348314008365 6.0
    vertex 46.812941465295765 5.883455238354508 6.0
  endloop
endfacet
facet normal 5.21966698602341e-31 -1.4087251431456761e-15 1.0
  outer loop
    vertex 68.73800338662126 38.97653007642907 5.9999999999999964
    vertex 53.43800338662127 39.97742315208289 5.999999999999997
    vertex 53.43800338662127 38.97653007642907 5.9999999999999964
  endloop
endfacet
facet normal 5.21966698602341e-31 -1.4087251431456761e-15 1.0
  outer loop
    vertex 53.43800338662127 39.97742315208289 5.999999999999997
    vertex 68.73800338662126 38.97653007642907 5.9999999999999964
    vertex 68.73800338662126 39.9774231520829 5.999999999999997
  endloop
endfacet
facet normal 0.0 -1.0 -1.7609064289321049e-15
  outer loop
    vertex 62.88750468764056 38.97653007642908 12.999999999999984
    vertex 59.288502085601976 38.97653007642908 5.999999999999995
    vertex 62.88750468764056 38.97653007642908 5.999999999999995
  endloop
endfacet
facet normal 0.0 -1.0 -1.7609064289321049e-15
  outer loop
    vertex 59.288502085601976 38.97653007642908 5.999999999999995
    vertex 62.88750468764056 38.97653007642908 12.999999999999984
    vertex 59.288502085601976 38.97653007642908 12.999999999999984
  endloop
endfacet
facet normal 9.79426383628683e-17 1.7609064289321049e-15 -1.0
  outer loop
    vertex 62.88750468764056 39.9774231520829 5.9999999999999964
    vertex 59.288502085601976 38.97653007642908 5.999999999999995
    vertex 59.288502085601976 39.9774231520829 5.9999999999999964
  endloop
endfacet
facet normal 9.79426383628683e-17 1.7609064289321049e-15 -1.0
  outer loop
    vertex 59.288502085601976 38.97653007642908 5.999999999999995
    vertex 62.88750468764056 39.9774231520829 5.9999999999999964
    vertex 62.88750468764056 38.97653007642908 5.999999999999995
  endloop
endfacet
facet normal -9.79426383628683e-17 -1.7609064289321049e-15 1.0
  outer loop
    vertex 62.88750468764056 38.97653007642908 12.999999999999984
    vertex 59.288502085601976 39.9774231520829 12.999999999999991
    vertex 59.288502085601976 38.97653007642908 12.999999999999984
  endloop
endfacet
facet normal -9.79426383628683e-17 -1.7609064289321049e-15 1.0
  outer loop
    vertex 59.288502085601976 39.9774231520829 12.999999999999991
    vertex 62.88750468764056 38.97653007642908 12.999999999999984
    vertex 62.88750468764056 39.9774231520829 12.999999999999991
  endloop
endfacet
facet normal -1.0 1.3797425724779762e-31 -9.79426383628683e-17
  outer loop
    vertex 59.288502085601976 39.9774231520829 12.999999999999991
    vertex 59.288502085601976 38.97653007642908 5.999999999999995
    vertex 59.288502085601976 38.97653007642908 12.999999999999984
  endloop
endfacet
facet normal -1.0 1.3797425724779762e-31 -9.79426383628683e-17
  outer loop
    vertex 59.288502085601976 38.97653007642908 5.999999999999995
    vertex 59.288502085601976 39.9774231520829 12.999999999999991
    vertex 59.288502085601976 39.9774231520829 5.9999999999999964
  endloop
endfacet
facet normal -3.4493564311949402e-31 1.0 1.7609064289321049e-15
  outer loop
    vertex 59.288502085601976 39.9774231520829 12.999999999999991
    vertex 62.88750468764056 39.9774231520829 5.9999999999999964
    vertex 59.288502085601976 39.9774231520829 5.9999999999999964
  endloop
endfacet
facet normal -3.4493564311949402e-31 1.0 1.7609064289321049e-15
  outer loop
    vertex 62.88750468764056 39.9774231520829 5.9999999999999964
    vertex 59.288502085601976 39.9774231520829 12.999999999999991
    vertex 62.88750468764056 39.9774231520829 12.999999999999991
  endloop
endfacet
facet normal 1.0 -2.0696138587169647e-31 9.79426383628683e-17
  outer loop
    vertex 62.88750468764056 39.9774231520829 5.9999999999999964
    vertex 62.88750468764056 38.97653007642908 12.999999999999984
    vertex 62.88750468764056 38.97653007642908 5.999999999999995
  endloop
endfacet
facet normal 1.0 -2.0696138587169647e-31 9.79426383628683e-17
  outer loop
    vertex 62.88750468764056 38.97653007642908 12.999999999999984
    vertex 62.88750468764056 39.9774231520829 5.9999999999999964
    vertex 62.88750468764056 39.9774231520829 12.999999999999991
  endloop
endfacet
facet normal 0.0 -1.0 -1.7609064289321049e-15
  outer loop
    vertex 45.43750468764056 38.97653007642908 13.000000000000007
    vertex 41.838502085601974 38.97653007642908 5.999999999999995
    vertex 45.43750468764056 38.97653007642908 5.999999999999995
  endloop
endfacet
facet normal 0.0 -1.0 -1.7609064289321049e-15
  outer loop
    vertex 41.838502085601974 38.97653007642908 5.999999999999995
    vertex 45.43750468764056 38.97653007642908 13.000000000000007
    vertex 41.838502085601974 38.97653007642908 13.000000000000007
  endloop
endfacet
facet normal 9.79426383628683e-17 1.7609064289321049e-15 -1.0
  outer loop
    vertex 45.43750468764056 39.9774231520829 5.9999999999999964
    vertex 41.838502085601974 38.97653007642908 5.999999999999995
    vertex 41.838502085601974 39.9774231520829 5.9999999999999964
  endloop
endfacet
facet normal 9.79426383628683e-17 1.7609064289321049e-15 -1.0
  outer loop
    vertex 41.838502085601974 38.97653007642908 5.999999999999995
    vertex 45.43750468764056 39.9774231520829 5.9999999999999964
    vertex 45.43750468764056 38.97653007642908 5.999999999999995
  endloop
endfacet
facet normal -9.79426383628683e-17 -1.7609064289321049e-15 1.0
  outer loop
    vertex 45.43750468764056 38.97653007642908 13.000000000000007
    vertex 41.838502085601974 39.9774231520829 13.000000000000012
    vertex 41.838502085601974 38.97653007642908 13.000000000000007
  endloop
endfacet
facet normal -9.79426383628683e-17 -1.7609064289321049e-15 1.0
  outer loop
    vertex 41.838502085601974 39.9774231520829 13.000000000000012
    vertex 45.43750468764056 38.97653007642908 13.000000000000007
    vertex 45.43750468764056 39.9774231520829 13.000000000000012
  endloop
endfacet
facet normal -1.0 1.3797425724779762e-31 -9.79426383628683e-17
  outer loop
    vertex 41.838502085601974 39.9774231520829 13.000000000000012
    vertex 41.838502085601974 38.97653007642908 5.999999999999995
    vertex 41.838502085601974 38.97653007642908 13.000000000000007
  endloop
endfacet
facet normal -1.0 1.3797425724779762e-31 -9.79426383628683e-17
  outer loop
    vertex 41.838502085601974 38.97653007642908 5.999999999999995
    vertex 41.838502085601974 39.9774231520829 13.000000000000012
    vertex 41.838502085601974 39.9774231520829 5.9999999999999964
  endloop
endfacet
facet normal -3.4493564311949402e-31 1.0 1.7609064289321049e-15
  outer loop
    vertex 41.838502085601974 39.9774231520829 13.000000000000012
    vertex 45.43750468764056 39.9774231520829 5.9999999999999964
    vertex 41.838502085601974 39.9774231520829 5.9999999999999964
  endloop
endfacet
facet normal -3.4493564311949402e-31 1.0 1.7609064289321049e-15
  outer loop
    vertex 45.43750468764056 39.9774231520829 5.9999999999999964
    vertex 41.838502085601974 39.9774231520829 13.000000000000012
    vertex 45.43750468764056 39.9774231520829 13.000000000000012
  endloop
endfacet
facet normal 1.0 -2.0696138587169647e-31 9.79426383628683e-17
  outer loop
    vertex 45.43750468764056 39.9774231520829 5.9999999999999964
    vertex 45.43750468764056 38.97653007642908 13.000000000000007
    vertex 45.43750468764056 38.97653007642908 5.999999999999995
  endloop
endfacet
facet normal 1.0 -2.0696138587169647e-31 9.79426383628683e-17
  outer loop
    vertex 45.43750468764056 38.97653007642908 13.000000000000007
    vertex 45.43750468764056 39.9774231520829 5.9999999999999964
    vertex 45.43750468764056 39.9774231520829 13.000000000000012
  endloop
endfacet
facet normal 0.0 -1.0 -1.7609064289321049e-15
  outer loop
    vertex 27.987504687640556 38.97653007642908 13.000000000000002
    vertex 24.38850208560197 38.97653007642908 5.999999999999995
    vertex 27.987504687640556 38.97653007642908 5.999999999999995
  endloop
endfacet
facet normal 0.0 -1.0 -1.7609064289321049e-15
  outer loop
    vertex 24.38850208560197 38.97653007642908 5.999999999999995
    vertex 27.987504687640556 38.97653007642908 13.000000000000002
    vertex 24.38850208560197 38.97653007642908 13.000000000000002
  endloop
endfacet
facet normal 9.79426383628683e-17 1.7609064289321049e-15 -1.0
  outer loop
    vertex 27.987504687640556 39.9774231520829 5.9999999999999964
    vertex 24.38850208560197 38.97653007642908 5.999999999999995
    vertex 24.38850208560197 39.9774231520829 5.9999999999999964
  endloop
endfacet
facet normal 9.79426383628683e-17 1.7609064289321049e-15 -1.0
  outer loop
    vertex 24.38850208560197 38.97653007642908 5.999999999999995
    vertex 27.987504687640556 39.9774231520829 5.9999999999999964
    vertex 27.987504687640556 38.97653007642908 5.999999999999995
  endloop
endfacet
facet normal -9.79426383628683e-17 -1.7609064289321049e-15 1.0
  outer loop
    vertex 27.987504687640556 38.97653007642908 13.000000000000002
    vertex 24.38850208560197 39.9774231520829 13.000000000000007
    vertex 24.38850208560197 38.97653007642908 13.000000000000002
  endloop
endfacet
facet normal -9.79426383628683e-17 -1.7609064289321049e-15 1.0
  outer loop
    vertex 24.38850208560197 39.9774231520829 13.000000000000007
    vertex 27.987504687640556 38.97653007642908 13.000000000000002
    vertex 27.987504687640556 39.9774231520829 13.000000000000007
  endloop
endfacet
facet normal -1.0 1.3797425724779762e-31 -9.79426383628683e-17
  outer loop
    vertex 24.38850208560197 39.9774231520829 13.000000000000007
    vertex 24.38850208560197 38.97653007642908 5.999999999999995
    vertex 24.38850208560197 38.97653007642908 13.000000000000002
  endloop
endfacet
facet normal -1.0 1.3797425724779762e-31 -9.79426383628683e-17
  outer loop
    vertex 24.38850208560197 38.97653007642908 5.999999999999995
    vertex 24.38850208560197 39.9774231520829 13.000000000000007
    vertex 24.38850208560197 39.9774231520829 5.9999999999999964
  endloop
endfacet
facet normal -3.4493564311949402e-31 1.0 1.7609064289321049e-15
  outer loop
    vertex 24.38850208560197 39.9774231520829 13.000000000000007
    vertex 27.987504687640556 39.9774231520829 5.9999999999999964
    vertex 24.38850208560197 39.9774231520829 5.9999999999999964
  endloop
endfacet
facet normal -3.4493564311949402e-31 1.0 1.7609064289321049e-15
  outer loop
    vertex 27.987504687640556 39.9774231520829 5.9999999999999964
    vertex 24.38850208560197 39.9774231520829 13.000000000000007
    vertex 27.987504687640556 39.9774231520829 13.000000000000007
  endloop
endfacet
facet normal 1.0 -2.0696138587169647e-31 9.79426383628683e-17
  outer loop
    vertex 27.987504687640556 39.9774231520829 5.9999999999999964
    vertex 27.987504687640556 38.97653007642908 13.000000000000002
    vertex 27.987504687640556 38.97653007642908 5.999999999999995
  endloop
endfacet
facet normal 1.0 -2.0696138587169647e-31 9.79426383628683e-17
  outer loop
    vertex 27.987504687640556 38.97653007642908 13.000000000000002
    vertex 27.987504687640556 39.9774231520829 5.9999999999999964
    vertex 27.987504687640556 39.9774231520829 13.000000000000007
  endloop
endfacet
facet normal -2.347875238576276e-16 -5.672246242287828e-17 1.0
  outer loop
    vertex 78.96334570652652 19.13385947958529 5.4
    vertex 77.96245263087272 27.127018910852133 5.399999999999999
    vertex 77.96245263087272 19.133859479585293 5.399999999999999
  endloop
endfacet
facet normal -2.347875238576276e-16 -5.672246242287828e-17 1.0
  outer loop
    vertex 77.96245263087272 27.127018910852133 5.399999999999999
    vertex 78.96334570652652 19.13385947958529 5.4
    vertex 78.96334570652651 27.12701891085213 5.4
  endloop
endfacet
facet normal -3.52181285786427e-16 1.1425913277923306e-15 -1.0
  outer loop
    vertex 78.96334570652651 23.901703167175256 5.400000000000002
    vertex 77.96245263087272 22.359175223262163 5.4
    vertex 77.96245263087272 23.901703167175256 5.4
  endloop
endfacet
facet normal -3.52181285786427e-16 1.1425913277923306e-15 -1.0
  outer loop
    vertex 77.96245263087272 22.359175223262163 5.4
    vertex 78.96334570652651 23.901703167175256 5.400000000000002
    vertex 78.96334570652651 22.359175223262163 5.399999999999999
  endloop
endfacet
facet normal 3.52181285786427e-16 -1.1425913277923306e-15 1.0
  outer loop
    vertex 78.96334570652651 22.359175223262163 8.449999999999985
    vertex 77.96245263087272 23.901703167175256 8.449999999999987
    vertex 77.96245263087272 22.359175223262163 8.449999999999987
  endloop
endfacet
facet normal 3.52181285786427e-16 -1.1425913277923306e-15 1.0
  outer loop
    vertex 77.96245263087272 23.901703167175256 8.449999999999987
    vertex 78.96334570652651 22.359175223262163 8.449999999999985
    vertex 78.96334570652651 23.901703167175256 8.44999999999999
  endloop
endfacet
facet normal -1.0 0.0 0.0
  outer loop
    vertex 77.96245263087272 23.901703167175256 8.449999999999987
    vertex 77.96245263087272 22.359175223262163 5.4
    vertex 77.96245263087272 22.359175223262163 8.449999999999987
  endloop
endfacet
facet normal -1.0 0.0 0.0
  outer loop
    vertex 77.96245263087272 22.359175223262163 5.4
    vertex 77.96245263087272 23.901703167175256 8.449999999999987
    vertex 77.96245263087272 23.901703167175256 5.4
  endloop
endfacet
facet normal 0.0 -1.0 0.0
  outer loop
    vertex 78.96334570652651 22.359175223262163 8.449999999999985
    vertex 77.96245263087272 22.359175223262163 5.4
    vertex 78.96334570652651 22.359175223262163 5.399999999999999
  endloop
endfacet
facet normal 0.0 -1.0 0.0
  outer loop
    vertex 77.96245263087272 22.359175223262163 5.4
    vertex 78.96334570652651 22.359175223262163 8.449999999999985
    vertex 77.96245263087272 22.359175223262163 8.449999999999987
  endloop
endfacet
facet normal 1.0 0.0 0.0
  outer loop
    vertex 78.96334570652651 23.901703167175256 5.400000000000002
    vertex 78.96334570652651 22.359175223262163 8.449999999999985
    vertex 78.96334570652651 22.359175223262163 5.399999999999999
  endloop
endfacet
facet normal 1.0 0.0 0.0
  outer loop
    vertex 78.96334570652651 22.359175223262163 8.449999999999985
    vertex 78.96334570652651 23.901703167175256 5.400000000000002
    vertex 78.96334570652651 23.901703167175256 8.44999999999999
  endloop
endfacet
facet normal 0.0 1.0 0.0
  outer loop
    vertex 77.96245263087272 23.901703167175256 8.449999999999987
    vertex 78.96334570652651 23.901703167175256 5.400000000000002
    vertex 77.96245263087272 23.901703167175256 5.4
  endloop
endfacet
facet normal 0.0 1.0 0.0
  outer loop
    vertex 78.96334570652651 23.901703167175256 5.400000000000002
    vertex 77.96245263087272 23.901703167175256 8.449999999999987
    vertex 78.96334570652651 23.901703167175256 8.44999999999999
  endloop
endfacet
facet normal -0.716000139620041 0.6981001361295396 0.0
  outer loop
    vertex 30.542562398755276 7.77750774527522 24.500000000000004
    vertex 30.152562398755276 7.37750774527522 17.0
    vertex 30.152562398755276 7.37750774527522 24.500000000000004
  endloop
endfacet
facet normal -0.716000139620041 0.6981001361295396 0.0
  outer loop
    vertex 30.152562398755276 7.37750774527522 17.0
    vertex 30.542562398755276 7.77750774527522 24.500000000000004
    vertex 30.542562398755276 7.77750774527522 17.0
  endloop
endfacet
facet normal 0.0 0.0 1.0
  outer loop
    vertex 17.35256239875528 7.37750774527522 17.0
    vertex 30.542562398755276 7.77750774527522 17.0
    vertex 16.93256239875528 7.777507745275218 17.0
  endloop
endfacet
facet normal 0.0 0.0 1.0
  outer loop
    vertex 30.542562398755276 7.77750774527522 17.0
    vertex 17.35256239875528 7.37750774527522 17.0
    vertex 30.152562398755276 7.37750774527522 17.0
  endloop
endfacet
facet normal 0.6896551724137933 0.7241379310344825 6.843685898953517e-17
  outer loop
    vertex 16.93256239875528 7.777507745275218 24.500000000000004
    vertex 17.35256239875528 7.37750774527522 17.0
    vertex 16.93256239875528 7.777507745275218 17.0
  endloop
endfacet
facet normal 0.6896551724137933 0.7241379310344825 6.843685898953517e-17
  outer loop
    vertex 17.35256239875528 7.37750774527522 17.0
    vertex 16.93256239875528 7.777507745275218 24.500000000000004
    vertex 17.35256239875528 7.377507745275218 24.500000000000004
  endloop
endfacet
facet normal 0.0 -1.0 -1.7609064289321049e-15
  outer loop
    vertex 40.94807778784817 6.7840770336897425 13.000000000000012
    vertex 38.78867622662502 6.7840770336897425 6.0
    vertex 40.94807778784817 6.7840770336897425 6.0
  endloop
endfacet
facet normal 0.0 -1.0 -1.7609064289321049e-15
  outer loop
    vertex 38.78867622662502 6.7840770336897425 6.0
    vertex 40.94807778784817 6.7840770336897425 13.000000000000012
    vertex 38.78867622662502 6.7840770336897425 13.000000000000012
  endloop
endfacet
facet normal 5.876558301772098e-17 1.7609064289321049e-15 -1.0
  outer loop
    vertex 40.94807778784817 7.78497010934356 6.000000000000003
    vertex 38.78867622662502 6.7840770336897425 6.0
    vertex 38.78867622662502 7.78497010934356 6.000000000000002
  endloop
endfacet
facet normal 5.876558301772098e-17 1.7609064289321049e-15 -1.0
  outer loop
    vertex 38.78867622662502 6.7840770336897425 6.0
    vertex 40.94807778784817 7.78497010934356 6.000000000000003
    vertex 40.94807778784817 6.7840770336897425 6.0
  endloop
endfacet
facet normal -5.876558301772098e-17 -1.7609064289321049e-15 1.0
  outer loop
    vertex 40.94807778784817 6.7840770336897425 13.000000000000012
    vertex 38.78867622662502 7.78497010934356 13.000000000000018
    vertex 38.78867622662502 6.7840770336897425 13.000000000000012
  endloop
endfacet
facet normal -5.876558301772098e-17 -1.7609064289321049e-15 1.0
  outer loop
    vertex 38.78867622662502 7.78497010934356 13.000000000000018
    vertex 40.94807778784817 6.7840770336897425 13.000000000000012
    vertex 40.94807778784817 7.78497010934356 13.000000000000018
  endloop
endfacet
facet normal -1.0 2.2995709541299604e-31 -1.6323773060478051e-16
  outer loop
    vertex 38.78867622662502 7.78497010934356 13.000000000000018
    vertex 38.78867622662502 6.7840770336897425 6.0
    vertex 38.78867622662502 6.7840770336897425 13.000000000000012
  endloop
endfacet
facet normal -1.0 2.2995709541299604e-31 -1.6323773060478051e-16
  outer loop
    vertex 38.78867622662502 6.7840770336897425 6.0
    vertex 38.78867622662502 7.78497010934356 13.000000000000018
    vertex 38.78867622662502 7.78497010934356 6.000000000000002
  endloop
endfacet
facet normal -2.0696138587169642e-31 1.0 1.7609064289321049e-15
  outer loop
    vertex 38.78867622662502 7.78497010934356 13.000000000000018
    vertex 40.94807778784817 7.78497010934356 6.000000000000003
    vertex 38.78867622662502 7.78497010934356 6.000000000000002
  endloop
endfacet
facet normal -2.0696138587169642e-31 1.0 1.7609064289321049e-15
  outer loop
    vertex 40.94807778784817 7.78497010934356 6.000000000000003
    vertex 38.78867622662502 7.78497010934356 13.000000000000018
    vertex 40.94807778784817 7.78497010934356 13.000000000000018
  endloop
endfacet
facet normal 1.0 -3.449356431194941e-31 1.6323773060478051e-16
  outer loop
    vertex 40.94807778784817 7.78497010934356 6.000000000000003
    vertex 40.94807778784817 6.7840770336897425 13.000000000000012
    vertex 40.94807778784817 6.7840770336897425 6.0
  endloop
endfacet
facet normal 1.0 -3.449356431194941e-31 1.6323773060478051e-16
  outer loop
    vertex 40.94807778784817 6.7840770336897425 13.000000000000012
    vertex 40.94807778784817 7.78497010934356 6.000000000000003
    vertex 40.94807778784817 7.78497010934356 13.000000000000018
  endloop
endfacet
endsolid pi-midi-host-enclosure-shell
